original_step_uid,sub_step_uid,case_external_id,original_step_number,sub_step_index,sub_action_text,sub_expected_text,alignment_mode,original_mapping_status,mapped_keyword_id,mapping_confidence,mapping_notes,mapping_status,canonical_action,element_alias,android_locator_by,android_locator_value,ios_locator_by,ios_locator_value
CCU-231098-1,CCU-231098-1-S1,CCU-231098,1,1,點擊允許,進入下一步,index_aligned,manual_only,KW-ALIAS-CLICK,manual,from step splitting parser v1; prefill_v1:ui_action_click,manual_only,tap,permission_allow_button,pending,pending,pending,pending
CCU-231099-1,CCU-231099-1-S1,CCU-231099,1,1,點擊拒絕,進入下一步,index_aligned,manual_only,KW-ALIAS-CLICK,manual,from step splitting parser v1; prefill_v1:ui_action_click,manual_only,tap,permission_deny_button,pending,pending,pending,pending
CCU-231100-1,CCU-231100-1-S1,CCU-231100,1,1,點擊使用應用程式時,進入下一步,index_aligned,manual_only,KW-ALIAS-CLICK,manual,from step splitting parser v1; prefill_v1:ui_action_click,manual_only,tap,permission_allow_button,pending,pending,pending,pending
CCU-231101-1,CCU-231101-1-S1,CCU-231101,1,1,點擊僅允許這一次,進入下一步,index_aligned,manual_only,KW-ALIAS-CLICK,manual,from step splitting parser v1; prefill_v1:ui_action_click,manual_only,tap,permission_allow_button,pending,pending,pending,pending
CCU-231102-1,CCU-231102-1-S1,CCU-231102,1,1,點擊不允許,進入下一步,index_aligned,manual_only,KW-ALIAS-CLICK,manual,from step splitting parser v1; prefill_v1:ui_action_click,manual_only,tap,permission_allow_button,pending,pending,pending,pending
CCU-231103-1,CCU-231103-1-S1,CCU-231103,1,1,點擊允許,進入下一步,index_aligned,manual_only,KW-ALIAS-CLICK,manual,from step splitting parser v1; prefill_v1:ui_action_click,manual_only,tap,permission_allow_button,pending,pending,pending,pending
CCU-231104-1,CCU-231104-1-S1,CCU-231104,1,1,點擊不允許,進入下一步,index_aligned,manual_only,KW-ALIAS-CLICK,manual,from step splitting parser v1; prefill_v1:ui_action_click,manual_only,tap,permission_allow_button,pending,pending,pending,pending
CCU-231105-1,CCU-231105-1-S1,CCU-231105,1,1,查看 APP,出現隱私權政策,index_aligned,manual_only,KW-ALIAS-CHECK,manual,from step splitting parser v1; prefill_v1:ui_or_device_check,manual_only,tap,todo_alias,pending,pending,pending,pending
CCU-231106-1,CCU-231106-1-S1,CCU-231106,1,1,點擊 APP 隱私權政策 的 Privacy Policy,隱私權政策 有可以點擊的 Privacy Policy,index_aligned,manual_only,KW-ALIAS-CLICK,manual,from step splitting parser v1; prefill_v1:ui_action_click,manual_only,tap,todo_alias,pending,pending,pending,pending
CCU-231107-1,CCU-231107-1-S1,CCU-231107,1,1,查看 APP,進入隱私權政策顯示內文,index_aligned,manual_only,KW-ALIAS-CHECK,manual,from step splitting parser v1; prefill_v1:ui_or_device_check,manual_only,tap,todo_alias,pending,pending,pending,pending
CCU-231108-1,CCU-231108-1-S1,CCU-231108,1,1,查看 APP 左上角,有返回鍵,index_aligned,manual_only,KW-ALIAS-CHECK,manual,from step splitting parser v1; prefill_v1:ui_or_device_check,manual_only,navigate,back_button,pending,pending,pending,pending
CCU-231109-1,CCU-231109-1-S1,CCU-231109,1,1,查看 APP 下方是否有 AGREE 按鈕,有 AGREE 按鈕,index_aligned,manual_only,KW-ALIAS-CHECK,manual,from step splitting parser v1; prefill_v1:ui_or_device_check,manual_only,tap,agree_button,pending,pending,pending,pending
CCU-231109-1,CCU-231109-1-S2,CCU-231109,1,2,查看 APP 下方是否有 AGREE 按鈕,可以按,index_aligned,manual_only,KW-ALIAS-CHECK,manual,from step splitting parser v1; prefill_v1:ui_or_device_check,manual_only,tap,agree_button,pending,pending,pending,pending
CCU-231110-1,CCU-231110-1-S1,CCU-231110,1,1,查看 APP,出現 press bluetooth button to start connecting your,index_aligned,manual_only,KW-ALIAS-CHECK,manual,from step splitting parser v1; prefill_v1:ui_or_device_check,manual_only,tap,bluetooth_status_label,pending,pending,pending,pending
CCU-231111-1,CCU-231111-1-S1,CCU-231111,1,1,點擊面板藍牙按鈕,APP 顯示 ID,index_aligned,manual_only,KW-ALIAS-CLICK,manual,from step splitting parser v1; prefill_v1:ui_action_click,manual_only,tap,bluetooth_status_label,pending,pending,pending,pending
CCU-231112-1,CCU-231112-1-S1,CCU-231112,1,1,查看 APP,有顯示可連線的 ID,index_aligned,manual_only,KW-ALIAS-CHECK,manual,from step splitting parser v1; prefill_v1:ui_or_device_check,manual_only,tap,todo_alias,pending,pending,pending,pending
CCU-231113-1,CCU-231113-1-S1,CCU-231113,1,1,點擊 APP 上的 ID,有 ID 可以點擊,index_aligned,manual_only,KW-ALIAS-CLICK,manual,from step splitting parser v1; prefill_v1:ui_action_click,manual_only,tap,todo_alias,pending,pending,pending,pending
CCU-231114-1,CCU-231114-1-S1,CCU-231114,1,1,查看 APP,出現倒數30秒,index_aligned,manual_only,KW-ALIAS-CHECK,manual,from step splitting parser v1; prefill_v1:ui_or_device_check,manual_only,tap,todo_alias,pending,pending,pending,pending
CCU-231115-1,CCU-231115-1-S1,CCU-231115,1,1,注意聽面板提示聲音,面板提示需要按面板藍牙按鈕兩次,index_aligned,unmapped,KW-ALIAS-CHECK,manual,from step splitting parser v1; prefill_v1:ui_or_device_check,manual_only,tap,bluetooth_status_label,pending,pending,pending,pending
CCU-231116-1,CCU-231116-1-S1,CCU-231116,1,1,點擊面板藍牙按鈕兩次,藍牙按鈕可以點擊,index_aligned,manual_only,KW-ALIAS-CLICK,manual,from step splitting parser v1; prefill_v1:ui_action_click,manual_only,tap,bluetooth_status_label,pending,pending,pending,pending
CCU-231118-1,CCU-231118-1-S1,CCU-231118,1,1,輸入 Email,可以正常輸入 Email,index_aligned,manual_only,KW-ALIAS-INPUT,manual,from step splitting parser v1; prefill_v1:input_text,manual_only,input,email_field,pending,pending,pending,pending
CCU-231119-1,CCU-231119-1-S1,CCU-231119,1,1,點擊新增 Google 如引導完成,可以正常連上 Google,index_aligned,manual_only,KW-ALIAS-CLICK,manual,from step splitting parser v1; prefill_v1:ui_action_click,manual_only,tap,success_message,pending,pending,pending,pending
CCU-231119-1,CCU-231119-1-S2,CCU-231119,1,2,點擊新增 Google 如引導完成,引導成功登入,index_aligned,manual_only,KW-ALIAS-CLICK,manual,from step splitting parser v1; prefill_v1:ui_action_click,manual_only,tap,login_button,pending,pending,pending,pending
CCU-231120-1,CCU-231120-1-S1,CCU-231120,1,1,Google帳號登入後,顯示登入成功,index_aligned,unmapped,KW-ALIAS-LOGIN-FLOW,manual,from step splitting parser v1; prefill_v2:login_flow,manual_only,tap,login_button,pending,pending,pending,pending
CCU-231121-1,CCU-231121-1-S1,CCU-231121,1,1,查看 APP,進入到控制頁面,index_aligned,manual_only,KW-ALIAS-CHECK,manual,from step splitting parser v1; prefill_v1:ui_or_device_check,manual_only,tap,todo_alias,pending,pending,pending,pending
CCU-230565-1,CCU-230565-1-S1,CCU-230565,1,1,手機APP正常開啟,APP開啟正常,index_aligned,unmapped,,,from step splitting parser v1,unmapped,tap,todo_alias,pending,pending,pending,pending
CCU-230565-2,CCU-230565-2-S1,CCU-230565,2,1,,,no_expected,unmapped,,,from step splitting parser v1,unmapped,tap,todo_alias,pending,pending,pending,pending
CCU-230702-1,CCU-230702-1-S1,CCU-230702,1,1,點選合約,顯示合約頁,index_aligned,unmapped,,,from step splitting parser v1,unmapped,tap,todo_alias,pending,pending,pending,pending
CCU-230703-1,CCU-230703-1-S1,CCU-230703,1,1,點不同意,無法進入下一步,index_aligned,unmapped,,,from step splitting parser v1,unmapped,tap,agree_button,pending,pending,pending,pending
CCU-230704-1,CCU-230704-1-S1,CCU-230704,1,1,點同意,進入下一步,index_aligned,unmapped,,,from step splitting parser v1,unmapped,tap,agree_button,pending,pending,pending,pending
CCU-230705-1,CCU-230705-1-S1,CCU-230705,1,1,面板電源開啟,面板ＭＩＣ亮燈,index_aligned,unmapped,,,from step splitting parser v1,unmapped,tap,todo_alias,pending,pending,pending,pending
CCU-230566-1,CCU-230566-1-S1,CCU-230566,1,1,點擊面板藍牙按鈕,面板語音輸出ＩＤ給使用者,index_aligned,unmapped,KW-ALIAS-CLICK,manual,from step splitting parser v1; prefill_v1:ui_action_click,manual_only,tap,bluetooth_status_label,pending,pending,pending,pending
CCU-230567-1,CCU-230567-1-S1,CCU-230567,1,1,查看ＡＰＰ,APP 上面出現廣播的 ID,index_aligned,unmapped,KW-ALIAS-CHECK,manual,from step splitting parser v1; prefill_v1:ui_or_device_check,manual_only,tap,todo_alias,pending,pending,pending,pending
CCU-230568-1,CCU-230568-1-S1,CCU-230568,1,1,點擊 APP 上面的 ID,面板語音提示需要按下面板的藍牙按鈕兩下,index_aligned,unmapped,KW-ALIAS-CLICK,manual,from step splitting parser v1; prefill_v1:ui_action_click,manual_only,tap,bluetooth_status_label,pending,pending,pending,pending
CCU-230767-1,CCU-230767-1-S1,CCU-230767,1,1,寧聽面板語音,面板語音說： 目前有一部智慧型手機正在請求透過藍牙與控制面板配對,index_aligned,unmapped,KW-ALIAS-DEVICE-STATE,manual,from step splitting parser v1; prefill_v2:device_state,manual_only,tap,bluetooth_status_label,pending,pending,pending,pending
CCU-230766-1,CCU-230766-1-S1,CCU-230766,1,1,檢查面板,藍牙指示燈必須閃爍得更快,index_aligned,unmapped,KW-ALIAS-CHECK,manual,from step splitting parser v1; prefill_v1:ui_or_device_check,manual_only,assert_visible,bluetooth_status_label,pending,pending,pending,pending
CCU-230706-1,CCU-230706-1-S1,CCU-230706,1,1,查看手機,APP 出現倒數30秒,index_aligned,unmapped,KW-ALIAS-CHECK,manual,from step splitting parser v1; prefill_v1:ui_or_device_check,manual_only,tap,todo_alias,pending,pending,pending,pending
CCU-230569-1,CCU-230569-1-S1,CCU-230569,1,1,點擊面版藍牙按鈕兩下,APP 出現主頁,index_aligned,unmapped,KW-ALIAS-CLICK,manual,from step splitting parser v1; prefill_v1:ui_action_click,manual_only,tap,bluetooth_status_label,pending,pending,pending,pending
CCU-230574-1,CCU-230574-1-S1,CCU-230574,1,1,點選APP頁面的Done,APP進入主頁,index_aligned,unmapped,,,from step splitting parser v1,unmapped,tap,success_message,pending,pending,pending,pending
CCU-230570-1,CCU-230570-1-S1,CCU-230570,1,1,查看手機,APP 出現控制頁面,index_aligned,unmapped,KW-ALIAS-CHECK,manual,from step splitting parser v1; prefill_v1:ui_or_device_check,manual_only,tap,todo_alias,pending,pending,pending,pending
CCU-230575-1,CCU-230575-1-S1,CCU-230575,1,1,手機APP正長開啟,畫面成功顯示著畫面或合約頁,index_aligned,unmapped,,,from step splitting parser v1,unmapped,tap,success_message,pending,pending,pending,pending
CCU-230576-1,CCU-230576-1-S1,CCU-230576,1,1,面板電源開啟,面板ＭＩＣ亮燈,index_aligned,unmapped,,,from step splitting parser v1,unmapped,tap,todo_alias,pending,pending,pending,pending
CCU-230577-1,CCU-230577-1-S1,CCU-230577,1,1,點選面板藍牙按鈕,面板發出回應提示,index_aligned,unmapped,KW-ALIAS-BLUETOOTH,manual,from step splitting parser v1; prefill_v1:bluetooth_action,manual_only,tap,bluetooth_status_label,pending,pending,pending,pending
CCU-230580-1,CCU-230580-1-S1,CCU-230580,1,1,點選面板藍牙按鈕兩次,APP進入主頁,index_aligned,unmapped,KW-ALIAS-BLUETOOTH,manual,from step splitting parser v1; prefill_v1:bluetooth_action,manual_only,tap,bluetooth_status_label,pending,pending,pending,pending
CCU-230707-1,CCU-230707-1-S1,CCU-230707,1,1,點擊 Disconnect,返回 APP,expected_attached_to_first,unmapped,KW-ALIAS-CLICK,manual,from step splitting parser v1; prefill_v1:ui_action_click,manual_only,tap,back_button,pending,pending,pending,pending
CCU-230707-1,CCU-230707-1-S2,CCU-230707,1,2,點擊 Cancel,,expected_attached_to_first,unmapped,KW-ALIAS-CLICK,manual,from step splitting parser v1; prefill_v1:ui_action_click,manual_only,tap,cancel_button,pending,pending,pending,pending
CCU-230708-1,CCU-230708-1-S1,CCU-230708,1,1,點擊 Disconnect,APP 與面板斷線,index_aligned,unmapped,KW-ALIAS-CLICK,manual,from step splitting parser v1; prefill_v1:ui_action_click,manual_only,tap,todo_alias,pending,pending,pending,pending
CCU-230709-1,CCU-230709-1-S1,CCU-230709,1,1,APP 滑掉,APP 關閉,index_aligned,unmapped,,,from step splitting parser v1,unmapped,tap,todo_alias,pending,pending,pending,pending
CCU-230710-1,CCU-230710-1-S1,CCU-230710,1,1,APP 開啟,自動連回,index_aligned,unmapped,,,from step splitting parser v1,unmapped,tap,todo_alias,pending,pending,pending,pending
CCU-230711-1,CCU-230711-1-S1,CCU-230711,1,1,查看 APP,APP 出現控制頁面,index_aligned,manual_only,KW-ALIAS-CHECK,manual,from step splitting parser v1; prefill_v1:ui_or_device_check,manual_only,tap,todo_alias,pending,pending,pending,pending
CCU-230712-1,CCU-230712-1-S1,CCU-230712,1,1,查看 APP,手機 APP 在控制頁面,index_aligned,unmapped,KW-ALIAS-CHECK,manual,from step splitting parser v1; prefill_v1:ui_or_device_check,manual_only,tap,todo_alias,pending,pending,pending,pending
CCU-230713-1,CCU-230713-1-S1,CCU-230713,1,1,手機 APP 遠離面板,APP 斷線,index_aligned,unmapped,,,from step splitting parser v1,unmapped,tap,todo_alias,pending,pending,pending,pending
CCU-230714-1,CCU-230714-1-S1,CCU-230714,1,1,APP 回來面板附近,APP 自動連回面板,index_aligned,unmapped,,,from step splitting parser v1,unmapped,tap,todo_alias,pending,pending,pending,pending
CCU-230715-1,CCU-230715-1-S1,CCU-230715,1,1,查看 APP,APP 出現控制頁面,index_aligned,unmapped,KW-ALIAS-CHECK,manual,from step splitting parser v1; prefill_v1:ui_or_device_check,manual_only,tap,todo_alias,pending,pending,pending,pending
CCU-230716-1,CCU-230716-1-S1,CCU-230716,1,1,查看手機 APP 背景,背景確認有執行 APP,index_aligned,unmapped,KW-ALIAS-CHECK,manual,from step splitting parser v1; prefill_v1:ui_or_device_check,manual_only,assert_visible,confirm_button,pending,pending,pending,pending
CCU-230717-1,CCU-230717-1-S1,CCU-230717,1,1,手機 APP 遠離面板,APP 斷線,index_aligned,unmapped,,,from step splitting parser v1,unmapped,tap,todo_alias,pending,pending,pending,pending
CCU-230718-1,CCU-230718-1-S1,CCU-230718,1,1,APP 回來面板附近（將背景 APP 變回使用中）,APP 自動連回面板,index_aligned,unmapped,,,from step splitting parser v1,unmapped,tap,todo_alias,pending,pending,pending,pending
CCU-230720-1,CCU-230720-1-S1,CCU-230720,1,1,查看 APP,APP 出現控制頁面,index_aligned,unmapped,KW-ALIAS-CHECK,manual,from step splitting parser v1; prefill_v1:ui_or_device_check,manual_only,tap,todo_alias,pending,pending,pending,pending
CCU-230721-1,CCU-230721-1-S1,CCU-230721,1,1,APP 滑掉,APP 關閉,index_aligned,unmapped,,,from step splitting parser v1,unmapped,tap,todo_alias,pending,pending,pending,pending
CCU-230722-1,CCU-230722-1-S1,CCU-230722,1,1,APP 開啟,自動連回,index_aligned,unmapped,,,from step splitting parser v1,unmapped,tap,todo_alias,pending,pending,pending,pending
CCU-230723-1,CCU-230723-1-S1,CCU-230723,1,1,查看 APP,原面板為開機無法連回,index_aligned,unmapped,KW-ALIAS-CHECK,manual,from step splitting parser v1; prefill_v1:ui_or_device_check,manual_only,tap,todo_alias,pending,pending,pending,pending
CCU-230724-1,CCU-230724-1-S1,CCU-230724,1,1,APP 顯示其他有在廣播的面板,APP 出現其他可點選的 ID,index_aligned,unmapped,,,from step splitting parser v1,unmapped,tap,todo_alias,pending,pending,pending,pending
CCU-230725-1,CCU-230725-1-S1,CCU-230725,1,1,查看ＡＰＰ,APP 上面出現廣播的 ID,index_aligned,unmapped,KW-ALIAS-CHECK,manual,from step splitting parser v1; prefill_v1:ui_or_device_check,manual_only,tap,todo_alias,pending,pending,pending,pending
CCU-230726-1,CCU-230726-1-S1,CCU-230726,1,1,點擊 APP 上面的 ID,面板語音提示需要按下面板的藍牙按鈕兩下,index_aligned,unmapped,KW-ALIAS-CLICK,manual,from step splitting parser v1; prefill_v1:ui_action_click,manual_only,tap,bluetooth_status_label,pending,pending,pending,pending
CCU-230768-1,CCU-230768-1-S1,CCU-230768,1,1,寧聽面板語音,面板語音說： 目前有一部智慧型手機正在請求透過藍牙與控制面板配對,index_aligned,unmapped,KW-ALIAS-DEVICE-STATE,manual,from step splitting parser v1; prefill_v2:device_state,manual_only,tap,bluetooth_status_label,pending,pending,pending,pending
CCU-230769-1,CCU-230769-1-S1,CCU-230769,1,1,檢查面板,藍牙指示燈必須閃爍得更快,index_aligned,unmapped,KW-ALIAS-CHECK,manual,from step splitting parser v1; prefill_v1:ui_or_device_check,manual_only,assert_visible,bluetooth_status_label,pending,pending,pending,pending
CCU-230727-1,CCU-230727-1-S1,CCU-230727,1,1,查看手機,APP 出現倒數30秒,index_aligned,unmapped,KW-ALIAS-CHECK,manual,from step splitting parser v1; prefill_v1:ui_or_device_check,manual_only,tap,todo_alias,pending,pending,pending,pending
CCU-230770-1,CCU-230770-1-S1,CCU-230770,1,1,點擊面版藍牙按鈕兩下,APP 出現主頁,index_aligned,unmapped,KW-ALIAS-CLICK,manual,from step splitting parser v1; prefill_v1:ui_action_click,manual_only,tap,bluetooth_status_label,pending,pending,pending,pending
CCU-230729-1,CCU-230729-1-S1,CCU-230729,1,1,點選APP頁面的Done,APP進入主頁,index_aligned,unmapped,,,from step splitting parser v1,unmapped,tap,success_message,pending,pending,pending,pending
CCU-230730-1,CCU-230730-1-S1,CCU-230730,1,1,查看手機,APP 出現控制頁面,index_aligned,unmapped,KW-ALIAS-CHECK,manual,from step splitting parser v1; prefill_v1:ui_or_device_check,manual_only,tap,todo_alias,pending,pending,pending,pending
CCU-230735-1,CCU-230735-1-S1,CCU-230735,1,1,查看手機,APP 出現控制頁面,index_aligned,unmapped,KW-ALIAS-CHECK,manual,from step splitting parser v1; prefill_v1:ui_or_device_check,manual_only,tap,todo_alias,pending,pending,pending,pending
CCU-230731-1,CCU-230731-1-S1,CCU-230731,1,1,點選面板藍牙按鈕10秒,APP 斷線,index_aligned,unmapped,KW-ALIAS-BLUETOOTH,manual,from step splitting parser v1; prefill_v1:bluetooth_action,manual_only,tap,bluetooth_status_label,pending,pending,pending,pending
CCU-230736-1,CCU-230736-1-S1,CCU-230736,1,1,查看手機,APP 出現控制頁面,index_aligned,unmapped,KW-ALIAS-CHECK,manual,from step splitting parser v1; prefill_v1:ui_or_device_check,manual_only,tap,todo_alias,pending,pending,pending,pending
CCU-230732-1,CCU-230732-1-S1,CCU-230732,1,1,點選面板藍牙按鈕10秒,重置面板,index_aligned,unmapped,KW-ALIAS-BLUETOOTH,manual,from step splitting parser v1; prefill_v1:bluetooth_action,manual_only,tap,bluetooth_status_label,pending,pending,pending,pending
CCU-230737-1,CCU-230737-1-S1,CCU-230737,1,1,查看手機,APP 出現控制頁面,index_aligned,unmapped,KW-ALIAS-CHECK,manual,from step splitting parser v1; prefill_v1:ui_or_device_check,manual_only,tap,todo_alias,pending,pending,pending,pending
CCU-230733-1,CCU-230733-1-S1,CCU-230733,1,1,點選面板藍牙按鈕10秒,pin密碼重置,index_aligned,unmapped,KW-ALIAS-BLUETOOTH,manual,from step splitting parser v1; prefill_v1:bluetooth_action,manual_only,tap,password_field,pending,pending,pending,pending
CCU-230738-1,CCU-230738-1-S1,CCU-230738,1,1,查看手機,APP 出現控制頁面,index_aligned,unmapped,KW-ALIAS-CHECK,manual,from step splitting parser v1; prefill_v1:ui_or_device_check,manual_only,tap,todo_alias,pending,pending,pending,pending
CCU-230734-1,CCU-230734-1-S1,CCU-230734,1,1,點選面板藍牙按鈕10秒,面板上的藍牙會關閉廣播,index_aligned,unmapped,KW-ALIAS-BLUETOOTH,manual,from step splitting parser v1; prefill_v1:bluetooth_action,manual_only,tap,bluetooth_status_label,pending,pending,pending,pending
CCU-230739-1,CCU-230739-1-S1,CCU-230739,1,1,查看手機,APP 出現控制頁面,index_aligned,unmapped,KW-ALIAS-CHECK,manual,from step splitting parser v1; prefill_v1:ui_or_device_check,manual_only,tap,todo_alias,pending,pending,pending,pending
CCU-230740-1,CCU-230740-1-S1,CCU-230740,1,1,將 APP 滑掉,APP 關閉,index_aligned,unmapped,,,from step splitting parser v1,unmapped,tap,todo_alias,pending,pending,pending,pending
CCU-230741-1,CCU-230741-1-S1,CCU-230741,1,1,等待面板藍牙燈號,藍牙燈號變為白燈,index_aligned,unmapped,KW-ALIAS-WAIT,manual,from step splitting parser v1; prefill_v1:wait_or_timing,manual_only,wait,bluetooth_status_label,pending,pending,pending,pending
CCU-230742-1,CCU-230742-1-S1,CCU-230742,1,1,點選面板藍牙按鈕10秒,重置面板,index_aligned,unmapped,KW-ALIAS-BLUETOOTH,manual,from step splitting parser v1; prefill_v1:bluetooth_action,manual_only,tap,bluetooth_status_label,pending,pending,pending,pending
CCU-230760-1,CCU-230760-1-S1,CCU-230760,1,1,查看手機,APP 出現控制頁面,index_aligned,unmapped,KW-ALIAS-CHECK,manual,from step splitting parser v1; prefill_v1:ui_or_device_check,manual_only,tap,todo_alias,pending,pending,pending,pending
CCU-230761-1,CCU-230761-1-S1,CCU-230761,1,1,設定使用馬達的密碼,設定好馬達密碼,index_aligned,unmapped,KW-ALIAS-SET,manual,from step splitting parser v1; prefill_v1:set_or_select,manual_only,tap,password_field,pending,pending,pending,pending
CCU-230762-1,CCU-230762-1-S1,CCU-230762,1,1,點選任意馬達,跳出需要輸入密碼,index_aligned,unmapped,,,from step splitting parser v1,unmapped,input,password_field,pending,pending,pending,pending
CCU-230763-1,CCU-230763-1-S1,CCU-230763,1,1,點選 i forgot my password,顯示提示按面板藍牙按鈕 3 秒,index_aligned,unmapped,KW-ALIAS-LOGIN-FLOW,manual,from step splitting parser v1; prefill_v2:login_flow,manual_only,tap,login_button,pending,pending,pending,pending
CCU-230763-2,CCU-230763-2-S1,CCU-230763,2,1,,,no_expected,unmapped,,,from step splitting parser v1,unmapped,tap,todo_alias,pending,pending,pending,pending
CCU-230764-1,CCU-230764-1-S1,CCU-230764,1,1,點擊面板藍牙按鈕 3 秒,APP 顯示請使用新密碼解鎖,index_aligned,unmapped,KW-ALIAS-CLICK,manual,from step splitting parser v1; prefill_v1:ui_action_click,manual_only,tap,password_field,pending,pending,pending,pending
CCU-230765-1,CCU-230765-1-S1,CCU-230765,1,1,使用新密碼,馬達可使用,index_aligned,unmapped,KW-ALIAS-LOGIN-FLOW,manual,from step splitting parser v1; prefill_v2:login_flow,manual_only,tap,password_field,pending,pending,pending,pending
CCU-230747-1,CCU-230747-1-S1,CCU-230747,1,1,查看手機,APP 出現控制頁面,index_aligned,unmapped,KW-ALIAS-CHECK,manual,from step splitting parser v1; prefill_v1:ui_or_device_check,manual_only,tap,todo_alias,pending,pending,pending,pending
CCU-230748-1,CCU-230748-1-S1,CCU-230748,1,1,藍牙配對成功 將名稱改名為 年份版本（例如：2026CW06C),名稱更改成功,index_aligned,unmapped,KW-ALIAS-BLUETOOTH,manual,from step splitting parser v1; prefill_v1:bluetooth_action,manual_only,tap,bluetooth_status_label,pending,pending,pending,pending
CCU-230749-1,CCU-230749-1-S1,CCU-230749,1,1,在藍牙模式下點擊 Disconnect 斷線,藍牙模式斷線,index_aligned,unmapped,KW-ALIAS-BLUETOOTH,manual,from step splitting parser v1; prefill_v1:bluetooth_action,manual_only,tap,bluetooth_status_label,pending,pending,pending,pending
CCU-230750-1,CCU-230750-1-S1,CCU-230750,1,1,APP 連接模式選擇 Remote 連接,出現年份版本的名稱,index_aligned,unmapped,,,from step splitting parser v1,unmapped,tap,todo_alias,pending,pending,pending,pending
CCU-230751-1,CCU-230751-1-S1,CCU-230751,1,1,點擊 Settings,進入Settings 頁面,index_aligned,unmapped,KW-ALIAS-CLICK,manual,from step splitting parser v1; prefill_v1:ui_action_click,manual_only,tap,settings_button,pending,pending,pending,pending
CCU-230752-1,CCU-230752-1-S1,CCU-230752,1,1,點擊 Forget RV Panel,Remote 斷線,index_aligned,unmapped,KW-ALIAS-CLICK,manual,from step splitting parser v1; prefill_v1:ui_action_click,manual_only,tap,todo_alias,pending,pending,pending,pending
CCU-230859-1,CCU-230859-1-S1,CCU-230859,1,1,面板電源開啟,面板ＭＩＣ亮燈,index_aligned,unmapped,,,from step splitting parser v1,unmapped,tap,todo_alias,pending,pending,pending,pending
CCU-230860-1,CCU-230860-1-S1,CCU-230860,1,1,點擊面板藍牙按鈕,面板語音輸出ＩＤ給使用者,index_aligned,unmapped,KW-ALIAS-CLICK,manual,from step splitting parser v1; prefill_v1:ui_action_click,manual_only,tap,bluetooth_status_label,pending,pending,pending,pending
CCU-230862-1,CCU-230862-1-S1,CCU-230862,1,1,查看ＡＰＰ,APP 上面出現廣播的 ID,index_aligned,unmapped,KW-ALIAS-CHECK,manual,from step splitting parser v1; prefill_v1:ui_or_device_check,manual_only,tap,todo_alias,pending,pending,pending,pending
CCU-230863-1,CCU-230863-1-S1,CCU-230863,1,1,點擊 APP 上面的 ID,面板語音提示需要按下面板的藍牙按鈕兩下,index_aligned,unmapped,KW-ALIAS-CLICK,manual,from step splitting parser v1; prefill_v1:ui_action_click,manual_only,tap,bluetooth_status_label,pending,pending,pending,pending
CCU-230864-1,CCU-230864-1-S1,CCU-230864,1,1,寧聽面板語音,面板語音說： 目前有一部智慧型手機正在請求透過藍牙與控制面板配對,index_aligned,unmapped,KW-ALIAS-DEVICE-STATE,manual,from step splitting parser v1; prefill_v2:device_state,manual_only,tap,bluetooth_status_label,pending,pending,pending,pending
CCU-230865-1,CCU-230865-1-S1,CCU-230865,1,1,檢查面板,藍牙指示燈必須閃爍得更快,index_aligned,unmapped,KW-ALIAS-CHECK,manual,from step splitting parser v1; prefill_v1:ui_or_device_check,manual_only,assert_visible,bluetooth_status_label,pending,pending,pending,pending
CCU-230866-1,CCU-230866-1-S1,CCU-230866,1,1,查看手機,APP 出現倒數30秒,index_aligned,unmapped,KW-ALIAS-CHECK,manual,from step splitting parser v1; prefill_v1:ui_or_device_check,manual_only,tap,todo_alias,pending,pending,pending,pending
CCU-230867-1,CCU-230867-1-S1,CCU-230867,1,1,查看手機,等待30秒過時,index_aligned,unmapped,KW-ALIAS-CHECK,manual,from step splitting parser v1; prefill_v1:ui_or_device_check,manual_only,wait,todo_alias,pending,pending,pending,pending
CCU-230868-1,CCU-230868-1-S1,CCU-230868,1,1,查看手機,返回 APP 出現廣播 ID 的畫面,index_aligned,unmapped,KW-ALIAS-CHECK,manual,from step splitting parser v1; prefill_v1:ui_or_device_check,manual_only,navigate,back_button,pending,pending,pending,pending
CCU-230756-1,CCU-230756-1-S1,CCU-230756,1,1,查看手機,APP 出現控制頁面,index_aligned,unmapped,KW-ALIAS-CHECK,manual,from step splitting parser v1; prefill_v1:ui_or_device_check,manual_only,tap,todo_alias,pending,pending,pending,pending
CCU-230759-1,CCU-230759-1-S1,CCU-230759,1,1,APP 滑掉,APP 關閉,index_aligned,unmapped,,,from step splitting parser v1,unmapped,tap,todo_alias,pending,pending,pending,pending
CCU-230753-1,CCU-230753-1-S1,CCU-230753,1,1,長按面板藍牙按鈕 10 秒,Android 重置,index_aligned,unmapped,KW-ALIAS-CLICK,manual,from step splitting parser v1; prefill_v1:ui_action_click,manual_only,tap,bluetooth_status_label,pending,pending,pending,pending
CCU-230757-1,CCU-230757-1-S1,CCU-230757,1,1,查看手機,APP 出現控制頁面,index_aligned,unmapped,KW-ALIAS-CHECK,manual,from step splitting parser v1; prefill_v1:ui_or_device_check,manual_only,tap,todo_alias,pending,pending,pending,pending
CCU-230754-1,CCU-230754-1-S1,CCU-230754,1,1,長按面板藍牙按鈕 10 秒,iOS 斷線,index_aligned,unmapped,KW-ALIAS-CLICK,manual,from step splitting parser v1; prefill_v1:ui_action_click,manual_only,tap,bluetooth_status_label,pending,pending,pending,pending
CCU-230758-1,CCU-230758-1-S1,CCU-230758,1,1,查看手機,APP 出現控制頁面,index_aligned,unmapped,KW-ALIAS-CHECK,manual,from step splitting parser v1; prefill_v1:ui_or_device_check,manual_only,tap,todo_alias,pending,pending,pending,pending
CCU-230755-1,CCU-230755-1-S1,CCU-230755,1,1,長按面板藍牙按鈕 10 秒,iOS 重置,index_aligned,unmapped,KW-ALIAS-CLICK,manual,from step splitting parser v1; prefill_v1:ui_action_click,manual_only,tap,bluetooth_status_label,pending,pending,pending,pending
CCU-119-1,CCU-119-1-S1,CCU-119,1,1,開啟 RV 控制 App (iOS 或 Android)。,App 應在合理時間內成功連接至 RV 系統,index_aligned,unmapped,KW-ALIAS-OPEN,manual,from step splitting parser v1; prefill_v1:open_or_enable,manual_only,tap,success_message,pending,pending,pending,pending
CCU-119-1,CCU-119-1-S2,CCU-119,1,2,開啟 RV 控制 App (iOS 或 Android)。,App 主介面應正確顯示，無明顯錯誤或崩潰,index_aligned,unmapped,KW-ALIAS-OPEN,manual,from step splitting parser v1; prefill_v1:open_or_enable,manual_only,tap,error_message,pending,pending,pending,pending
CCU-119-1,CCU-119-1-S3,CCU-119,1,3,開啟 RV 控制 App (iOS 或 Android)。,應能看到 RV 系統的基本狀態 (例如連線成功圖示),index_aligned,unmapped,KW-ALIAS-OPEN,manual,from step splitting parser v1; prefill_v1:open_or_enable,manual_only,tap,success_message,pending,pending,pending,pending
CCU-119-2,CCU-119-2-S1,CCU-119,2,1,觀察 App 是否能成功連接到 RV 系統。,App 應在合理時間內成功連接至 RV 系統,index_aligned,manual_only,KW-ALIAS-CHECK,manual,from step splitting parser v1; prefill_v1:ui_or_device_check,manual_only,tap,success_message,pending,pending,pending,pending
CCU-119-2,CCU-119-2-S2,CCU-119,2,2,觀察 App 是否能成功連接到 RV 系統。,App 主介面應正確顯示，無明顯錯誤或崩潰,index_aligned,manual_only,KW-ALIAS-CHECK,manual,from step splitting parser v1; prefill_v1:ui_or_device_check,manual_only,tap,error_message,pending,pending,pending,pending
CCU-119-2,CCU-119-2-S3,CCU-119,2,3,觀察 App 是否能成功連接到 RV 系統。,應能看到 RV 系統的基本狀態 (例如連線成功圖示),index_aligned,manual_only,KW-ALIAS-CHECK,manual,from step splitting parser v1; prefill_v1:ui_or_device_check,manual_only,tap,success_message,pending,pending,pending,pending
CCU-119-3,CCU-119-3-S1,CCU-119,3,1,檢查 App 主介面是否正常載入,App 應在合理時間內成功連接至 RV 系統,index_aligned,manual_only,KW-ALIAS-CHECK,manual,from step splitting parser v1; prefill_v1:ui_or_device_check,manual_only,assert_visible,success_message,pending,pending,pending,pending
CCU-119-3,CCU-119-3-S2,CCU-119,3,2,顯示基本控制項或狀態資訊,App 主介面應正確顯示，無明顯錯誤或崩潰,index_aligned,manual_only,,,from step splitting parser v1,unmapped,tap,error_message,pending,pending,pending,pending
CCU-119-3,CCU-119-3-S3,CCU-119,3,3,顯示基本控制項或狀態資訊,應能看到 RV 系統的基本狀態 (例如連線成功圖示),index_aligned,manual_only,,,from step splitting parser v1,unmapped,tap,success_message,pending,pending,pending,pending
CCU-120-1,CCU-120-1-S1,CCU-120,1,1,透過 App 導航至主燈控制項。,主燈應能被 App 成功開啟和關閉,index_aligned,unmapped,,,from step splitting parser v1,unmapped,tap,success_message,pending,pending,pending,pending
CCU-120-1,CCU-120-1-S2,CCU-120,1,2,透過 App 導航至主燈控制項。,App 上的燈光狀態應與實際狀態一致,index_aligned,unmapped,,,from step splitting parser v1,unmapped,tap,todo_alias,pending,pending,pending,pending
CCU-120-1,CCU-120-1-S3,CCU-120,1,3,透過 App 導航至主燈控制項。,操作反應應及時,index_aligned,unmapped,,,from step splitting parser v1,unmapped,tap,todo_alias,pending,pending,pending,pending
CCU-120-2,CCU-120-2-S1,CCU-120,2,1,點擊「開啟」主燈。,主燈應能被 App 成功開啟和關閉,index_aligned,manual_only,KW-ALIAS-CLICK,manual,from step splitting parser v1; prefill_v1:ui_action_click,manual_only,tap,success_message,pending,pending,pending,pending
CCU-120-2,CCU-120-2-S2,CCU-120,2,2,點擊「開啟」主燈。,App 上的燈光狀態應與實際狀態一致,index_aligned,manual_only,KW-ALIAS-CLICK,manual,from step splitting parser v1; prefill_v1:ui_action_click,manual_only,tap,todo_alias,pending,pending,pending,pending
CCU-120-2,CCU-120-2-S3,CCU-120,2,3,點擊「開啟」主燈。,操作反應應及時,index_aligned,manual_only,KW-ALIAS-CLICK,manual,from step splitting parser v1; prefill_v1:ui_action_click,manual_only,tap,todo_alias,pending,pending,pending,pending
CCU-120-3,CCU-120-3-S1,CCU-120,3,1,觀察主燈實際是否亮起，及 App 狀態是否更新。,主燈應能被 App 成功開啟和關閉,index_aligned,manual_only,KW-ALIAS-CHECK,manual,from step splitting parser v1; prefill_v1:ui_or_device_check,manual_only,tap,success_message,pending,pending,pending,pending
CCU-120-3,CCU-120-3-S2,CCU-120,3,2,觀察主燈實際是否亮起，及 App 狀態是否更新。,App 上的燈光狀態應與實際狀態一致,index_aligned,manual_only,KW-ALIAS-CHECK,manual,from step splitting parser v1; prefill_v1:ui_or_device_check,manual_only,tap,todo_alias,pending,pending,pending,pending
CCU-120-3,CCU-120-3-S3,CCU-120,3,3,觀察主燈實際是否亮起，及 App 狀態是否更新。,操作反應應及時,index_aligned,manual_only,KW-ALIAS-CHECK,manual,from step splitting parser v1; prefill_v1:ui_or_device_check,manual_only,tap,todo_alias,pending,pending,pending,pending
CCU-120-4,CCU-120-4-S1,CCU-120,4,1,點擊「關閉」主燈。,主燈應能被 App 成功開啟和關閉,index_aligned,manual_only,KW-ALIAS-CLICK,manual,from step splitting parser v1; prefill_v1:ui_action_click,manual_only,tap,success_message,pending,pending,pending,pending
CCU-120-4,CCU-120-4-S2,CCU-120,4,2,點擊「關閉」主燈。,App 上的燈光狀態應與實際狀態一致,index_aligned,manual_only,KW-ALIAS-CLICK,manual,from step splitting parser v1; prefill_v1:ui_action_click,manual_only,tap,todo_alias,pending,pending,pending,pending
CCU-120-4,CCU-120-4-S3,CCU-120,4,3,點擊「關閉」主燈。,操作反應應及時,index_aligned,manual_only,KW-ALIAS-CLICK,manual,from step splitting parser v1; prefill_v1:ui_action_click,manual_only,tap,todo_alias,pending,pending,pending,pending
CCU-120-5,CCU-120-5-S1,CCU-120,5,1,觀察主燈實際是否熄滅，及 App 狀態是否更新。,主燈應能被 App 成功開啟和關閉,index_aligned,manual_only,KW-ALIAS-CHECK,manual,from step splitting parser v1; prefill_v1:ui_or_device_check,manual_only,tap,success_message,pending,pending,pending,pending
CCU-120-5,CCU-120-5-S2,CCU-120,5,2,觀察主燈實際是否熄滅，及 App 狀態是否更新。,App 上的燈光狀態應與實際狀態一致,index_aligned,manual_only,KW-ALIAS-CHECK,manual,from step splitting parser v1; prefill_v1:ui_or_device_check,manual_only,tap,todo_alias,pending,pending,pending,pending
CCU-120-5,CCU-120-5-S3,CCU-120,5,3,觀察主燈實際是否熄滅，及 App 狀態是否更新。,操作反應應及時,index_aligned,manual_only,KW-ALIAS-CHECK,manual,from step splitting parser v1; prefill_v1:ui_or_device_check,manual_only,tap,todo_alias,pending,pending,pending,pending
CCU-121-1,CCU-121-1-S1,CCU-121,1,1,透過 App 導航至延伸車架控制。,延伸車架電機應能響應 App 的短時展開和收回指令,index_aligned,unmapped,,,from step splitting parser v1,unmapped,tap,todo_alias,pending,pending,pending,pending
CCU-121-1,CCU-121-1-S2,CCU-121,1,2,透過 App 導航至延伸車架控制。,有相應動作,index_aligned,unmapped,,,from step splitting parser v1,unmapped,tap,todo_alias,pending,pending,pending,pending
CCU-121-1,CCU-121-1-S3,CCU-121,1,3,透過 App 導航至延伸車架控制。,App 應能發出停止指令使電機停止,index_aligned,unmapped,,,from step splitting parser v1,unmapped,tap,todo_alias,pending,pending,pending,pending
CCU-121-2,CCU-121-2-S1,CCU-121,2,1,短暫點擊 (例如1-2秒後立即停止)「展開」按鈕。,延伸車架電機應能響應 App 的短時展開和收回指令,index_aligned,unmapped,,,from step splitting parser v1,unmapped,tap,todo_alias,pending,pending,pending,pending
CCU-121-2,CCU-121-2-S2,CCU-121,2,2,短暫點擊 (例如1-2秒後立即停止)「展開」按鈕。,有相應動作,index_aligned,unmapped,,,from step splitting parser v1,unmapped,tap,todo_alias,pending,pending,pending,pending
CCU-121-2,CCU-121-2-S3,CCU-121,2,3,短暫點擊 (例如1-2秒後立即停止)「展開」按鈕。,App 應能發出停止指令使電機停止,index_aligned,unmapped,,,from step splitting parser v1,unmapped,tap,todo_alias,pending,pending,pending,pending
CCU-121-3,CCU-121-3-S1,CCU-121,3,1,觀察延伸車架電機是否啟動,延伸車架電機應能響應 App 的短時展開和收回指令,index_aligned,manual_only,KW-ALIAS-CHECK,manual,from step splitting parser v1; prefill_v1:ui_or_device_check,manual_only,tap,todo_alias,pending,pending,pending,pending
CCU-121-3,CCU-121-3-S2,CCU-121,3,2,有輕微移動,有相應動作,index_aligned,manual_only,,,from step splitting parser v1,unmapped,tap,todo_alias,pending,pending,pending,pending
CCU-121-3,CCU-121-3-S3,CCU-121,3,3,有輕微移動,App 應能發出停止指令使電機停止,index_aligned,manual_only,,,from step splitting parser v1,unmapped,tap,todo_alias,pending,pending,pending,pending
CCU-121-4,CCU-121-4-S1,CCU-121,4,1,短暫點擊「收回」按鈕。,延伸車架電機應能響應 App 的短時展開和收回指令,index_aligned,unmapped,,,from step splitting parser v1,unmapped,tap,todo_alias,pending,pending,pending,pending
CCU-121-4,CCU-121-4-S2,CCU-121,4,2,短暫點擊「收回」按鈕。,有相應動作,index_aligned,unmapped,,,from step splitting parser v1,unmapped,tap,todo_alias,pending,pending,pending,pending
CCU-121-4,CCU-121-4-S3,CCU-121,4,3,短暫點擊「收回」按鈕。,App 應能發出停止指令使電機停止,index_aligned,unmapped,,,from step splitting parser v1,unmapped,tap,todo_alias,pending,pending,pending,pending
CCU-121-5,CCU-121-5-S1,CCU-121,5,1,觀察延伸車架電機是否反向啟動,延伸車架電機應能響應 App 的短時展開和收回指令,index_aligned,manual_only,KW-ALIAS-CHECK,manual,from step splitting parser v1; prefill_v1:ui_or_device_check,manual_only,tap,todo_alias,pending,pending,pending,pending
CCU-121-5,CCU-121-5-S2,CCU-121,5,2,有輕微移動,有相應動作,index_aligned,manual_only,,,from step splitting parser v1,unmapped,tap,todo_alias,pending,pending,pending,pending
CCU-121-5,CCU-121-5-S3,CCU-121,5,3,有輕微移動,App 應能發出停止指令使電機停止,index_aligned,manual_only,,,from step splitting parser v1,unmapped,tap,todo_alias,pending,pending,pending,pending
CCU-122-1,CCU-122-1-S1,CCU-122,1,1,透過 App 導航至延伸車架控制。,延伸車架電機應能響應 App 的短時展開和收回指令,index_aligned,unmapped,,,from step splitting parser v1,unmapped,tap,todo_alias,pending,pending,pending,pending
CCU-122-1,CCU-122-1-S2,CCU-122,1,2,透過 App 導航至延伸車架控制。,有相應動作,index_aligned,unmapped,,,from step splitting parser v1,unmapped,tap,todo_alias,pending,pending,pending,pending
CCU-122-1,CCU-122-1-S3,CCU-122,1,3,透過 App 導航至延伸車架控制。,App 應能發出停止指令使電機停止,index_aligned,unmapped,,,from step splitting parser v1,unmapped,tap,todo_alias,pending,pending,pending,pending
CCU-122-2,CCU-122-2-S1,CCU-122,2,1,短暫點擊 (例如1-2秒後立即停止)「展開」按鈕。,延伸車架電機應能響應 App 的短時展開和收回指令,index_aligned,unmapped,,,from step splitting parser v1,unmapped,tap,todo_alias,pending,pending,pending,pending
CCU-122-2,CCU-122-2-S2,CCU-122,2,2,短暫點擊 (例如1-2秒後立即停止)「展開」按鈕。,有相應動作,index_aligned,unmapped,,,from step splitting parser v1,unmapped,tap,todo_alias,pending,pending,pending,pending
CCU-122-2,CCU-122-2-S3,CCU-122,2,3,短暫點擊 (例如1-2秒後立即停止)「展開」按鈕。,App 應能發出停止指令使電機停止,index_aligned,unmapped,,,from step splitting parser v1,unmapped,tap,todo_alias,pending,pending,pending,pending
CCU-122-3,CCU-122-3-S1,CCU-122,3,1,觀察延伸車架電機是否啟動,延伸車架電機應能響應 App 的短時展開和收回指令,index_aligned,manual_only,KW-ALIAS-CHECK,manual,from step splitting parser v1; prefill_v1:ui_or_device_check,manual_only,tap,todo_alias,pending,pending,pending,pending
CCU-122-3,CCU-122-3-S2,CCU-122,3,2,有輕微移動,有相應動作,index_aligned,manual_only,,,from step splitting parser v1,unmapped,tap,todo_alias,pending,pending,pending,pending
CCU-122-3,CCU-122-3-S3,CCU-122,3,3,有輕微移動,App 應能發出停止指令使電機停止,index_aligned,manual_only,,,from step splitting parser v1,unmapped,tap,todo_alias,pending,pending,pending,pending
CCU-122-4,CCU-122-4-S1,CCU-122,4,1,短暫點擊「收回」按鈕。,延伸車架電機應能響應 App 的短時展開和收回指令,index_aligned,unmapped,,,from step splitting parser v1,unmapped,tap,todo_alias,pending,pending,pending,pending
CCU-122-4,CCU-122-4-S2,CCU-122,4,2,短暫點擊「收回」按鈕。,有相應動作,index_aligned,unmapped,,,from step splitting parser v1,unmapped,tap,todo_alias,pending,pending,pending,pending
CCU-122-4,CCU-122-4-S3,CCU-122,4,3,短暫點擊「收回」按鈕。,App 應能發出停止指令使電機停止,index_aligned,unmapped,,,from step splitting parser v1,unmapped,tap,todo_alias,pending,pending,pending,pending
CCU-122-5,CCU-122-5-S1,CCU-122,5,1,觀察延伸車架電機是否反向啟動,延伸車架電機應能響應 App 的短時展開和收回指令,index_aligned,manual_only,KW-ALIAS-CHECK,manual,from step splitting parser v1; prefill_v1:ui_or_device_check,manual_only,tap,todo_alias,pending,pending,pending,pending
CCU-122-5,CCU-122-5-S2,CCU-122,5,2,有輕微移動,有相應動作,index_aligned,manual_only,,,from step splitting parser v1,unmapped,tap,todo_alias,pending,pending,pending,pending
CCU-122-5,CCU-122-5-S3,CCU-122,5,3,有輕微移動,App 應能發出停止指令使電機停止,index_aligned,manual_only,,,from step splitting parser v1,unmapped,tap,todo_alias,pending,pending,pending,pending
CCU-231033-1,CCU-231033-1-S1,CCU-231033,1,1,透過 App 導航至延伸車架控制。,延伸車架電機應能響應 App 的短時展開和收回指令,index_aligned,unmapped,,,from step splitting parser v1,unmapped,tap,todo_alias,pending,pending,pending,pending
CCU-231033-1,CCU-231033-1-S2,CCU-231033,1,2,透過 App 導航至延伸車架控制。,有相應動作,index_aligned,unmapped,,,from step splitting parser v1,unmapped,tap,todo_alias,pending,pending,pending,pending
CCU-231033-1,CCU-231033-1-S3,CCU-231033,1,3,透過 App 導航至延伸車架控制。,App 應能發出停止指令使電機停止,index_aligned,unmapped,,,from step splitting parser v1,unmapped,tap,todo_alias,pending,pending,pending,pending
CCU-231033-2,CCU-231033-2-S1,CCU-231033,2,1,長壓點擊 (例如3-5秒放開 立即停止)「展開」按鈕。,延伸車架電機應能響應 App 的長時展開和收回指令,index_aligned,unmapped,KW-ALIAS-CLICK,manual,from step splitting parser v1; prefill_v1:ui_action_click,manual_only,tap,todo_alias,pending,pending,pending,pending
CCU-231033-2,CCU-231033-2-S2,CCU-231033,2,2,長壓點擊 (例如3-5秒放開 立即停止)「展開」按鈕。,有相應動作,index_aligned,unmapped,KW-ALIAS-CLICK,manual,from step splitting parser v1; prefill_v1:ui_action_click,manual_only,tap,todo_alias,pending,pending,pending,pending
CCU-231033-2,CCU-231033-2-S3,CCU-231033,2,3,長壓點擊 (例如3-5秒放開 立即停止)「展開」按鈕。,App 應能放開後發出停止指令使電機停止,index_aligned,unmapped,KW-ALIAS-CLICK,manual,from step splitting parser v1; prefill_v1:ui_action_click,manual_only,tap,todo_alias,pending,pending,pending,pending
CCU-231033-3,CCU-231033-3-S1,CCU-231033,3,1,觀察延伸車架電機是否啟動,延伸車架電機應能響應 App 的長時展開和收回指令,index_aligned,manual_only,KW-ALIAS-CHECK,manual,from step splitting parser v1; prefill_v1:ui_or_device_check,manual_only,tap,todo_alias,pending,pending,pending,pending
CCU-231033-3,CCU-231033-3-S2,CCU-231033,3,2,如長壓時間移動,有相應動作,index_aligned,manual_only,,,from step splitting parser v1,unmapped,tap,todo_alias,pending,pending,pending,pending
CCU-231033-3,CCU-231033-3-S3,CCU-231033,3,3,如長壓時間移動,App 應能放開後發出停止指令使電機停止,index_aligned,manual_only,,,from step splitting parser v1,unmapped,tap,todo_alias,pending,pending,pending,pending
CCU-231033-5,CCU-231033-5-S1,CCU-231033,5,1,長壓「收回」按鈕。,延伸車架電機應能響應 App 的長時展開和收回指令,index_aligned,unmapped,KW-ALIAS-CLICK,manual,from step splitting parser v1; prefill_v1:ui_action_click,manual_only,tap,todo_alias,pending,pending,pending,pending
CCU-231033-5,CCU-231033-5-S2,CCU-231033,5,2,長壓「收回」按鈕。,有相應動作,index_aligned,unmapped,KW-ALIAS-CLICK,manual,from step splitting parser v1; prefill_v1:ui_action_click,manual_only,tap,todo_alias,pending,pending,pending,pending
CCU-231033-5,CCU-231033-5-S3,CCU-231033,5,3,長壓「收回」按鈕。,App 應能放開後發出停止指令使電機停止,index_aligned,unmapped,KW-ALIAS-CLICK,manual,from step splitting parser v1; prefill_v1:ui_action_click,manual_only,tap,todo_alias,pending,pending,pending,pending
CCU-231033-6,CCU-231033-6-S1,CCU-231033,6,1,觀察延伸車架電機是否反向啟動,延伸車架電機應能響應 App 的長時展開和收回指令,index_aligned,manual_only,KW-ALIAS-CHECK,manual,from step splitting parser v1; prefill_v1:ui_or_device_check,manual_only,tap,todo_alias,pending,pending,pending,pending
CCU-231033-6,CCU-231033-6-S2,CCU-231033,6,2,如長壓時間移動,有相應動作,index_aligned,manual_only,,,from step splitting parser v1,unmapped,tap,todo_alias,pending,pending,pending,pending
CCU-231033-6,CCU-231033-6-S3,CCU-231033,6,3,如長壓時間移動,App 應能放開後發出停止指令使電機停止,index_aligned,manual_only,,,from step splitting parser v1,unmapped,tap,todo_alias,pending,pending,pending,pending
CCU-231034-1,CCU-231034-1-S1,CCU-231034,1,1,透過 App 導航至延伸車架控制。,延伸車架電機應能響應 App 的長時展開和收回指令,index_aligned,unmapped,,,from step splitting parser v1,unmapped,tap,todo_alias,pending,pending,pending,pending
CCU-231034-1,CCU-231034-1-S2,CCU-231034,1,2,透過 App 導航至延伸車架控制。,有相應動作,index_aligned,unmapped,,,from step splitting parser v1,unmapped,tap,todo_alias,pending,pending,pending,pending
CCU-231034-1,CCU-231034-1-S3,CCU-231034,1,3,透過 App 導航至延伸車架控制。,App 應能放開後發出停止指令使電機停止,index_aligned,unmapped,,,from step splitting parser v1,unmapped,tap,todo_alias,pending,pending,pending,pending
CCU-231034-2,CCU-231034-2-S1,CCU-231034,2,1,長壓點擊 (例如3-5秒放開 立即停止)「展開」按鈕。,延伸車架電機應能響應 App 的長時展開和收回指令,index_aligned,unmapped,KW-ALIAS-CLICK,manual,from step splitting parser v1; prefill_v1:ui_action_click,manual_only,tap,todo_alias,pending,pending,pending,pending
CCU-231034-2,CCU-231034-2-S2,CCU-231034,2,2,長壓點擊 (例如3-5秒放開 立即停止)「展開」按鈕。,有相應動作,index_aligned,unmapped,KW-ALIAS-CLICK,manual,from step splitting parser v1; prefill_v1:ui_action_click,manual_only,tap,todo_alias,pending,pending,pending,pending
CCU-231034-2,CCU-231034-2-S3,CCU-231034,2,3,長壓點擊 (例如3-5秒放開 立即停止)「展開」按鈕。,App 應能放開後發出停止指令使電機停止,index_aligned,unmapped,KW-ALIAS-CLICK,manual,from step splitting parser v1; prefill_v1:ui_action_click,manual_only,tap,todo_alias,pending,pending,pending,pending
CCU-231034-3,CCU-231034-3-S1,CCU-231034,3,1,長壓點擊 (例如3-5秒放開 立即停止)「展開」按鈕。,延伸車架電機應能響應 App 的長時展開和收回指令,index_aligned,unmapped,KW-ALIAS-CLICK,manual,from step splitting parser v1; prefill_v1:ui_action_click,manual_only,tap,todo_alias,pending,pending,pending,pending
CCU-231034-3,CCU-231034-3-S2,CCU-231034,3,2,長壓點擊 (例如3-5秒放開 立即停止)「展開」按鈕。,有相應動作,index_aligned,unmapped,KW-ALIAS-CLICK,manual,from step splitting parser v1; prefill_v1:ui_action_click,manual_only,tap,todo_alias,pending,pending,pending,pending
CCU-231034-3,CCU-231034-3-S3,CCU-231034,3,3,長壓點擊 (例如3-5秒放開 立即停止)「展開」按鈕。,App 應能放開後發出停止指令使電機停止,index_aligned,unmapped,KW-ALIAS-CLICK,manual,from step splitting parser v1; prefill_v1:ui_action_click,manual_only,tap,todo_alias,pending,pending,pending,pending
CCU-231034-4,CCU-231034-4-S1,CCU-231034,4,1,長壓「收回」按鈕。,延伸車架電機應能響應 App 的長時展開和收回指令,index_aligned,unmapped,KW-ALIAS-CLICK,manual,from step splitting parser v1; prefill_v1:ui_action_click,manual_only,tap,todo_alias,pending,pending,pending,pending
CCU-231034-4,CCU-231034-4-S2,CCU-231034,4,2,長壓「收回」按鈕。,有相應動作,index_aligned,unmapped,KW-ALIAS-CLICK,manual,from step splitting parser v1; prefill_v1:ui_action_click,manual_only,tap,todo_alias,pending,pending,pending,pending
CCU-231034-4,CCU-231034-4-S3,CCU-231034,4,3,長壓「收回」按鈕。,App 應能放開後發出停止指令使電機停止,index_aligned,unmapped,KW-ALIAS-CLICK,manual,from step splitting parser v1; prefill_v1:ui_action_click,manual_only,tap,todo_alias,pending,pending,pending,pending
CCU-231034-5,CCU-231034-5-S1,CCU-231034,5,1,觀察延伸車架電機是否反向啟動,延伸車架電機應能響應 App 的長時展開和收回指令,index_aligned,manual_only,KW-ALIAS-CHECK,manual,from step splitting parser v1; prefill_v1:ui_or_device_check,manual_only,tap,todo_alias,pending,pending,pending,pending
CCU-231034-5,CCU-231034-5-S2,CCU-231034,5,2,如長壓時間移動,有相應動作,index_aligned,manual_only,,,from step splitting parser v1,unmapped,tap,todo_alias,pending,pending,pending,pending
CCU-231034-5,CCU-231034-5-S3,CCU-231034,5,3,如長壓時間移動,App 應能放開後發出停止指令使電機停止,index_aligned,manual_only,,,from step splitting parser v1,unmapped,tap,todo_alias,pending,pending,pending,pending
CCU-230479-1,CCU-230479-1-S1,CCU-230479,1,1,點擊語音命令,切換到語音命令頁面,index_aligned,manual_only,KW-ALIAS-CLICK,manual,from step splitting parser v1; prefill_v1:ui_action_click,manual_only,tap,todo_alias,pending,pending,pending,pending
CCU-230479-2,CCU-230479-2-S1,CCU-230479,2,1,"voice command : ""turn on all lights""",所有燈開啟正常,index_aligned,unmapped,KW-ALIAS-DEVICE-STATE,manual,from step splitting parser v1; prefill_v2:device_state,manual_only,tap,todo_alias,pending,pending,pending,pending
CCU-231208-1,CCU-231208-1-S1,CCU-231208,1,1,實體線路操作水位偵測地線放入水瓶中,APP FRESH 水位在高,expected_attached_to_first,unmapped,KW-ALIAS-DEVICE-WIRING,manual,from step splitting parser v1; prefill_v2:device_wiring,manual_only,tap,todo_alias,pending,pending,pending,pending
CCU-231208-1,CCU-231208-1-S2,CCU-231208,1,2,實體線路操作水位偵測橘色線路放進水瓶中,,expected_attached_to_first,unmapped,KW-ALIAS-DEVICE-WIRING,manual,from step splitting parser v1; prefill_v2:device_wiring,manual_only,tap,todo_alias,pending,pending,pending,pending
CCU-231209-1,CCU-231209-1-S1,CCU-231209,1,1,實體線路操作水位偵測地線放入水瓶中,APP FRESH 水位在中,expected_attached_to_first,unmapped,KW-ALIAS-DEVICE-WIRING,manual,from step splitting parser v1; prefill_v2:device_wiring,manual_only,tap,todo_alias,pending,pending,pending,pending
CCU-231209-1,CCU-231209-1-S2,CCU-231209,1,2,實體線路操作水位偵測綠色線路放進水瓶中,,expected_attached_to_first,unmapped,KW-ALIAS-DEVICE-WIRING,manual,from step splitting parser v1; prefill_v2:device_wiring,manual_only,tap,todo_alias,pending,pending,pending,pending
CCU-231210-1,CCU-231210-1-S1,CCU-231210,1,1,實體線路操作水位偵測地線放入水瓶中,APP FRESH 水位在低,expected_attached_to_first,unmapped,KW-ALIAS-DEVICE-WIRING,manual,from step splitting parser v1; prefill_v2:device_wiring,manual_only,tap,todo_alias,pending,pending,pending,pending
CCU-231210-1,CCU-231210-1-S2,CCU-231210,1,2,實體線路操作水位偵測黃色線路放進水瓶中,,expected_attached_to_first,unmapped,KW-ALIAS-DEVICE-WIRING,manual,from step splitting parser v1; prefill_v2:device_wiring,manual_only,tap,todo_alias,pending,pending,pending,pending
CCU-231289-1,CCU-231289-1-S1,CCU-231289,1,1,實體線路操作水位偵測地線放入水瓶中,APP FRESH 水位是空的顯示 [ empty ],index_aligned,unmapped,KW-ALIAS-DEVICE-WIRING,manual,from step splitting parser v1; prefill_v2:device_wiring,manual_only,tap,todo_alias,pending,pending,pending,pending
CCU-231328-1,CCU-231328-1-S1,CCU-231328,1,1,實體線路操作水位偵測地線放入水瓶中,APP GRAY_1 水位在高 顯示 Full,expected_attached_to_first,unmapped,KW-ALIAS-DEVICE-WIRING,manual,from step splitting parser v1; prefill_v2:device_wiring,manual_only,tap,todo_alias,pending,pending,pending,pending
CCU-231328-1,CCU-231328-1-S2,CCU-231328,1,2,實體線路操作水位偵測橘色線路放進水瓶中,,expected_attached_to_first,unmapped,KW-ALIAS-DEVICE-WIRING,manual,from step splitting parser v1; prefill_v2:device_wiring,manual_only,tap,todo_alias,pending,pending,pending,pending
CCU-231211-1,CCU-231211-1-S1,CCU-231211,1,1,實體線路操作水位偵測地線放入水瓶中,APP GRAY_1 水位在高,expected_attached_to_first,unmapped,KW-ALIAS-DEVICE-WIRING,manual,from step splitting parser v1; prefill_v2:device_wiring,manual_only,tap,todo_alias,pending,pending,pending,pending
CCU-231211-1,CCU-231211-1-S2,CCU-231211,1,2,實體線路操作水位偵測橘色線路放進水瓶中,,expected_attached_to_first,unmapped,KW-ALIAS-DEVICE-WIRING,manual,from step splitting parser v1; prefill_v2:device_wiring,manual_only,tap,todo_alias,pending,pending,pending,pending
CCU-231212-1,CCU-231212-1-S1,CCU-231212,1,1,實體線路操作水位偵測地線放入水瓶中,APP GRAY_1 水位在中,expected_attached_to_first,unmapped,KW-ALIAS-DEVICE-WIRING,manual,from step splitting parser v1; prefill_v2:device_wiring,manual_only,tap,todo_alias,pending,pending,pending,pending
CCU-231212-1,CCU-231212-1-S2,CCU-231212,1,2,實體線路操作水位偵測綠色線路放進水瓶中,,expected_attached_to_first,unmapped,KW-ALIAS-DEVICE-WIRING,manual,from step splitting parser v1; prefill_v2:device_wiring,manual_only,tap,todo_alias,pending,pending,pending,pending
CCU-231213-1,CCU-231213-1-S1,CCU-231213,1,1,實體線路操作水位偵測地線放入水瓶中,APP GRAY_1 水位在低,expected_attached_to_first,unmapped,KW-ALIAS-DEVICE-WIRING,manual,from step splitting parser v1; prefill_v2:device_wiring,manual_only,tap,todo_alias,pending,pending,pending,pending
CCU-231213-1,CCU-231213-1-S2,CCU-231213,1,2,實體線路操作水位偵測黃色線路放進水瓶中,,expected_attached_to_first,unmapped,KW-ALIAS-DEVICE-WIRING,manual,from step splitting parser v1; prefill_v2:device_wiring,manual_only,tap,todo_alias,pending,pending,pending,pending
CCU-231329-1,CCU-231329-1-S1,CCU-231329,1,1,實體線路操作水位偵測地線放入水瓶中,APP GRAY_1 水位在高 顯示 Full,expected_attached_to_first,unmapped,KW-ALIAS-DEVICE-WIRING,manual,from step splitting parser v1; prefill_v2:device_wiring,manual_only,tap,todo_alias,pending,pending,pending,pending
CCU-231329-1,CCU-231329-1-S2,CCU-231329,1,2,實體線路操作水位偵測橘色線路放進水瓶中,,expected_attached_to_first,unmapped,KW-ALIAS-DEVICE-WIRING,manual,from step splitting parser v1; prefill_v2:device_wiring,manual_only,tap,todo_alias,pending,pending,pending,pending
CCU-231214-1,CCU-231214-1-S1,CCU-231214,1,1,實體線路操作水位偵測地線放入水瓶中,APP BLACK_1 水位在高,expected_attached_to_first,unmapped,KW-ALIAS-DEVICE-WIRING,manual,from step splitting parser v1; prefill_v2:device_wiring,manual_only,tap,todo_alias,pending,pending,pending,pending
CCU-231214-1,CCU-231214-1-S2,CCU-231214,1,2,實體線路操作水位偵測橘色線路放進水瓶中,,expected_attached_to_first,unmapped,KW-ALIAS-DEVICE-WIRING,manual,from step splitting parser v1; prefill_v2:device_wiring,manual_only,tap,todo_alias,pending,pending,pending,pending
CCU-231215-1,CCU-231215-1-S1,CCU-231215,1,1,實體線路操作水位偵測地線放入水瓶中,APP BLACK_1 水位在中,expected_attached_to_first,unmapped,KW-ALIAS-DEVICE-WIRING,manual,from step splitting parser v1; prefill_v2:device_wiring,manual_only,tap,todo_alias,pending,pending,pending,pending
CCU-231215-1,CCU-231215-1-S2,CCU-231215,1,2,實體線路操作水位偵測綠色線路放進水瓶中,,expected_attached_to_first,unmapped,KW-ALIAS-DEVICE-WIRING,manual,from step splitting parser v1; prefill_v2:device_wiring,manual_only,tap,todo_alias,pending,pending,pending,pending
CCU-231216-1,CCU-231216-1-S1,CCU-231216,1,1,實體線路操作水位偵測地線放入水瓶中,APP BLACK_1 水位在低,expected_attached_to_first,unmapped,KW-ALIAS-DEVICE-WIRING,manual,from step splitting parser v1; prefill_v2:device_wiring,manual_only,tap,todo_alias,pending,pending,pending,pending
CCU-231216-1,CCU-231216-1-S2,CCU-231216,1,2,實體線路操作水位偵測黃色線路放進水瓶中,,expected_attached_to_first,unmapped,KW-ALIAS-DEVICE-WIRING,manual,from step splitting parser v1; prefill_v2:device_wiring,manual_only,tap,todo_alias,pending,pending,pending,pending
CCU-231330-1,CCU-231330-1-S1,CCU-231330,1,1,實體線路操作水位偵測地線放入水瓶中,APP GRAY_1 水位在高 顯示 Full,expected_attached_to_first,unmapped,KW-ALIAS-DEVICE-WIRING,manual,from step splitting parser v1; prefill_v2:device_wiring,manual_only,tap,todo_alias,pending,pending,pending,pending
CCU-231330-1,CCU-231330-1-S2,CCU-231330,1,2,實體線路操作水位偵測橘色線路放進水瓶中,,expected_attached_to_first,unmapped,KW-ALIAS-DEVICE-WIRING,manual,from step splitting parser v1; prefill_v2:device_wiring,manual_only,tap,todo_alias,pending,pending,pending,pending
CCU-231217-1,CCU-231217-1-S1,CCU-231217,1,1,實體線路操作水位偵測地線放入水瓶中,APP GRAY_2 水位在高,expected_attached_to_first,unmapped,KW-ALIAS-DEVICE-WIRING,manual,from step splitting parser v1; prefill_v2:device_wiring,manual_only,tap,todo_alias,pending,pending,pending,pending
CCU-231217-1,CCU-231217-1-S2,CCU-231217,1,2,實體線路操作水位偵測橘色線路放進水瓶中,,expected_attached_to_first,unmapped,KW-ALIAS-DEVICE-WIRING,manual,from step splitting parser v1; prefill_v2:device_wiring,manual_only,tap,todo_alias,pending,pending,pending,pending
CCU-231218-1,CCU-231218-1-S1,CCU-231218,1,1,實體線路操作水位偵測地線放入水瓶中,APP GRAY_2 水位在中,expected_attached_to_first,unmapped,KW-ALIAS-DEVICE-WIRING,manual,from step splitting parser v1; prefill_v2:device_wiring,manual_only,tap,todo_alias,pending,pending,pending,pending
CCU-231218-1,CCU-231218-1-S2,CCU-231218,1,2,實體線路操作水位偵測綠色線路放進水瓶中,,expected_attached_to_first,unmapped,KW-ALIAS-DEVICE-WIRING,manual,from step splitting parser v1; prefill_v2:device_wiring,manual_only,tap,todo_alias,pending,pending,pending,pending
CCU-231219-1,CCU-231219-1-S1,CCU-231219,1,1,實體線路操作水位偵測地線放入水瓶中,APP GRAY_2 水位在低,expected_attached_to_first,unmapped,KW-ALIAS-DEVICE-WIRING,manual,from step splitting parser v1; prefill_v2:device_wiring,manual_only,tap,todo_alias,pending,pending,pending,pending
CCU-231219-1,CCU-231219-1-S2,CCU-231219,1,2,實體線路操作水位偵測黃色線路放進水瓶中,,expected_attached_to_first,unmapped,KW-ALIAS-DEVICE-WIRING,manual,from step splitting parser v1; prefill_v2:device_wiring,manual_only,tap,todo_alias,pending,pending,pending,pending
CCU-231331-1,CCU-231331-1-S1,CCU-231331,1,1,實體線路操作水位偵測地線放入水瓶中,APP GRAY_1 水位在高 顯示 Full,expected_attached_to_first,unmapped,KW-ALIAS-DEVICE-WIRING,manual,from step splitting parser v1; prefill_v2:device_wiring,manual_only,tap,todo_alias,pending,pending,pending,pending
CCU-231331-1,CCU-231331-1-S2,CCU-231331,1,2,實體線路操作水位偵測橘色線路放進水瓶中,,expected_attached_to_first,unmapped,KW-ALIAS-DEVICE-WIRING,manual,from step splitting parser v1; prefill_v2:device_wiring,manual_only,tap,todo_alias,pending,pending,pending,pending
CCU-231220-1,CCU-231220-1-S1,CCU-231220,1,1,實體線路操作水位偵測地線放入水瓶中,APP GRAY_3 水位在高,expected_attached_to_first,unmapped,KW-ALIAS-DEVICE-WIRING,manual,from step splitting parser v1; prefill_v2:device_wiring,manual_only,tap,todo_alias,pending,pending,pending,pending
CCU-231220-1,CCU-231220-1-S2,CCU-231220,1,2,實體線路操作水位偵測橘色線路放進水瓶中,,expected_attached_to_first,unmapped,KW-ALIAS-DEVICE-WIRING,manual,from step splitting parser v1; prefill_v2:device_wiring,manual_only,tap,todo_alias,pending,pending,pending,pending
CCU-231221-1,CCU-231221-1-S1,CCU-231221,1,1,實體線路操作水位偵測地線放入水瓶中,APP GRAY_3 水位在中,expected_attached_to_first,unmapped,KW-ALIAS-DEVICE-WIRING,manual,from step splitting parser v1; prefill_v2:device_wiring,manual_only,tap,todo_alias,pending,pending,pending,pending
CCU-231221-1,CCU-231221-1-S2,CCU-231221,1,2,實體線路操作水位偵測綠色線路放進水瓶中,,expected_attached_to_first,unmapped,KW-ALIAS-DEVICE-WIRING,manual,from step splitting parser v1; prefill_v2:device_wiring,manual_only,tap,todo_alias,pending,pending,pending,pending
CCU-231222-1,CCU-231222-1-S1,CCU-231222,1,1,實體線路操作水位偵測地線放入水瓶中,APP GRAY_3 水位在低,expected_attached_to_first,unmapped,KW-ALIAS-DEVICE-WIRING,manual,from step splitting parser v1; prefill_v2:device_wiring,manual_only,tap,todo_alias,pending,pending,pending,pending
CCU-231222-1,CCU-231222-1-S2,CCU-231222,1,2,實體線路操作水位偵測黃色線路放進水瓶中,,expected_attached_to_first,unmapped,KW-ALIAS-DEVICE-WIRING,manual,from step splitting parser v1; prefill_v2:device_wiring,manual_only,tap,todo_alias,pending,pending,pending,pending
CCU-231332-1,CCU-231332-1-S1,CCU-231332,1,1,實體線路操作水位偵測地線放入水瓶中,APP GRAY_1 水位在高 顯示 Full,expected_attached_to_first,unmapped,KW-ALIAS-DEVICE-WIRING,manual,from step splitting parser v1; prefill_v2:device_wiring,manual_only,tap,todo_alias,pending,pending,pending,pending
CCU-231332-1,CCU-231332-1-S2,CCU-231332,1,2,實體線路操作水位偵測橘色線路放進水瓶中,,expected_attached_to_first,unmapped,KW-ALIAS-DEVICE-WIRING,manual,from step splitting parser v1; prefill_v2:device_wiring,manual_only,tap,todo_alias,pending,pending,pending,pending
CCU-231223-1,CCU-231223-1-S1,CCU-231223,1,1,實體線路操作水位偵測地線放入水瓶中,APP BLACK_2 水位在高,expected_attached_to_first,unmapped,KW-ALIAS-DEVICE-WIRING,manual,from step splitting parser v1; prefill_v2:device_wiring,manual_only,tap,todo_alias,pending,pending,pending,pending
CCU-231223-1,CCU-231223-1-S2,CCU-231223,1,2,實體線路操作水位偵測橘色線路放進水瓶中,,expected_attached_to_first,unmapped,KW-ALIAS-DEVICE-WIRING,manual,from step splitting parser v1; prefill_v2:device_wiring,manual_only,tap,todo_alias,pending,pending,pending,pending
CCU-231224-1,CCU-231224-1-S1,CCU-231224,1,1,實體線路操作水位偵測地線放入水瓶中,APP BLACK_2 水位在中,expected_attached_to_first,unmapped,KW-ALIAS-DEVICE-WIRING,manual,from step splitting parser v1; prefill_v2:device_wiring,manual_only,tap,todo_alias,pending,pending,pending,pending
CCU-231224-1,CCU-231224-1-S2,CCU-231224,1,2,實體線路操作水位偵測綠色線路放進水瓶中,,expected_attached_to_first,unmapped,KW-ALIAS-DEVICE-WIRING,manual,from step splitting parser v1; prefill_v2:device_wiring,manual_only,tap,todo_alias,pending,pending,pending,pending
CCU-231225-1,CCU-231225-1-S1,CCU-231225,1,1,實體線路操作水位偵測地線放入水瓶中,APP BLACK_2 水位在低,expected_attached_to_first,unmapped,KW-ALIAS-DEVICE-WIRING,manual,from step splitting parser v1; prefill_v2:device_wiring,manual_only,tap,todo_alias,pending,pending,pending,pending
CCU-231225-1,CCU-231225-1-S2,CCU-231225,1,2,實體線路操作水位偵測黃色線路放進水瓶中,,expected_attached_to_first,unmapped,KW-ALIAS-DEVICE-WIRING,manual,from step splitting parser v1; prefill_v2:device_wiring,manual_only,tap,todo_alias,pending,pending,pending,pending
CCU-210-1,CCU-210-1-S1,CCU-210,1,1,開啟 RV 控制 App (iOS 或 Android)。,App 應在合理時間內成功連接至 RV 系統,index_aligned,unmapped,KW-ALIAS-OPEN,manual,from step splitting parser v1; prefill_v1:open_or_enable,manual_only,tap,success_message,pending,pending,pending,pending
CCU-210-1,CCU-210-1-S2,CCU-210,1,2,開啟 RV 控制 App (iOS 或 Android)。,App 主介面應正確顯示，無明顯錯誤或崩潰,index_aligned,unmapped,KW-ALIAS-OPEN,manual,from step splitting parser v1; prefill_v1:open_or_enable,manual_only,tap,error_message,pending,pending,pending,pending
CCU-210-1,CCU-210-1-S3,CCU-210,1,3,開啟 RV 控制 App (iOS 或 Android)。,應能看到 RV 系統的基本狀態 (例如連線成功圖示),index_aligned,unmapped,KW-ALIAS-OPEN,manual,from step splitting parser v1; prefill_v1:open_or_enable,manual_only,tap,success_message,pending,pending,pending,pending
CCU-210-2,CCU-210-2-S1,CCU-210,2,1,觀察 App 是否能成功連接到 RV 系統。,App 應在合理時間內成功連接至 RV 系統,index_aligned,manual_only,KW-ALIAS-CHECK,manual,from step splitting parser v1; prefill_v1:ui_or_device_check,manual_only,tap,success_message,pending,pending,pending,pending
CCU-210-2,CCU-210-2-S2,CCU-210,2,2,觀察 App 是否能成功連接到 RV 系統。,App 主介面應正確顯示，無明顯錯誤或崩潰,index_aligned,manual_only,KW-ALIAS-CHECK,manual,from step splitting parser v1; prefill_v1:ui_or_device_check,manual_only,tap,error_message,pending,pending,pending,pending
CCU-210-2,CCU-210-2-S3,CCU-210,2,3,觀察 App 是否能成功連接到 RV 系統。,應能看到 RV 系統的基本狀態 (例如連線成功圖示),index_aligned,manual_only,KW-ALIAS-CHECK,manual,from step splitting parser v1; prefill_v1:ui_or_device_check,manual_only,tap,success_message,pending,pending,pending,pending
CCU-210-3,CCU-210-3-S1,CCU-210,3,1,檢查 App 主介面是否正常載入,App 應在合理時間內成功連接至 RV 系統,index_aligned,manual_only,KW-ALIAS-CHECK,manual,from step splitting parser v1; prefill_v1:ui_or_device_check,manual_only,assert_visible,success_message,pending,pending,pending,pending
CCU-210-3,CCU-210-3-S2,CCU-210,3,2,顯示基本控制項或狀態資訊,App 主介面應正確顯示，無明顯錯誤或崩潰,index_aligned,manual_only,,,from step splitting parser v1,unmapped,tap,error_message,pending,pending,pending,pending
CCU-210-3,CCU-210-3-S3,CCU-210,3,3,顯示基本控制項或狀態資訊,應能看到 RV 系統的基本狀態 (例如連線成功圖示),index_aligned,manual_only,,,from step splitting parser v1,unmapped,tap,success_message,pending,pending,pending,pending
CCU-211-1,CCU-211-1-S1,CCU-211,1,1,透過 App 導航至主燈控制項。,主燈應能被 App 成功開啟和關閉,index_aligned,unmapped,,,from step splitting parser v1,unmapped,tap,success_message,pending,pending,pending,pending
CCU-211-1,CCU-211-1-S2,CCU-211,1,2,透過 App 導航至主燈控制項。,App 上的燈光狀態應與實際狀態一致,index_aligned,unmapped,,,from step splitting parser v1,unmapped,tap,todo_alias,pending,pending,pending,pending
CCU-211-1,CCU-211-1-S3,CCU-211,1,3,透過 App 導航至主燈控制項。,操作反應應及時,index_aligned,unmapped,,,from step splitting parser v1,unmapped,tap,todo_alias,pending,pending,pending,pending
CCU-211-2,CCU-211-2-S1,CCU-211,2,1,點擊「開啟」主燈。,主燈應能被 App 成功開啟和關閉,index_aligned,manual_only,KW-ALIAS-CLICK,manual,from step splitting parser v1; prefill_v1:ui_action_click,manual_only,tap,success_message,pending,pending,pending,pending
CCU-211-2,CCU-211-2-S2,CCU-211,2,2,點擊「開啟」主燈。,App 上的燈光狀態應與實際狀態一致,index_aligned,manual_only,KW-ALIAS-CLICK,manual,from step splitting parser v1; prefill_v1:ui_action_click,manual_only,tap,todo_alias,pending,pending,pending,pending
CCU-211-2,CCU-211-2-S3,CCU-211,2,3,點擊「開啟」主燈。,操作反應應及時,index_aligned,manual_only,KW-ALIAS-CLICK,manual,from step splitting parser v1; prefill_v1:ui_action_click,manual_only,tap,todo_alias,pending,pending,pending,pending
CCU-211-3,CCU-211-3-S1,CCU-211,3,1,觀察主燈實際是否亮起，及 App 狀態是否更新。,主燈應能被 App 成功開啟和關閉,index_aligned,manual_only,KW-ALIAS-CHECK,manual,from step splitting parser v1; prefill_v1:ui_or_device_check,manual_only,tap,success_message,pending,pending,pending,pending
CCU-211-3,CCU-211-3-S2,CCU-211,3,2,觀察主燈實際是否亮起，及 App 狀態是否更新。,App 上的燈光狀態應與實際狀態一致,index_aligned,manual_only,KW-ALIAS-CHECK,manual,from step splitting parser v1; prefill_v1:ui_or_device_check,manual_only,tap,todo_alias,pending,pending,pending,pending
CCU-211-3,CCU-211-3-S3,CCU-211,3,3,觀察主燈實際是否亮起，及 App 狀態是否更新。,操作反應應及時,index_aligned,manual_only,KW-ALIAS-CHECK,manual,from step splitting parser v1; prefill_v1:ui_or_device_check,manual_only,tap,todo_alias,pending,pending,pending,pending
CCU-211-4,CCU-211-4-S1,CCU-211,4,1,點擊「關閉」主燈。,主燈應能被 App 成功開啟和關閉,index_aligned,manual_only,KW-ALIAS-CLICK,manual,from step splitting parser v1; prefill_v1:ui_action_click,manual_only,tap,success_message,pending,pending,pending,pending
CCU-211-4,CCU-211-4-S2,CCU-211,4,2,點擊「關閉」主燈。,App 上的燈光狀態應與實際狀態一致,index_aligned,manual_only,KW-ALIAS-CLICK,manual,from step splitting parser v1; prefill_v1:ui_action_click,manual_only,tap,todo_alias,pending,pending,pending,pending
CCU-211-4,CCU-211-4-S3,CCU-211,4,3,點擊「關閉」主燈。,操作反應應及時,index_aligned,manual_only,KW-ALIAS-CLICK,manual,from step splitting parser v1; prefill_v1:ui_action_click,manual_only,tap,todo_alias,pending,pending,pending,pending
CCU-211-5,CCU-211-5-S1,CCU-211,5,1,觀察主燈實際是否熄滅，及 App 狀態是否更新。,主燈應能被 App 成功開啟和關閉,index_aligned,manual_only,KW-ALIAS-CHECK,manual,from step splitting parser v1; prefill_v1:ui_or_device_check,manual_only,tap,success_message,pending,pending,pending,pending
CCU-211-5,CCU-211-5-S2,CCU-211,5,2,觀察主燈實際是否熄滅，及 App 狀態是否更新。,App 上的燈光狀態應與實際狀態一致,index_aligned,manual_only,KW-ALIAS-CHECK,manual,from step splitting parser v1; prefill_v1:ui_or_device_check,manual_only,tap,todo_alias,pending,pending,pending,pending
CCU-211-5,CCU-211-5-S3,CCU-211,5,3,觀察主燈實際是否熄滅，及 App 狀態是否更新。,操作反應應及時,index_aligned,manual_only,KW-ALIAS-CHECK,manual,from step splitting parser v1; prefill_v1:ui_or_device_check,manual_only,tap,todo_alias,pending,pending,pending,pending
CCU-230480-1,CCU-230480-1-S1,CCU-230480,1,1,點擊語音命令,切換到語音命令頁面,index_aligned,manual_only,KW-ALIAS-CLICK,manual,from step splitting parser v1; prefill_v1:ui_action_click,manual_only,tap,todo_alias,pending,pending,pending,pending
CCU-230480-2,CCU-230480-2-S1,CCU-230480,2,1,"voice command : ""turn on all lights""",所有燈開啟正常,index_aligned,unmapped,KW-ALIAS-DEVICE-STATE,manual,from step splitting parser v1; prefill_v2:device_state,manual_only,tap,todo_alias,pending,pending,pending,pending
CCU-231122-1,CCU-231122-1-S1,CCU-231122,1,1,點擊允許,進入下一步,index_aligned,manual_only,KW-ALIAS-CLICK,manual,from step splitting parser v1; prefill_v1:ui_action_click,manual_only,tap,permission_allow_button,pending,pending,pending,pending
CCU-231123-1,CCU-231123-1-S1,CCU-231123,1,1,點擊拒絕,進入下一步,index_aligned,manual_only,KW-ALIAS-CLICK,manual,from step splitting parser v1; prefill_v1:ui_action_click,manual_only,tap,permission_deny_button,pending,pending,pending,pending
CCU-231124-1,CCU-231124-1-S1,CCU-231124,1,1,點擊使用應用程式時,進入下一步,index_aligned,manual_only,KW-ALIAS-CLICK,manual,from step splitting parser v1; prefill_v1:ui_action_click,manual_only,tap,permission_allow_button,pending,pending,pending,pending
CCU-231125-1,CCU-231125-1-S1,CCU-231125,1,1,點擊僅允許這一次,進入下一步,index_aligned,manual_only,KW-ALIAS-CLICK,manual,from step splitting parser v1; prefill_v1:ui_action_click,manual_only,tap,permission_allow_button,pending,pending,pending,pending
CCU-231126-1,CCU-231126-1-S1,CCU-231126,1,1,點擊不允許,進入下一步,index_aligned,manual_only,KW-ALIAS-CLICK,manual,from step splitting parser v1; prefill_v1:ui_action_click,manual_only,tap,permission_allow_button,pending,pending,pending,pending
CCU-231127-1,CCU-231127-1-S1,CCU-231127,1,1,點擊允許,進入下一步,index_aligned,manual_only,KW-ALIAS-CLICK,manual,from step splitting parser v1; prefill_v1:ui_action_click,manual_only,tap,permission_allow_button,pending,pending,pending,pending
CCU-231128-1,CCU-231128-1-S1,CCU-231128,1,1,點擊不允許,進入下一步,index_aligned,manual_only,KW-ALIAS-CLICK,manual,from step splitting parser v1; prefill_v1:ui_action_click,manual_only,tap,permission_allow_button,pending,pending,pending,pending
CCU-231129-1,CCU-231129-1-S1,CCU-231129,1,1,查看 APP,出現隱私權政策,index_aligned,manual_only,KW-ALIAS-CHECK,manual,from step splitting parser v1; prefill_v1:ui_or_device_check,manual_only,tap,todo_alias,pending,pending,pending,pending
CCU-231130-1,CCU-231130-1-S1,CCU-231130,1,1,點擊 APP 隱私權政策 的 Privacy Policy,隱私權政策 有可以點擊的 Privacy Policy,index_aligned,manual_only,KW-ALIAS-CLICK,manual,from step splitting parser v1; prefill_v1:ui_action_click,manual_only,tap,todo_alias,pending,pending,pending,pending
CCU-231131-1,CCU-231131-1-S1,CCU-231131,1,1,查看 APP,進入隱私權政策顯示內文,index_aligned,manual_only,KW-ALIAS-CHECK,manual,from step splitting parser v1; prefill_v1:ui_or_device_check,manual_only,tap,todo_alias,pending,pending,pending,pending
CCU-231132-1,CCU-231132-1-S1,CCU-231132,1,1,查看 APP 左上角,有返回鍵,index_aligned,manual_only,KW-ALIAS-CHECK,manual,from step splitting parser v1; prefill_v1:ui_or_device_check,manual_only,navigate,back_button,pending,pending,pending,pending
CCU-231133-1,CCU-231133-1-S1,CCU-231133,1,1,查看 APP 下方是否有 AGREE 按鈕,有 AGREE 按鈕,index_aligned,manual_only,KW-ALIAS-CHECK,manual,from step splitting parser v1; prefill_v1:ui_or_device_check,manual_only,tap,agree_button,pending,pending,pending,pending
CCU-231133-1,CCU-231133-1-S2,CCU-231133,1,2,查看 APP 下方是否有 AGREE 按鈕,可以按,index_aligned,manual_only,KW-ALIAS-CHECK,manual,from step splitting parser v1; prefill_v1:ui_or_device_check,manual_only,tap,agree_button,pending,pending,pending,pending
CCU-231134-1,CCU-231134-1-S1,CCU-231134,1,1,查看 APP,出現 press bluetooth button to start connecting your,index_aligned,manual_only,KW-ALIAS-CHECK,manual,from step splitting parser v1; prefill_v1:ui_or_device_check,manual_only,tap,bluetooth_status_label,pending,pending,pending,pending
CCU-231135-1,CCU-231135-1-S1,CCU-231135,1,1,點擊面板藍牙按鈕,APP 顯示 ID,index_aligned,manual_only,KW-ALIAS-CLICK,manual,from step splitting parser v1; prefill_v1:ui_action_click,manual_only,tap,bluetooth_status_label,pending,pending,pending,pending
CCU-231136-1,CCU-231136-1-S1,CCU-231136,1,1,查看 APP,有顯示可連線的 ID,index_aligned,manual_only,KW-ALIAS-CHECK,manual,from step splitting parser v1; prefill_v1:ui_or_device_check,manual_only,tap,todo_alias,pending,pending,pending,pending
CCU-231137-1,CCU-231137-1-S1,CCU-231137,1,1,點擊 APP 上的 ID,有 ID 可以點擊,index_aligned,manual_only,KW-ALIAS-CLICK,manual,from step splitting parser v1; prefill_v1:ui_action_click,manual_only,tap,todo_alias,pending,pending,pending,pending
CCU-231138-1,CCU-231138-1-S1,CCU-231138,1,1,查看 APP,出現倒數30秒,index_aligned,manual_only,KW-ALIAS-CHECK,manual,from step splitting parser v1; prefill_v1:ui_or_device_check,manual_only,tap,todo_alias,pending,pending,pending,pending
CCU-231139-1,CCU-231139-1-S1,CCU-231139,1,1,注意聽面板提示聲音,面板提示需要按面板藍牙按鈕兩次,index_aligned,unmapped,KW-ALIAS-CHECK,manual,from step splitting parser v1; prefill_v1:ui_or_device_check,manual_only,tap,bluetooth_status_label,pending,pending,pending,pending
CCU-231140-1,CCU-231140-1-S1,CCU-231140,1,1,點擊面板藍牙按鈕兩次,藍牙按鈕可以點擊,index_aligned,manual_only,KW-ALIAS-CLICK,manual,from step splitting parser v1; prefill_v1:ui_action_click,manual_only,tap,bluetooth_status_label,pending,pending,pending,pending
CCU-231141-1,CCU-231141-1-S1,CCU-231141,1,1,輸入 Email,可以正常輸入 Email,index_aligned,manual_only,KW-ALIAS-INPUT,manual,from step splitting parser v1; prefill_v1:input_text,manual_only,input,email_field,pending,pending,pending,pending
CCU-231142-1,CCU-231142-1-S1,CCU-231142,1,1,點擊新增 Google 如引導完成,可以正常連上 Google,index_aligned,manual_only,KW-ALIAS-CLICK,manual,from step splitting parser v1; prefill_v1:ui_action_click,manual_only,tap,success_message,pending,pending,pending,pending
CCU-231142-1,CCU-231142-1-S2,CCU-231142,1,2,點擊新增 Google 如引導完成,引導成功登入,index_aligned,manual_only,KW-ALIAS-CLICK,manual,from step splitting parser v1; prefill_v1:ui_action_click,manual_only,tap,login_button,pending,pending,pending,pending
CCU-231143-1,CCU-231143-1-S1,CCU-231143,1,1,Google帳號登入後,顯示登入成功,index_aligned,unmapped,KW-ALIAS-LOGIN-FLOW,manual,from step splitting parser v1; prefill_v2:login_flow,manual_only,tap,login_button,pending,pending,pending,pending
CCU-231144-1,CCU-231144-1-S1,CCU-231144,1,1,查看 APP,進入到控制頁面,index_aligned,manual_only,KW-ALIAS-CHECK,manual,from step splitting parser v1; prefill_v1:ui_or_device_check,manual_only,tap,todo_alias,pending,pending,pending,pending
CCU-230771-1,CCU-230771-1-S1,CCU-230771,1,1,手機APP正常開啟,APP開啟正常,index_aligned,unmapped,,,from step splitting parser v1,unmapped,tap,todo_alias,pending,pending,pending,pending
CCU-230771-2,CCU-230771-2-S1,CCU-230771,2,1,,,no_expected,unmapped,,,from step splitting parser v1,unmapped,tap,todo_alias,pending,pending,pending,pending
CCU-230772-1,CCU-230772-1-S1,CCU-230772,1,1,點選合約,顯示合約頁,index_aligned,unmapped,,,from step splitting parser v1,unmapped,tap,todo_alias,pending,pending,pending,pending
CCU-230773-1,CCU-230773-1-S1,CCU-230773,1,1,點不同意,無法進入下一步,index_aligned,unmapped,,,from step splitting parser v1,unmapped,tap,agree_button,pending,pending,pending,pending
CCU-230774-1,CCU-230774-1-S1,CCU-230774,1,1,點同意,進入下一步,index_aligned,unmapped,,,from step splitting parser v1,unmapped,tap,agree_button,pending,pending,pending,pending
CCU-230775-1,CCU-230775-1-S1,CCU-230775,1,1,面板電源開啟,面板ＭＩＣ亮燈,index_aligned,unmapped,,,from step splitting parser v1,unmapped,tap,todo_alias,pending,pending,pending,pending
CCU-230776-1,CCU-230776-1-S1,CCU-230776,1,1,點擊面板藍牙按鈕,面板語音輸出ＩＤ給使用者,index_aligned,unmapped,KW-ALIAS-CLICK,manual,from step splitting parser v1; prefill_v1:ui_action_click,manual_only,tap,bluetooth_status_label,pending,pending,pending,pending
CCU-230777-1,CCU-230777-1-S1,CCU-230777,1,1,查看ＡＰＰ,APP 上面出現廣播的 ID,index_aligned,unmapped,KW-ALIAS-CHECK,manual,from step splitting parser v1; prefill_v1:ui_or_device_check,manual_only,tap,todo_alias,pending,pending,pending,pending
CCU-230778-1,CCU-230778-1-S1,CCU-230778,1,1,點擊 APP 上面的 ID,面板語音提示需要按下面板的藍牙按鈕兩下,index_aligned,unmapped,KW-ALIAS-CLICK,manual,from step splitting parser v1; prefill_v1:ui_action_click,manual_only,tap,bluetooth_status_label,pending,pending,pending,pending
CCU-230779-1,CCU-230779-1-S1,CCU-230779,1,1,寧聽面板語音,面板語音說： 目前有一部智慧型手機正在請求透過藍牙與控制面板配對,index_aligned,unmapped,KW-ALIAS-DEVICE-STATE,manual,from step splitting parser v1; prefill_v2:device_state,manual_only,tap,bluetooth_status_label,pending,pending,pending,pending
CCU-230780-1,CCU-230780-1-S1,CCU-230780,1,1,檢查面板,藍牙指示燈必須閃爍得更快,index_aligned,unmapped,KW-ALIAS-CHECK,manual,from step splitting parser v1; prefill_v1:ui_or_device_check,manual_only,assert_visible,bluetooth_status_label,pending,pending,pending,pending
CCU-230781-1,CCU-230781-1-S1,CCU-230781,1,1,查看手機,APP 出現倒數30秒,index_aligned,unmapped,KW-ALIAS-CHECK,manual,from step splitting parser v1; prefill_v1:ui_or_device_check,manual_only,tap,todo_alias,pending,pending,pending,pending
CCU-230782-1,CCU-230782-1-S1,CCU-230782,1,1,點擊面版藍牙按鈕兩下,APP 出現主頁,index_aligned,unmapped,KW-ALIAS-CLICK,manual,from step splitting parser v1; prefill_v1:ui_action_click,manual_only,tap,bluetooth_status_label,pending,pending,pending,pending
CCU-230783-1,CCU-230783-1-S1,CCU-230783,1,1,點選APP頁面的Done,APP進入主頁,index_aligned,unmapped,,,from step splitting parser v1,unmapped,tap,success_message,pending,pending,pending,pending
CCU-230784-1,CCU-230784-1-S1,CCU-230784,1,1,查看手機,APP 出現控制頁面,index_aligned,unmapped,KW-ALIAS-CHECK,manual,from step splitting parser v1; prefill_v1:ui_or_device_check,manual_only,tap,todo_alias,pending,pending,pending,pending
CCU-230785-1,CCU-230785-1-S1,CCU-230785,1,1,手機APP正長開啟,畫面成功顯示著畫面或合約頁,index_aligned,unmapped,,,from step splitting parser v1,unmapped,tap,success_message,pending,pending,pending,pending
CCU-230786-1,CCU-230786-1-S1,CCU-230786,1,1,面板電源開啟,面板ＭＩＣ亮燈,index_aligned,unmapped,,,from step splitting parser v1,unmapped,tap,todo_alias,pending,pending,pending,pending
CCU-230787-1,CCU-230787-1-S1,CCU-230787,1,1,點選面板藍牙按鈕,面板發出回應提示,index_aligned,unmapped,KW-ALIAS-BLUETOOTH,manual,from step splitting parser v1; prefill_v1:bluetooth_action,manual_only,tap,bluetooth_status_label,pending,pending,pending,pending
CCU-230788-1,CCU-230788-1-S1,CCU-230788,1,1,點選面板藍牙按鈕兩次,APP進入主頁,index_aligned,unmapped,KW-ALIAS-BLUETOOTH,manual,from step splitting parser v1; prefill_v1:bluetooth_action,manual_only,tap,bluetooth_status_label,pending,pending,pending,pending
CCU-230789-1,CCU-230789-1-S1,CCU-230789,1,1,點擊 Disconnect,返回 APP,expected_attached_to_first,unmapped,KW-ALIAS-CLICK,manual,from step splitting parser v1; prefill_v1:ui_action_click,manual_only,tap,back_button,pending,pending,pending,pending
CCU-230789-1,CCU-230789-1-S2,CCU-230789,1,2,點擊 Cancel,,expected_attached_to_first,unmapped,KW-ALIAS-CLICK,manual,from step splitting parser v1; prefill_v1:ui_action_click,manual_only,tap,cancel_button,pending,pending,pending,pending
CCU-230790-1,CCU-230790-1-S1,CCU-230790,1,1,點擊 Disconnect,APP 與面板斷線,index_aligned,unmapped,KW-ALIAS-CLICK,manual,from step splitting parser v1; prefill_v1:ui_action_click,manual_only,tap,todo_alias,pending,pending,pending,pending
CCU-230791-1,CCU-230791-1-S1,CCU-230791,1,1,APP 滑掉,APP 關閉,index_aligned,unmapped,,,from step splitting parser v1,unmapped,tap,todo_alias,pending,pending,pending,pending
CCU-230792-1,CCU-230792-1-S1,CCU-230792,1,1,APP 開啟,自動連回,index_aligned,unmapped,,,from step splitting parser v1,unmapped,tap,todo_alias,pending,pending,pending,pending
CCU-230793-1,CCU-230793-1-S1,CCU-230793,1,1,查看 APP,APP 出現控制頁面,index_aligned,manual_only,KW-ALIAS-CHECK,manual,from step splitting parser v1; prefill_v1:ui_or_device_check,manual_only,tap,todo_alias,pending,pending,pending,pending
CCU-230794-1,CCU-230794-1-S1,CCU-230794,1,1,查看 APP,手機 APP 在控制頁面,index_aligned,unmapped,KW-ALIAS-CHECK,manual,from step splitting parser v1; prefill_v1:ui_or_device_check,manual_only,tap,todo_alias,pending,pending,pending,pending
CCU-230795-1,CCU-230795-1-S1,CCU-230795,1,1,手機 APP 遠離面板,APP 斷線,index_aligned,unmapped,,,from step splitting parser v1,unmapped,tap,todo_alias,pending,pending,pending,pending
CCU-230796-1,CCU-230796-1-S1,CCU-230796,1,1,APP 回來面板附近,APP 自動連回面板,index_aligned,unmapped,,,from step splitting parser v1,unmapped,tap,todo_alias,pending,pending,pending,pending
CCU-230797-1,CCU-230797-1-S1,CCU-230797,1,1,查看 APP,APP 出現控制頁面,index_aligned,unmapped,KW-ALIAS-CHECK,manual,from step splitting parser v1; prefill_v1:ui_or_device_check,manual_only,tap,todo_alias,pending,pending,pending,pending
CCU-230798-1,CCU-230798-1-S1,CCU-230798,1,1,查看手機 APP 背景,背景確認有執行 APP,index_aligned,unmapped,KW-ALIAS-CHECK,manual,from step splitting parser v1; prefill_v1:ui_or_device_check,manual_only,assert_visible,confirm_button,pending,pending,pending,pending
CCU-230799-1,CCU-230799-1-S1,CCU-230799,1,1,手機 APP 遠離面板,APP 斷線,index_aligned,unmapped,,,from step splitting parser v1,unmapped,tap,todo_alias,pending,pending,pending,pending
CCU-230800-1,CCU-230800-1-S1,CCU-230800,1,1,APP 回來面板附近（將背景 APP 變回使用中）,APP 自動連回面板,index_aligned,unmapped,,,from step splitting parser v1,unmapped,tap,todo_alias,pending,pending,pending,pending
CCU-230801-1,CCU-230801-1-S1,CCU-230801,1,1,查看 APP,APP 出現控制頁面,index_aligned,unmapped,KW-ALIAS-CHECK,manual,from step splitting parser v1; prefill_v1:ui_or_device_check,manual_only,tap,todo_alias,pending,pending,pending,pending
CCU-230802-1,CCU-230802-1-S1,CCU-230802,1,1,APP 滑掉,APP 關閉,index_aligned,unmapped,,,from step splitting parser v1,unmapped,tap,todo_alias,pending,pending,pending,pending
CCU-230803-1,CCU-230803-1-S1,CCU-230803,1,1,APP 開啟,自動連回,index_aligned,unmapped,,,from step splitting parser v1,unmapped,tap,todo_alias,pending,pending,pending,pending
CCU-230804-1,CCU-230804-1-S1,CCU-230804,1,1,查看 APP,原面板為開機無法連回,index_aligned,unmapped,KW-ALIAS-CHECK,manual,from step splitting parser v1; prefill_v1:ui_or_device_check,manual_only,tap,todo_alias,pending,pending,pending,pending
CCU-230805-1,CCU-230805-1-S1,CCU-230805,1,1,APP 顯示其他有在廣播的面板,APP 出現其他可點選的 ID,index_aligned,unmapped,,,from step splitting parser v1,unmapped,tap,todo_alias,pending,pending,pending,pending
CCU-230806-1,CCU-230806-1-S1,CCU-230806,1,1,查看ＡＰＰ,APP 上面出現廣播的 ID,index_aligned,unmapped,KW-ALIAS-CHECK,manual,from step splitting parser v1; prefill_v1:ui_or_device_check,manual_only,tap,todo_alias,pending,pending,pending,pending
CCU-230807-1,CCU-230807-1-S1,CCU-230807,1,1,點擊 APP 上面的 ID,面板語音提示需要按下面板的藍牙按鈕兩下,index_aligned,unmapped,KW-ALIAS-CLICK,manual,from step splitting parser v1; prefill_v1:ui_action_click,manual_only,tap,bluetooth_status_label,pending,pending,pending,pending
CCU-230808-1,CCU-230808-1-S1,CCU-230808,1,1,寧聽面板語音,面板語音說： 目前有一部智慧型手機正在請求透過藍牙與控制面板配對,index_aligned,unmapped,KW-ALIAS-DEVICE-STATE,manual,from step splitting parser v1; prefill_v2:device_state,manual_only,tap,bluetooth_status_label,pending,pending,pending,pending
CCU-230809-1,CCU-230809-1-S1,CCU-230809,1,1,檢查面板,藍牙指示燈必須閃爍得更快,index_aligned,unmapped,KW-ALIAS-CHECK,manual,from step splitting parser v1; prefill_v1:ui_or_device_check,manual_only,assert_visible,bluetooth_status_label,pending,pending,pending,pending
CCU-230810-1,CCU-230810-1-S1,CCU-230810,1,1,查看手機,APP 出現倒數30秒,index_aligned,unmapped,KW-ALIAS-CHECK,manual,from step splitting parser v1; prefill_v1:ui_or_device_check,manual_only,tap,todo_alias,pending,pending,pending,pending
CCU-230811-1,CCU-230811-1-S1,CCU-230811,1,1,點擊面版藍牙按鈕兩下,APP 出現主頁,index_aligned,unmapped,KW-ALIAS-CLICK,manual,from step splitting parser v1; prefill_v1:ui_action_click,manual_only,tap,bluetooth_status_label,pending,pending,pending,pending
CCU-230812-1,CCU-230812-1-S1,CCU-230812,1,1,點選APP頁面的Done,APP進入主頁,index_aligned,unmapped,,,from step splitting parser v1,unmapped,tap,success_message,pending,pending,pending,pending
CCU-230813-1,CCU-230813-1-S1,CCU-230813,1,1,查看手機,APP 出現控制頁面,index_aligned,unmapped,KW-ALIAS-CHECK,manual,from step splitting parser v1; prefill_v1:ui_or_device_check,manual_only,tap,todo_alias,pending,pending,pending,pending
CCU-230814-1,CCU-230814-1-S1,CCU-230814,1,1,查看手機,APP 出現控制頁面,index_aligned,unmapped,KW-ALIAS-CHECK,manual,from step splitting parser v1; prefill_v1:ui_or_device_check,manual_only,tap,todo_alias,pending,pending,pending,pending
CCU-230815-1,CCU-230815-1-S1,CCU-230815,1,1,點選面板藍牙按鈕10秒,APP 斷線,index_aligned,unmapped,KW-ALIAS-BLUETOOTH,manual,from step splitting parser v1; prefill_v1:bluetooth_action,manual_only,tap,bluetooth_status_label,pending,pending,pending,pending
CCU-230816-1,CCU-230816-1-S1,CCU-230816,1,1,查看手機,APP 出現控制頁面,index_aligned,unmapped,KW-ALIAS-CHECK,manual,from step splitting parser v1; prefill_v1:ui_or_device_check,manual_only,tap,todo_alias,pending,pending,pending,pending
CCU-230817-1,CCU-230817-1-S1,CCU-230817,1,1,點選面板藍牙按鈕10秒,重置面板,index_aligned,unmapped,KW-ALIAS-BLUETOOTH,manual,from step splitting parser v1; prefill_v1:bluetooth_action,manual_only,tap,bluetooth_status_label,pending,pending,pending,pending
CCU-230818-1,CCU-230818-1-S1,CCU-230818,1,1,查看手機,APP 出現控制頁面,index_aligned,unmapped,KW-ALIAS-CHECK,manual,from step splitting parser v1; prefill_v1:ui_or_device_check,manual_only,tap,todo_alias,pending,pending,pending,pending
CCU-230819-1,CCU-230819-1-S1,CCU-230819,1,1,點選面板藍牙按鈕10秒,pin密碼重置,index_aligned,unmapped,KW-ALIAS-BLUETOOTH,manual,from step splitting parser v1; prefill_v1:bluetooth_action,manual_only,tap,password_field,pending,pending,pending,pending
CCU-230820-1,CCU-230820-1-S1,CCU-230820,1,1,查看手機,APP 出現控制頁面,index_aligned,unmapped,KW-ALIAS-CHECK,manual,from step splitting parser v1; prefill_v1:ui_or_device_check,manual_only,tap,todo_alias,pending,pending,pending,pending
CCU-230821-1,CCU-230821-1-S1,CCU-230821,1,1,點選面板藍牙按鈕10秒,面板上的藍牙會關閉廣播,index_aligned,unmapped,KW-ALIAS-BLUETOOTH,manual,from step splitting parser v1; prefill_v1:bluetooth_action,manual_only,tap,bluetooth_status_label,pending,pending,pending,pending
CCU-230822-1,CCU-230822-1-S1,CCU-230822,1,1,查看手機,APP 出現控制頁面,index_aligned,unmapped,KW-ALIAS-CHECK,manual,from step splitting parser v1; prefill_v1:ui_or_device_check,manual_only,tap,todo_alias,pending,pending,pending,pending
CCU-230823-1,CCU-230823-1-S1,CCU-230823,1,1,將 APP 滑掉,APP 關閉,index_aligned,unmapped,,,from step splitting parser v1,unmapped,tap,todo_alias,pending,pending,pending,pending
CCU-230824-1,CCU-230824-1-S1,CCU-230824,1,1,等待面板藍牙燈號,藍牙燈號變為白燈,index_aligned,unmapped,KW-ALIAS-WAIT,manual,from step splitting parser v1; prefill_v1:wait_or_timing,manual_only,wait,bluetooth_status_label,pending,pending,pending,pending
CCU-230825-1,CCU-230825-1-S1,CCU-230825,1,1,點選面板藍牙按鈕10秒,重置面板,index_aligned,unmapped,KW-ALIAS-BLUETOOTH,manual,from step splitting parser v1; prefill_v1:bluetooth_action,manual_only,tap,bluetooth_status_label,pending,pending,pending,pending
CCU-230830-1,CCU-230830-1-S1,CCU-230830,1,1,查看手機,APP 出現控制頁面,index_aligned,unmapped,KW-ALIAS-CHECK,manual,from step splitting parser v1; prefill_v1:ui_or_device_check,manual_only,tap,todo_alias,pending,pending,pending,pending
CCU-230831-1,CCU-230831-1-S1,CCU-230831,1,1,設定使用馬達的密碼,設定好馬達密碼,index_aligned,unmapped,KW-ALIAS-SET,manual,from step splitting parser v1; prefill_v1:set_or_select,manual_only,tap,password_field,pending,pending,pending,pending
CCU-230832-1,CCU-230832-1-S1,CCU-230832,1,1,點選任意馬達,跳出需要輸入密碼,index_aligned,unmapped,,,from step splitting parser v1,unmapped,input,password_field,pending,pending,pending,pending
CCU-230833-1,CCU-230833-1-S1,CCU-230833,1,1,點選 i forgot my password,顯示提示按面板藍牙按鈕 3 秒,index_aligned,unmapped,KW-ALIAS-LOGIN-FLOW,manual,from step splitting parser v1; prefill_v2:login_flow,manual_only,tap,login_button,pending,pending,pending,pending
CCU-230833-2,CCU-230833-2-S1,CCU-230833,2,1,,,no_expected,unmapped,,,from step splitting parser v1,unmapped,tap,todo_alias,pending,pending,pending,pending
CCU-230834-1,CCU-230834-1-S1,CCU-230834,1,1,點擊面板藍牙按鈕 3 秒,APP 顯示請使用新密碼解鎖,index_aligned,unmapped,KW-ALIAS-CLICK,manual,from step splitting parser v1; prefill_v1:ui_action_click,manual_only,tap,password_field,pending,pending,pending,pending
CCU-230835-1,CCU-230835-1-S1,CCU-230835,1,1,使用新密碼,馬達可使用,index_aligned,unmapped,KW-ALIAS-LOGIN-FLOW,manual,from step splitting parser v1; prefill_v2:login_flow,manual_only,tap,password_field,pending,pending,pending,pending
CCU-230851-1,CCU-230851-1-S1,CCU-230851,1,1,查看手機,APP 出現控制頁面,index_aligned,unmapped,KW-ALIAS-CHECK,manual,from step splitting parser v1; prefill_v1:ui_or_device_check,manual_only,tap,todo_alias,pending,pending,pending,pending
CCU-230852-1,CCU-230852-1-S1,CCU-230852,1,1,藍牙配對成功 將名稱改名為 年份版本（例如：2026CW06C),名稱更改成功,index_aligned,unmapped,KW-ALIAS-BLUETOOTH,manual,from step splitting parser v1; prefill_v1:bluetooth_action,manual_only,tap,bluetooth_status_label,pending,pending,pending,pending
CCU-230853-1,CCU-230853-1-S1,CCU-230853,1,1,在藍牙模式下點擊 Disconnect 斷線,藍牙模式斷線,index_aligned,unmapped,KW-ALIAS-BLUETOOTH,manual,from step splitting parser v1; prefill_v1:bluetooth_action,manual_only,tap,bluetooth_status_label,pending,pending,pending,pending
CCU-230854-1,CCU-230854-1-S1,CCU-230854,1,1,APP 連接模式選擇 Remote 連接,出現年份版本的名稱,index_aligned,unmapped,,,from step splitting parser v1,unmapped,tap,todo_alias,pending,pending,pending,pending
CCU-230855-1,CCU-230855-1-S1,CCU-230855,1,1,點擊 Settings,進入Settings 頁面,index_aligned,unmapped,KW-ALIAS-CLICK,manual,from step splitting parser v1; prefill_v1:ui_action_click,manual_only,tap,settings_button,pending,pending,pending,pending
CCU-230856-1,CCU-230856-1-S1,CCU-230856,1,1,點擊 Forget RV Panel,Remote 斷線,index_aligned,unmapped,KW-ALIAS-CLICK,manual,from step splitting parser v1; prefill_v1:ui_action_click,manual_only,tap,todo_alias,pending,pending,pending,pending
CCU-230869-1,CCU-230869-1-S1,CCU-230869,1,1,面板電源開啟,面板ＭＩＣ亮燈,index_aligned,unmapped,,,from step splitting parser v1,unmapped,tap,todo_alias,pending,pending,pending,pending
CCU-230870-1,CCU-230870-1-S1,CCU-230870,1,1,點擊面板藍牙按鈕,面板語音輸出ＩＤ給使用者,index_aligned,unmapped,KW-ALIAS-CLICK,manual,from step splitting parser v1; prefill_v1:ui_action_click,manual_only,tap,bluetooth_status_label,pending,pending,pending,pending
CCU-230871-1,CCU-230871-1-S1,CCU-230871,1,1,查看ＡＰＰ,APP 上面出現廣播的 ID,index_aligned,unmapped,KW-ALIAS-CHECK,manual,from step splitting parser v1; prefill_v1:ui_or_device_check,manual_only,tap,todo_alias,pending,pending,pending,pending
CCU-230872-1,CCU-230872-1-S1,CCU-230872,1,1,點擊 APP 上面的 ID,面板語音提示需要按下面板的藍牙按鈕兩下,index_aligned,unmapped,KW-ALIAS-CLICK,manual,from step splitting parser v1; prefill_v1:ui_action_click,manual_only,tap,bluetooth_status_label,pending,pending,pending,pending
CCU-230873-1,CCU-230873-1-S1,CCU-230873,1,1,寧聽面板語音,面板語音說： 目前有一部智慧型手機正在請求透過藍牙與控制面板配對,index_aligned,unmapped,KW-ALIAS-DEVICE-STATE,manual,from step splitting parser v1; prefill_v2:device_state,manual_only,tap,bluetooth_status_label,pending,pending,pending,pending
CCU-230874-1,CCU-230874-1-S1,CCU-230874,1,1,檢查面板,藍牙指示燈必須閃爍得更快,index_aligned,unmapped,KW-ALIAS-CHECK,manual,from step splitting parser v1; prefill_v1:ui_or_device_check,manual_only,assert_visible,bluetooth_status_label,pending,pending,pending,pending
CCU-230875-1,CCU-230875-1-S1,CCU-230875,1,1,查看手機,APP 出現倒數30秒,index_aligned,unmapped,KW-ALIAS-CHECK,manual,from step splitting parser v1; prefill_v1:ui_or_device_check,manual_only,tap,todo_alias,pending,pending,pending,pending
CCU-230876-1,CCU-230876-1-S1,CCU-230876,1,1,查看手機,等待30秒過時,index_aligned,unmapped,KW-ALIAS-CHECK,manual,from step splitting parser v1; prefill_v1:ui_or_device_check,manual_only,wait,todo_alias,pending,pending,pending,pending
CCU-230877-1,CCU-230877-1-S1,CCU-230877,1,1,查看手機,返回 APP 出現廣播 ID 的畫面,index_aligned,unmapped,KW-ALIAS-CHECK,manual,from step splitting parser v1; prefill_v1:ui_or_device_check,manual_only,navigate,back_button,pending,pending,pending,pending
CCU-230836-1,CCU-230836-1-S1,CCU-230836,1,1,查看手機,APP 出現控制頁面,index_aligned,unmapped,KW-ALIAS-CHECK,manual,from step splitting parser v1; prefill_v1:ui_or_device_check,manual_only,tap,todo_alias,pending,pending,pending,pending
CCU-230837-1,CCU-230837-1-S1,CCU-230837,1,1,APP 滑掉,APP 關閉,index_aligned,unmapped,,,from step splitting parser v1,unmapped,tap,todo_alias,pending,pending,pending,pending
CCU-230838-1,CCU-230838-1-S1,CCU-230838,1,1,長按面板藍牙按鈕 10 秒,Android 重置,index_aligned,unmapped,KW-ALIAS-CLICK,manual,from step splitting parser v1; prefill_v1:ui_action_click,manual_only,tap,bluetooth_status_label,pending,pending,pending,pending
CCU-230839-1,CCU-230839-1-S1,CCU-230839,1,1,查看手機,APP 出現控制頁面,index_aligned,unmapped,KW-ALIAS-CHECK,manual,from step splitting parser v1; prefill_v1:ui_or_device_check,manual_only,tap,todo_alias,pending,pending,pending,pending
CCU-230840-1,CCU-230840-1-S1,CCU-230840,1,1,長按面板藍牙按鈕 10 秒,iOS 斷線,index_aligned,unmapped,KW-ALIAS-CLICK,manual,from step splitting parser v1; prefill_v1:ui_action_click,manual_only,tap,bluetooth_status_label,pending,pending,pending,pending
CCU-230841-1,CCU-230841-1-S1,CCU-230841,1,1,查看手機,APP 出現控制頁面,index_aligned,unmapped,KW-ALIAS-CHECK,manual,from step splitting parser v1; prefill_v1:ui_or_device_check,manual_only,tap,todo_alias,pending,pending,pending,pending
CCU-230842-1,CCU-230842-1-S1,CCU-230842,1,1,長按面板藍牙按鈕 10 秒,iOS 重置,index_aligned,unmapped,KW-ALIAS-CLICK,manual,from step splitting parser v1; prefill_v1:ui_action_click,manual_only,tap,bluetooth_status_label,pending,pending,pending,pending
CCU-123-1,CCU-123-1-S1,CCU-123,1,1,開啟 RV 控制 App (iOS 或 Android)。,App 應在合理時間內成功連接至 RV 系統,index_aligned,unmapped,KW-ALIAS-OPEN,manual,from step splitting parser v1; prefill_v1:open_or_enable,manual_only,tap,success_message,pending,pending,pending,pending
CCU-123-1,CCU-123-1-S2,CCU-123,1,2,開啟 RV 控制 App (iOS 或 Android)。,App 主介面應正確顯示，無明顯錯誤或崩潰,index_aligned,unmapped,KW-ALIAS-OPEN,manual,from step splitting parser v1; prefill_v1:open_or_enable,manual_only,tap,error_message,pending,pending,pending,pending
CCU-123-1,CCU-123-1-S3,CCU-123,1,3,開啟 RV 控制 App (iOS 或 Android)。,應能看到 RV 系統的基本狀態 (例如連線成功圖示),index_aligned,unmapped,KW-ALIAS-OPEN,manual,from step splitting parser v1; prefill_v1:open_or_enable,manual_only,tap,success_message,pending,pending,pending,pending
CCU-123-2,CCU-123-2-S1,CCU-123,2,1,觀察 App 是否能成功連接到 RV 系統。,App 應在合理時間內成功連接至 RV 系統,index_aligned,manual_only,KW-ALIAS-CHECK,manual,from step splitting parser v1; prefill_v1:ui_or_device_check,manual_only,tap,success_message,pending,pending,pending,pending
CCU-123-2,CCU-123-2-S2,CCU-123,2,2,觀察 App 是否能成功連接到 RV 系統。,App 主介面應正確顯示，無明顯錯誤或崩潰,index_aligned,manual_only,KW-ALIAS-CHECK,manual,from step splitting parser v1; prefill_v1:ui_or_device_check,manual_only,tap,error_message,pending,pending,pending,pending
CCU-123-2,CCU-123-2-S3,CCU-123,2,3,觀察 App 是否能成功連接到 RV 系統。,應能看到 RV 系統的基本狀態 (例如連線成功圖示),index_aligned,manual_only,KW-ALIAS-CHECK,manual,from step splitting parser v1; prefill_v1:ui_or_device_check,manual_only,tap,success_message,pending,pending,pending,pending
CCU-123-3,CCU-123-3-S1,CCU-123,3,1,檢查 App 主介面是否正常載入,App 應在合理時間內成功連接至 RV 系統,index_aligned,manual_only,KW-ALIAS-CHECK,manual,from step splitting parser v1; prefill_v1:ui_or_device_check,manual_only,assert_visible,success_message,pending,pending,pending,pending
CCU-123-3,CCU-123-3-S2,CCU-123,3,2,顯示基本控制項或狀態資訊,App 主介面應正確顯示，無明顯錯誤或崩潰,index_aligned,manual_only,,,from step splitting parser v1,unmapped,tap,error_message,pending,pending,pending,pending
CCU-123-3,CCU-123-3-S3,CCU-123,3,3,顯示基本控制項或狀態資訊,應能看到 RV 系統的基本狀態 (例如連線成功圖示),index_aligned,manual_only,,,from step splitting parser v1,unmapped,tap,success_message,pending,pending,pending,pending
CCU-124-1,CCU-124-1-S1,CCU-124,1,1,透過 App 導航至主燈控制項。,主燈應能被 App 成功開啟和關閉,index_aligned,unmapped,,,from step splitting parser v1,unmapped,tap,success_message,pending,pending,pending,pending
CCU-124-1,CCU-124-1-S2,CCU-124,1,2,透過 App 導航至主燈控制項。,App 上的燈光狀態應與實際狀態一致,index_aligned,unmapped,,,from step splitting parser v1,unmapped,tap,todo_alias,pending,pending,pending,pending
CCU-124-1,CCU-124-1-S3,CCU-124,1,3,透過 App 導航至主燈控制項。,操作反應應及時,index_aligned,unmapped,,,from step splitting parser v1,unmapped,tap,todo_alias,pending,pending,pending,pending
CCU-124-2,CCU-124-2-S1,CCU-124,2,1,點擊「開啟」主燈。,主燈應能被 App 成功開啟和關閉,index_aligned,manual_only,KW-ALIAS-CLICK,manual,from step splitting parser v1; prefill_v1:ui_action_click,manual_only,tap,success_message,pending,pending,pending,pending
CCU-124-2,CCU-124-2-S2,CCU-124,2,2,點擊「開啟」主燈。,App 上的燈光狀態應與實際狀態一致,index_aligned,manual_only,KW-ALIAS-CLICK,manual,from step splitting parser v1; prefill_v1:ui_action_click,manual_only,tap,todo_alias,pending,pending,pending,pending
CCU-124-2,CCU-124-2-S3,CCU-124,2,3,點擊「開啟」主燈。,操作反應應及時,index_aligned,manual_only,KW-ALIAS-CLICK,manual,from step splitting parser v1; prefill_v1:ui_action_click,manual_only,tap,todo_alias,pending,pending,pending,pending
CCU-124-3,CCU-124-3-S1,CCU-124,3,1,觀察主燈實際是否亮起，及 App 狀態是否更新。,主燈應能被 App 成功開啟和關閉,index_aligned,manual_only,KW-ALIAS-CHECK,manual,from step splitting parser v1; prefill_v1:ui_or_device_check,manual_only,tap,success_message,pending,pending,pending,pending
CCU-124-3,CCU-124-3-S2,CCU-124,3,2,觀察主燈實際是否亮起，及 App 狀態是否更新。,App 上的燈光狀態應與實際狀態一致,index_aligned,manual_only,KW-ALIAS-CHECK,manual,from step splitting parser v1; prefill_v1:ui_or_device_check,manual_only,tap,todo_alias,pending,pending,pending,pending
CCU-124-3,CCU-124-3-S3,CCU-124,3,3,觀察主燈實際是否亮起，及 App 狀態是否更新。,操作反應應及時,index_aligned,manual_only,KW-ALIAS-CHECK,manual,from step splitting parser v1; prefill_v1:ui_or_device_check,manual_only,tap,todo_alias,pending,pending,pending,pending
CCU-124-4,CCU-124-4-S1,CCU-124,4,1,點擊「關閉」主燈。,主燈應能被 App 成功開啟和關閉,index_aligned,manual_only,KW-ALIAS-CLICK,manual,from step splitting parser v1; prefill_v1:ui_action_click,manual_only,tap,success_message,pending,pending,pending,pending
CCU-124-4,CCU-124-4-S2,CCU-124,4,2,點擊「關閉」主燈。,App 上的燈光狀態應與實際狀態一致,index_aligned,manual_only,KW-ALIAS-CLICK,manual,from step splitting parser v1; prefill_v1:ui_action_click,manual_only,tap,todo_alias,pending,pending,pending,pending
CCU-124-4,CCU-124-4-S3,CCU-124,4,3,點擊「關閉」主燈。,操作反應應及時,index_aligned,manual_only,KW-ALIAS-CLICK,manual,from step splitting parser v1; prefill_v1:ui_action_click,manual_only,tap,todo_alias,pending,pending,pending,pending
CCU-124-5,CCU-124-5-S1,CCU-124,5,1,觀察主燈實際是否熄滅，及 App 狀態是否更新。,主燈應能被 App 成功開啟和關閉,index_aligned,manual_only,KW-ALIAS-CHECK,manual,from step splitting parser v1; prefill_v1:ui_or_device_check,manual_only,tap,success_message,pending,pending,pending,pending
CCU-124-5,CCU-124-5-S2,CCU-124,5,2,觀察主燈實際是否熄滅，及 App 狀態是否更新。,App 上的燈光狀態應與實際狀態一致,index_aligned,manual_only,KW-ALIAS-CHECK,manual,from step splitting parser v1; prefill_v1:ui_or_device_check,manual_only,tap,todo_alias,pending,pending,pending,pending
CCU-124-5,CCU-124-5-S3,CCU-124,5,3,觀察主燈實際是否熄滅，及 App 狀態是否更新。,操作反應應及時,index_aligned,manual_only,KW-ALIAS-CHECK,manual,from step splitting parser v1; prefill_v1:ui_or_device_check,manual_only,tap,todo_alias,pending,pending,pending,pending
CCU-135-1,CCU-135-1-S1,CCU-135,1,1,透過 App 導航至延伸車架控制。,延伸車架電機應能響應 App 的短時展開和收回指令,index_aligned,unmapped,,,from step splitting parser v1,unmapped,tap,todo_alias,pending,pending,pending,pending
CCU-135-1,CCU-135-1-S2,CCU-135,1,2,透過 App 導航至延伸車架控制。,有相應動作,index_aligned,unmapped,,,from step splitting parser v1,unmapped,tap,todo_alias,pending,pending,pending,pending
CCU-135-1,CCU-135-1-S3,CCU-135,1,3,透過 App 導航至延伸車架控制。,App 應能發出停止指令使電機停止,index_aligned,unmapped,,,from step splitting parser v1,unmapped,tap,todo_alias,pending,pending,pending,pending
CCU-135-2,CCU-135-2-S1,CCU-135,2,1,短暫點擊 (例如1-2秒後立即停止)「展開」按鈕。,延伸車架電機應能響應 App 的短時展開和收回指令,index_aligned,unmapped,,,from step splitting parser v1,unmapped,tap,todo_alias,pending,pending,pending,pending
CCU-135-2,CCU-135-2-S2,CCU-135,2,2,短暫點擊 (例如1-2秒後立即停止)「展開」按鈕。,有相應動作,index_aligned,unmapped,,,from step splitting parser v1,unmapped,tap,todo_alias,pending,pending,pending,pending
CCU-135-2,CCU-135-2-S3,CCU-135,2,3,短暫點擊 (例如1-2秒後立即停止)「展開」按鈕。,App 應能發出停止指令使電機停止,index_aligned,unmapped,,,from step splitting parser v1,unmapped,tap,todo_alias,pending,pending,pending,pending
CCU-135-3,CCU-135-3-S1,CCU-135,3,1,觀察延伸車架電機是否啟動,延伸車架電機應能響應 App 的短時展開和收回指令,index_aligned,manual_only,KW-ALIAS-CHECK,manual,from step splitting parser v1; prefill_v1:ui_or_device_check,manual_only,tap,todo_alias,pending,pending,pending,pending
CCU-135-3,CCU-135-3-S2,CCU-135,3,2,有輕微移動,有相應動作,index_aligned,manual_only,,,from step splitting parser v1,unmapped,tap,todo_alias,pending,pending,pending,pending
CCU-135-3,CCU-135-3-S3,CCU-135,3,3,有輕微移動,App 應能發出停止指令使電機停止,index_aligned,manual_only,,,from step splitting parser v1,unmapped,tap,todo_alias,pending,pending,pending,pending
CCU-135-4,CCU-135-4-S1,CCU-135,4,1,短暫點擊「收回」按鈕。,延伸車架電機應能響應 App 的短時展開和收回指令,index_aligned,unmapped,,,from step splitting parser v1,unmapped,tap,todo_alias,pending,pending,pending,pending
CCU-135-4,CCU-135-4-S2,CCU-135,4,2,短暫點擊「收回」按鈕。,有相應動作,index_aligned,unmapped,,,from step splitting parser v1,unmapped,tap,todo_alias,pending,pending,pending,pending
CCU-135-4,CCU-135-4-S3,CCU-135,4,3,短暫點擊「收回」按鈕。,App 應能發出停止指令使電機停止,index_aligned,unmapped,,,from step splitting parser v1,unmapped,tap,todo_alias,pending,pending,pending,pending
CCU-135-5,CCU-135-5-S1,CCU-135,5,1,觀察延伸車架電機是否反向啟動,延伸車架電機應能響應 App 的短時展開和收回指令,index_aligned,manual_only,KW-ALIAS-CHECK,manual,from step splitting parser v1; prefill_v1:ui_or_device_check,manual_only,tap,todo_alias,pending,pending,pending,pending
CCU-135-5,CCU-135-5-S2,CCU-135,5,2,有輕微移動,有相應動作,index_aligned,manual_only,,,from step splitting parser v1,unmapped,tap,todo_alias,pending,pending,pending,pending
CCU-135-5,CCU-135-5-S3,CCU-135,5,3,有輕微移動,App 應能發出停止指令使電機停止,index_aligned,manual_only,,,from step splitting parser v1,unmapped,tap,todo_alias,pending,pending,pending,pending
CCU-136-1,CCU-136-1-S1,CCU-136,1,1,透過 App 導航至延伸車架控制。,延伸車架電機應能響應 App 的短時展開和收回指令,index_aligned,unmapped,,,from step splitting parser v1,unmapped,tap,todo_alias,pending,pending,pending,pending
CCU-136-1,CCU-136-1-S2,CCU-136,1,2,透過 App 導航至延伸車架控制。,有相應動作,index_aligned,unmapped,,,from step splitting parser v1,unmapped,tap,todo_alias,pending,pending,pending,pending
CCU-136-1,CCU-136-1-S3,CCU-136,1,3,透過 App 導航至延伸車架控制。,App 應能發出停止指令使電機停止,index_aligned,unmapped,,,from step splitting parser v1,unmapped,tap,todo_alias,pending,pending,pending,pending
CCU-136-2,CCU-136-2-S1,CCU-136,2,1,短暫點擊 (例如1-2秒後立即停止)「展開」按鈕。,延伸車架電機應能響應 App 的短時展開和收回指令,index_aligned,unmapped,,,from step splitting parser v1,unmapped,tap,todo_alias,pending,pending,pending,pending
CCU-136-2,CCU-136-2-S2,CCU-136,2,2,短暫點擊 (例如1-2秒後立即停止)「展開」按鈕。,有相應動作,index_aligned,unmapped,,,from step splitting parser v1,unmapped,tap,todo_alias,pending,pending,pending,pending
CCU-136-2,CCU-136-2-S3,CCU-136,2,3,短暫點擊 (例如1-2秒後立即停止)「展開」按鈕。,App 應能發出停止指令使電機停止,index_aligned,unmapped,,,from step splitting parser v1,unmapped,tap,todo_alias,pending,pending,pending,pending
CCU-136-3,CCU-136-3-S1,CCU-136,3,1,觀察延伸車架電機是否啟動,延伸車架電機應能響應 App 的短時展開和收回指令,index_aligned,manual_only,KW-ALIAS-CHECK,manual,from step splitting parser v1; prefill_v1:ui_or_device_check,manual_only,tap,todo_alias,pending,pending,pending,pending
CCU-136-3,CCU-136-3-S2,CCU-136,3,2,有輕微移動,有相應動作,index_aligned,manual_only,,,from step splitting parser v1,unmapped,tap,todo_alias,pending,pending,pending,pending
CCU-136-3,CCU-136-3-S3,CCU-136,3,3,有輕微移動,App 應能發出停止指令使電機停止,index_aligned,manual_only,,,from step splitting parser v1,unmapped,tap,todo_alias,pending,pending,pending,pending
CCU-136-4,CCU-136-4-S1,CCU-136,4,1,短暫點擊「收回」按鈕。,延伸車架電機應能響應 App 的短時展開和收回指令,index_aligned,unmapped,,,from step splitting parser v1,unmapped,tap,todo_alias,pending,pending,pending,pending
CCU-136-4,CCU-136-4-S2,CCU-136,4,2,短暫點擊「收回」按鈕。,有相應動作,index_aligned,unmapped,,,from step splitting parser v1,unmapped,tap,todo_alias,pending,pending,pending,pending
CCU-136-4,CCU-136-4-S3,CCU-136,4,3,短暫點擊「收回」按鈕。,App 應能發出停止指令使電機停止,index_aligned,unmapped,,,from step splitting parser v1,unmapped,tap,todo_alias,pending,pending,pending,pending
CCU-136-5,CCU-136-5-S1,CCU-136,5,1,觀察延伸車架電機是否反向啟動,延伸車架電機應能響應 App 的短時展開和收回指令,index_aligned,manual_only,KW-ALIAS-CHECK,manual,from step splitting parser v1; prefill_v1:ui_or_device_check,manual_only,tap,todo_alias,pending,pending,pending,pending
CCU-136-5,CCU-136-5-S2,CCU-136,5,2,有輕微移動,有相應動作,index_aligned,manual_only,,,from step splitting parser v1,unmapped,tap,todo_alias,pending,pending,pending,pending
CCU-136-5,CCU-136-5-S3,CCU-136,5,3,有輕微移動,App 應能發出停止指令使電機停止,index_aligned,manual_only,,,from step splitting parser v1,unmapped,tap,todo_alias,pending,pending,pending,pending
CCU-231035-1,CCU-231035-1-S1,CCU-231035,1,1,透過 App 導航至延伸車架控制。,延伸車架電機應能響應 App 的短時展開和收回指令,index_aligned,unmapped,,,from step splitting parser v1,unmapped,tap,todo_alias,pending,pending,pending,pending
CCU-231035-1,CCU-231035-1-S2,CCU-231035,1,2,透過 App 導航至延伸車架控制。,有相應動作,index_aligned,unmapped,,,from step splitting parser v1,unmapped,tap,todo_alias,pending,pending,pending,pending
CCU-231035-1,CCU-231035-1-S3,CCU-231035,1,3,透過 App 導航至延伸車架控制。,App 應能發出停止指令使電機停止,index_aligned,unmapped,,,from step splitting parser v1,unmapped,tap,todo_alias,pending,pending,pending,pending
CCU-231035-2,CCU-231035-2-S1,CCU-231035,2,1,長壓點擊 (例如3-5秒放開 立即停止)「展開」按鈕。,延伸車架電機應能響應 App 的長時展開和收回指令,index_aligned,unmapped,KW-ALIAS-CLICK,manual,from step splitting parser v1; prefill_v1:ui_action_click,manual_only,tap,todo_alias,pending,pending,pending,pending
CCU-231035-2,CCU-231035-2-S2,CCU-231035,2,2,長壓點擊 (例如3-5秒放開 立即停止)「展開」按鈕。,有相應動作,index_aligned,unmapped,KW-ALIAS-CLICK,manual,from step splitting parser v1; prefill_v1:ui_action_click,manual_only,tap,todo_alias,pending,pending,pending,pending
CCU-231035-2,CCU-231035-2-S3,CCU-231035,2,3,長壓點擊 (例如3-5秒放開 立即停止)「展開」按鈕。,App 應能放開後發出停止指令使電機停止,index_aligned,unmapped,KW-ALIAS-CLICK,manual,from step splitting parser v1; prefill_v1:ui_action_click,manual_only,tap,todo_alias,pending,pending,pending,pending
CCU-231035-3,CCU-231035-3-S1,CCU-231035,3,1,觀察延伸車架電機是否啟動,延伸車架電機應能響應 App 的長時展開和收回指令,index_aligned,manual_only,KW-ALIAS-CHECK,manual,from step splitting parser v1; prefill_v1:ui_or_device_check,manual_only,tap,todo_alias,pending,pending,pending,pending
CCU-231035-3,CCU-231035-3-S2,CCU-231035,3,2,如長壓時間移動,有相應動作,index_aligned,manual_only,,,from step splitting parser v1,unmapped,tap,todo_alias,pending,pending,pending,pending
CCU-231035-3,CCU-231035-3-S3,CCU-231035,3,3,如長壓時間移動,App 應能放開後發出停止指令使電機停止,index_aligned,manual_only,,,from step splitting parser v1,unmapped,tap,todo_alias,pending,pending,pending,pending
CCU-231035-5,CCU-231035-5-S1,CCU-231035,5,1,長壓「收回」按鈕。,延伸車架電機應能響應 App 的長時展開和收回指令,index_aligned,unmapped,KW-ALIAS-CLICK,manual,from step splitting parser v1; prefill_v1:ui_action_click,manual_only,tap,todo_alias,pending,pending,pending,pending
CCU-231035-5,CCU-231035-5-S2,CCU-231035,5,2,長壓「收回」按鈕。,有相應動作,index_aligned,unmapped,KW-ALIAS-CLICK,manual,from step splitting parser v1; prefill_v1:ui_action_click,manual_only,tap,todo_alias,pending,pending,pending,pending
CCU-231035-5,CCU-231035-5-S3,CCU-231035,5,3,長壓「收回」按鈕。,App 應能放開後發出停止指令使電機停止,index_aligned,unmapped,KW-ALIAS-CLICK,manual,from step splitting parser v1; prefill_v1:ui_action_click,manual_only,tap,todo_alias,pending,pending,pending,pending
CCU-231035-6,CCU-231035-6-S1,CCU-231035,6,1,觀察延伸車架電機是否反向啟動,延伸車架電機應能響應 App 的長時展開和收回指令,index_aligned,manual_only,KW-ALIAS-CHECK,manual,from step splitting parser v1; prefill_v1:ui_or_device_check,manual_only,tap,todo_alias,pending,pending,pending,pending
CCU-231035-6,CCU-231035-6-S2,CCU-231035,6,2,如長壓時間移動,有相應動作,index_aligned,manual_only,,,from step splitting parser v1,unmapped,tap,todo_alias,pending,pending,pending,pending
CCU-231035-6,CCU-231035-6-S3,CCU-231035,6,3,如長壓時間移動,App 應能放開後發出停止指令使電機停止,index_aligned,manual_only,,,from step splitting parser v1,unmapped,tap,todo_alias,pending,pending,pending,pending
CCU-231036-1,CCU-231036-1-S1,CCU-231036,1,1,透過 App 導航至延伸車架控制。,延伸車架電機應能響應 App 的長時展開和收回指令,index_aligned,unmapped,,,from step splitting parser v1,unmapped,tap,todo_alias,pending,pending,pending,pending
CCU-231036-1,CCU-231036-1-S2,CCU-231036,1,2,透過 App 導航至延伸車架控制。,有相應動作,index_aligned,unmapped,,,from step splitting parser v1,unmapped,tap,todo_alias,pending,pending,pending,pending
CCU-231036-1,CCU-231036-1-S3,CCU-231036,1,3,透過 App 導航至延伸車架控制。,App 應能放開後發出停止指令使電機停止,index_aligned,unmapped,,,from step splitting parser v1,unmapped,tap,todo_alias,pending,pending,pending,pending
CCU-231036-2,CCU-231036-2-S1,CCU-231036,2,1,長壓點擊 (例如3-5秒放開 立即停止)「展開」按鈕。,延伸車架電機應能響應 App 的長時展開和收回指令,index_aligned,unmapped,KW-ALIAS-CLICK,manual,from step splitting parser v1; prefill_v1:ui_action_click,manual_only,tap,todo_alias,pending,pending,pending,pending
CCU-231036-2,CCU-231036-2-S2,CCU-231036,2,2,長壓點擊 (例如3-5秒放開 立即停止)「展開」按鈕。,有相應動作,index_aligned,unmapped,KW-ALIAS-CLICK,manual,from step splitting parser v1; prefill_v1:ui_action_click,manual_only,tap,todo_alias,pending,pending,pending,pending
CCU-231036-2,CCU-231036-2-S3,CCU-231036,2,3,長壓點擊 (例如3-5秒放開 立即停止)「展開」按鈕。,App 應能放開後發出停止指令使電機停止,index_aligned,unmapped,KW-ALIAS-CLICK,manual,from step splitting parser v1; prefill_v1:ui_action_click,manual_only,tap,todo_alias,pending,pending,pending,pending
CCU-231036-3,CCU-231036-3-S1,CCU-231036,3,1,長壓點擊 (例如3-5秒放開 立即停止)「展開」按鈕。,延伸車架電機應能響應 App 的長時展開和收回指令,index_aligned,unmapped,KW-ALIAS-CLICK,manual,from step splitting parser v1; prefill_v1:ui_action_click,manual_only,tap,todo_alias,pending,pending,pending,pending
CCU-231036-3,CCU-231036-3-S2,CCU-231036,3,2,長壓點擊 (例如3-5秒放開 立即停止)「展開」按鈕。,有相應動作,index_aligned,unmapped,KW-ALIAS-CLICK,manual,from step splitting parser v1; prefill_v1:ui_action_click,manual_only,tap,todo_alias,pending,pending,pending,pending
CCU-231036-3,CCU-231036-3-S3,CCU-231036,3,3,長壓點擊 (例如3-5秒放開 立即停止)「展開」按鈕。,App 應能放開後發出停止指令使電機停止,index_aligned,unmapped,KW-ALIAS-CLICK,manual,from step splitting parser v1; prefill_v1:ui_action_click,manual_only,tap,todo_alias,pending,pending,pending,pending
CCU-231036-4,CCU-231036-4-S1,CCU-231036,4,1,長壓「收回」按鈕。,延伸車架電機應能響應 App 的長時展開和收回指令,index_aligned,unmapped,KW-ALIAS-CLICK,manual,from step splitting parser v1; prefill_v1:ui_action_click,manual_only,tap,todo_alias,pending,pending,pending,pending
CCU-231036-4,CCU-231036-4-S2,CCU-231036,4,2,長壓「收回」按鈕。,有相應動作,index_aligned,unmapped,KW-ALIAS-CLICK,manual,from step splitting parser v1; prefill_v1:ui_action_click,manual_only,tap,todo_alias,pending,pending,pending,pending
CCU-231036-4,CCU-231036-4-S3,CCU-231036,4,3,長壓「收回」按鈕。,App 應能放開後發出停止指令使電機停止,index_aligned,unmapped,KW-ALIAS-CLICK,manual,from step splitting parser v1; prefill_v1:ui_action_click,manual_only,tap,todo_alias,pending,pending,pending,pending
CCU-231036-5,CCU-231036-5-S1,CCU-231036,5,1,觀察延伸車架電機是否反向啟動,延伸車架電機應能響應 App 的長時展開和收回指令,index_aligned,manual_only,KW-ALIAS-CHECK,manual,from step splitting parser v1; prefill_v1:ui_or_device_check,manual_only,tap,todo_alias,pending,pending,pending,pending
CCU-231036-5,CCU-231036-5-S2,CCU-231036,5,2,如長壓時間移動,有相應動作,index_aligned,manual_only,,,from step splitting parser v1,unmapped,tap,todo_alias,pending,pending,pending,pending
CCU-231036-5,CCU-231036-5-S3,CCU-231036,5,3,如長壓時間移動,App 應能放開後發出停止指令使電機停止,index_aligned,manual_only,,,from step splitting parser v1,unmapped,tap,todo_alias,pending,pending,pending,pending
CCU-230481-1,CCU-230481-1-S1,CCU-230481,1,1,點擊語音命令,切換到語音命令頁面,index_aligned,manual_only,KW-ALIAS-CLICK,manual,from step splitting parser v1; prefill_v1:ui_action_click,manual_only,tap,todo_alias,pending,pending,pending,pending
CCU-230481-2,CCU-230481-2-S1,CCU-230481,2,1,"voice command : ""turn on all lights""",所有燈開啟正常,index_aligned,unmapped,KW-ALIAS-DEVICE-STATE,manual,from step splitting parser v1; prefill_v2:device_state,manual_only,tap,todo_alias,pending,pending,pending,pending
CCU-231333-1,CCU-231333-1-S1,CCU-231333,1,1,實體線路操作水位偵測地線放入水瓶中,APP FRESH 水位在高,expected_attached_to_first,unmapped,KW-ALIAS-DEVICE-WIRING,manual,from step splitting parser v1; prefill_v2:device_wiring,manual_only,tap,todo_alias,pending,pending,pending,pending
CCU-231333-1,CCU-231333-1-S2,CCU-231333,1,2,實體線路操作水位偵測橘色線路放進水瓶中,,expected_attached_to_first,unmapped,KW-ALIAS-DEVICE-WIRING,manual,from step splitting parser v1; prefill_v2:device_wiring,manual_only,tap,todo_alias,pending,pending,pending,pending
CCU-231334-1,CCU-231334-1-S1,CCU-231334,1,1,實體線路操作水位偵測地線放入水瓶中,APP FRESH 水位在中,expected_attached_to_first,unmapped,KW-ALIAS-DEVICE-WIRING,manual,from step splitting parser v1; prefill_v2:device_wiring,manual_only,tap,todo_alias,pending,pending,pending,pending
CCU-231334-1,CCU-231334-1-S2,CCU-231334,1,2,實體線路操作水位偵測綠色線路放進水瓶中,,expected_attached_to_first,unmapped,KW-ALIAS-DEVICE-WIRING,manual,from step splitting parser v1; prefill_v2:device_wiring,manual_only,tap,todo_alias,pending,pending,pending,pending
CCU-231335-1,CCU-231335-1-S1,CCU-231335,1,1,實體線路操作水位偵測地線放入水瓶中,APP FRESH 水位在低,expected_attached_to_first,unmapped,KW-ALIAS-DEVICE-WIRING,manual,from step splitting parser v1; prefill_v2:device_wiring,manual_only,tap,todo_alias,pending,pending,pending,pending
CCU-231335-1,CCU-231335-1-S2,CCU-231335,1,2,實體線路操作水位偵測黃色線路放進水瓶中,,expected_attached_to_first,unmapped,KW-ALIAS-DEVICE-WIRING,manual,from step splitting parser v1; prefill_v2:device_wiring,manual_only,tap,todo_alias,pending,pending,pending,pending
CCU-231336-1,CCU-231336-1-S1,CCU-231336,1,1,實體線路操作水位偵測地線放入水瓶中,APP FRESH 水位是空的顯示 [ empty ],index_aligned,unmapped,KW-ALIAS-DEVICE-WIRING,manual,from step splitting parser v1; prefill_v2:device_wiring,manual_only,tap,todo_alias,pending,pending,pending,pending
CCU-231337-1,CCU-231337-1-S1,CCU-231337,1,1,實體線路操作水位偵測地線放入水瓶中,APP GRAY_1 水位在高 顯示 Full,expected_attached_to_first,unmapped,KW-ALIAS-DEVICE-WIRING,manual,from step splitting parser v1; prefill_v2:device_wiring,manual_only,tap,todo_alias,pending,pending,pending,pending
CCU-231337-1,CCU-231337-1-S2,CCU-231337,1,2,實體線路操作水位偵測橘色線路放進水瓶中,,expected_attached_to_first,unmapped,KW-ALIAS-DEVICE-WIRING,manual,from step splitting parser v1; prefill_v2:device_wiring,manual_only,tap,todo_alias,pending,pending,pending,pending
CCU-231338-1,CCU-231338-1-S1,CCU-231338,1,1,實體線路操作水位偵測地線放入水瓶中,APP GRAY_1 水位在高,expected_attached_to_first,unmapped,KW-ALIAS-DEVICE-WIRING,manual,from step splitting parser v1; prefill_v2:device_wiring,manual_only,tap,todo_alias,pending,pending,pending,pending
CCU-231338-1,CCU-231338-1-S2,CCU-231338,1,2,實體線路操作水位偵測橘色線路放進水瓶中,,expected_attached_to_first,unmapped,KW-ALIAS-DEVICE-WIRING,manual,from step splitting parser v1; prefill_v2:device_wiring,manual_only,tap,todo_alias,pending,pending,pending,pending
CCU-231339-1,CCU-231339-1-S1,CCU-231339,1,1,實體線路操作水位偵測地線放入水瓶中,APP GRAY_1 水位在中,expected_attached_to_first,unmapped,KW-ALIAS-DEVICE-WIRING,manual,from step splitting parser v1; prefill_v2:device_wiring,manual_only,tap,todo_alias,pending,pending,pending,pending
CCU-231339-1,CCU-231339-1-S2,CCU-231339,1,2,實體線路操作水位偵測綠色線路放進水瓶中,,expected_attached_to_first,unmapped,KW-ALIAS-DEVICE-WIRING,manual,from step splitting parser v1; prefill_v2:device_wiring,manual_only,tap,todo_alias,pending,pending,pending,pending
CCU-231340-1,CCU-231340-1-S1,CCU-231340,1,1,實體線路操作水位偵測地線放入水瓶中,APP GRAY_1 水位在低,expected_attached_to_first,unmapped,KW-ALIAS-DEVICE-WIRING,manual,from step splitting parser v1; prefill_v2:device_wiring,manual_only,tap,todo_alias,pending,pending,pending,pending
CCU-231340-1,CCU-231340-1-S2,CCU-231340,1,2,實體線路操作水位偵測黃色線路放進水瓶中,,expected_attached_to_first,unmapped,KW-ALIAS-DEVICE-WIRING,manual,from step splitting parser v1; prefill_v2:device_wiring,manual_only,tap,todo_alias,pending,pending,pending,pending
CCU-231341-1,CCU-231341-1-S1,CCU-231341,1,1,實體線路操作水位偵測地線放入水瓶中,APP GRAY_1 水位在高 顯示 Full,expected_attached_to_first,unmapped,KW-ALIAS-DEVICE-WIRING,manual,from step splitting parser v1; prefill_v2:device_wiring,manual_only,tap,todo_alias,pending,pending,pending,pending
CCU-231341-1,CCU-231341-1-S2,CCU-231341,1,2,實體線路操作水位偵測橘色線路放進水瓶中,,expected_attached_to_first,unmapped,KW-ALIAS-DEVICE-WIRING,manual,from step splitting parser v1; prefill_v2:device_wiring,manual_only,tap,todo_alias,pending,pending,pending,pending
CCU-231342-1,CCU-231342-1-S1,CCU-231342,1,1,實體線路操作水位偵測地線放入水瓶中,APP BLACK_1 水位在高,expected_attached_to_first,unmapped,KW-ALIAS-DEVICE-WIRING,manual,from step splitting parser v1; prefill_v2:device_wiring,manual_only,tap,todo_alias,pending,pending,pending,pending
CCU-231342-1,CCU-231342-1-S2,CCU-231342,1,2,實體線路操作水位偵測橘色線路放進水瓶中,,expected_attached_to_first,unmapped,KW-ALIAS-DEVICE-WIRING,manual,from step splitting parser v1; prefill_v2:device_wiring,manual_only,tap,todo_alias,pending,pending,pending,pending
CCU-231343-1,CCU-231343-1-S1,CCU-231343,1,1,實體線路操作水位偵測地線放入水瓶中,APP BLACK_1 水位在中,expected_attached_to_first,unmapped,KW-ALIAS-DEVICE-WIRING,manual,from step splitting parser v1; prefill_v2:device_wiring,manual_only,tap,todo_alias,pending,pending,pending,pending
CCU-231343-1,CCU-231343-1-S2,CCU-231343,1,2,實體線路操作水位偵測綠色線路放進水瓶中,,expected_attached_to_first,unmapped,KW-ALIAS-DEVICE-WIRING,manual,from step splitting parser v1; prefill_v2:device_wiring,manual_only,tap,todo_alias,pending,pending,pending,pending
CCU-231344-1,CCU-231344-1-S1,CCU-231344,1,1,實體線路操作水位偵測地線放入水瓶中,APP BLACK_1 水位在低,expected_attached_to_first,unmapped,KW-ALIAS-DEVICE-WIRING,manual,from step splitting parser v1; prefill_v2:device_wiring,manual_only,tap,todo_alias,pending,pending,pending,pending
CCU-231344-1,CCU-231344-1-S2,CCU-231344,1,2,實體線路操作水位偵測黃色線路放進水瓶中,,expected_attached_to_first,unmapped,KW-ALIAS-DEVICE-WIRING,manual,from step splitting parser v1; prefill_v2:device_wiring,manual_only,tap,todo_alias,pending,pending,pending,pending
CCU-231345-1,CCU-231345-1-S1,CCU-231345,1,1,實體線路操作水位偵測地線放入水瓶中,APP GRAY_1 水位在高 顯示 Full,expected_attached_to_first,unmapped,KW-ALIAS-DEVICE-WIRING,manual,from step splitting parser v1; prefill_v2:device_wiring,manual_only,tap,todo_alias,pending,pending,pending,pending
CCU-231345-1,CCU-231345-1-S2,CCU-231345,1,2,實體線路操作水位偵測橘色線路放進水瓶中,,expected_attached_to_first,unmapped,KW-ALIAS-DEVICE-WIRING,manual,from step splitting parser v1; prefill_v2:device_wiring,manual_only,tap,todo_alias,pending,pending,pending,pending
CCU-231346-1,CCU-231346-1-S1,CCU-231346,1,1,實體線路操作水位偵測地線放入水瓶中,APP GRAY_2 水位在高,expected_attached_to_first,unmapped,KW-ALIAS-DEVICE-WIRING,manual,from step splitting parser v1; prefill_v2:device_wiring,manual_only,tap,todo_alias,pending,pending,pending,pending
CCU-231346-1,CCU-231346-1-S2,CCU-231346,1,2,實體線路操作水位偵測橘色線路放進水瓶中,,expected_attached_to_first,unmapped,KW-ALIAS-DEVICE-WIRING,manual,from step splitting parser v1; prefill_v2:device_wiring,manual_only,tap,todo_alias,pending,pending,pending,pending
CCU-231347-1,CCU-231347-1-S1,CCU-231347,1,1,實體線路操作水位偵測地線放入水瓶中,APP GRAY_2 水位在中,expected_attached_to_first,unmapped,KW-ALIAS-DEVICE-WIRING,manual,from step splitting parser v1; prefill_v2:device_wiring,manual_only,tap,todo_alias,pending,pending,pending,pending
CCU-231347-1,CCU-231347-1-S2,CCU-231347,1,2,實體線路操作水位偵測綠色線路放進水瓶中,,expected_attached_to_first,unmapped,KW-ALIAS-DEVICE-WIRING,manual,from step splitting parser v1; prefill_v2:device_wiring,manual_only,tap,todo_alias,pending,pending,pending,pending
CCU-231348-1,CCU-231348-1-S1,CCU-231348,1,1,實體線路操作水位偵測地線放入水瓶中,APP GRAY_2 水位在低,expected_attached_to_first,unmapped,KW-ALIAS-DEVICE-WIRING,manual,from step splitting parser v1; prefill_v2:device_wiring,manual_only,tap,todo_alias,pending,pending,pending,pending
CCU-231348-1,CCU-231348-1-S2,CCU-231348,1,2,實體線路操作水位偵測黃色線路放進水瓶中,,expected_attached_to_first,unmapped,KW-ALIAS-DEVICE-WIRING,manual,from step splitting parser v1; prefill_v2:device_wiring,manual_only,tap,todo_alias,pending,pending,pending,pending
CCU-231349-1,CCU-231349-1-S1,CCU-231349,1,1,實體線路操作水位偵測地線放入水瓶中,APP GRAY_1 水位在高 顯示 Full,expected_attached_to_first,unmapped,KW-ALIAS-DEVICE-WIRING,manual,from step splitting parser v1; prefill_v2:device_wiring,manual_only,tap,todo_alias,pending,pending,pending,pending
CCU-231349-1,CCU-231349-1-S2,CCU-231349,1,2,實體線路操作水位偵測橘色線路放進水瓶中,,expected_attached_to_first,unmapped,KW-ALIAS-DEVICE-WIRING,manual,from step splitting parser v1; prefill_v2:device_wiring,manual_only,tap,todo_alias,pending,pending,pending,pending
CCU-231350-1,CCU-231350-1-S1,CCU-231350,1,1,實體線路操作水位偵測地線放入水瓶中,APP GRAY_3 水位在高,expected_attached_to_first,unmapped,KW-ALIAS-DEVICE-WIRING,manual,from step splitting parser v1; prefill_v2:device_wiring,manual_only,tap,todo_alias,pending,pending,pending,pending
CCU-231350-1,CCU-231350-1-S2,CCU-231350,1,2,實體線路操作水位偵測橘色線路放進水瓶中,,expected_attached_to_first,unmapped,KW-ALIAS-DEVICE-WIRING,manual,from step splitting parser v1; prefill_v2:device_wiring,manual_only,tap,todo_alias,pending,pending,pending,pending
CCU-231351-1,CCU-231351-1-S1,CCU-231351,1,1,實體線路操作水位偵測地線放入水瓶中,APP GRAY_3 水位在中,expected_attached_to_first,unmapped,KW-ALIAS-DEVICE-WIRING,manual,from step splitting parser v1; prefill_v2:device_wiring,manual_only,tap,todo_alias,pending,pending,pending,pending
CCU-231351-1,CCU-231351-1-S2,CCU-231351,1,2,實體線路操作水位偵測綠色線路放進水瓶中,,expected_attached_to_first,unmapped,KW-ALIAS-DEVICE-WIRING,manual,from step splitting parser v1; prefill_v2:device_wiring,manual_only,tap,todo_alias,pending,pending,pending,pending
CCU-231352-1,CCU-231352-1-S1,CCU-231352,1,1,實體線路操作水位偵測地線放入水瓶中,APP GRAY_3 水位在低,expected_attached_to_first,unmapped,KW-ALIAS-DEVICE-WIRING,manual,from step splitting parser v1; prefill_v2:device_wiring,manual_only,tap,todo_alias,pending,pending,pending,pending
CCU-231352-1,CCU-231352-1-S2,CCU-231352,1,2,實體線路操作水位偵測黃色線路放進水瓶中,,expected_attached_to_first,unmapped,KW-ALIAS-DEVICE-WIRING,manual,from step splitting parser v1; prefill_v2:device_wiring,manual_only,tap,todo_alias,pending,pending,pending,pending
CCU-231353-1,CCU-231353-1-S1,CCU-231353,1,1,實體線路操作水位偵測地線放入水瓶中,APP GRAY_1 水位在高 顯示 Full,expected_attached_to_first,unmapped,KW-ALIAS-DEVICE-WIRING,manual,from step splitting parser v1; prefill_v2:device_wiring,manual_only,tap,todo_alias,pending,pending,pending,pending
CCU-231353-1,CCU-231353-1-S2,CCU-231353,1,2,實體線路操作水位偵測橘色線路放進水瓶中,,expected_attached_to_first,unmapped,KW-ALIAS-DEVICE-WIRING,manual,from step splitting parser v1; prefill_v2:device_wiring,manual_only,tap,todo_alias,pending,pending,pending,pending
CCU-231354-1,CCU-231354-1-S1,CCU-231354,1,1,實體線路操作水位偵測地線放入水瓶中,APP BLACK_2 水位在高,expected_attached_to_first,unmapped,KW-ALIAS-DEVICE-WIRING,manual,from step splitting parser v1; prefill_v2:device_wiring,manual_only,tap,todo_alias,pending,pending,pending,pending
CCU-231354-1,CCU-231354-1-S2,CCU-231354,1,2,實體線路操作水位偵測橘色線路放進水瓶中,,expected_attached_to_first,unmapped,KW-ALIAS-DEVICE-WIRING,manual,from step splitting parser v1; prefill_v2:device_wiring,manual_only,tap,todo_alias,pending,pending,pending,pending
CCU-231355-1,CCU-231355-1-S1,CCU-231355,1,1,實體線路操作水位偵測地線放入水瓶中,APP BLACK_2 水位在中,expected_attached_to_first,unmapped,KW-ALIAS-DEVICE-WIRING,manual,from step splitting parser v1; prefill_v2:device_wiring,manual_only,tap,todo_alias,pending,pending,pending,pending
CCU-231355-1,CCU-231355-1-S2,CCU-231355,1,2,實體線路操作水位偵測綠色線路放進水瓶中,,expected_attached_to_first,unmapped,KW-ALIAS-DEVICE-WIRING,manual,from step splitting parser v1; prefill_v2:device_wiring,manual_only,tap,todo_alias,pending,pending,pending,pending
CCU-231356-1,CCU-231356-1-S1,CCU-231356,1,1,實體線路操作水位偵測地線放入水瓶中,APP BLACK_2 水位在低,expected_attached_to_first,unmapped,KW-ALIAS-DEVICE-WIRING,manual,from step splitting parser v1; prefill_v2:device_wiring,manual_only,tap,todo_alias,pending,pending,pending,pending
CCU-231356-1,CCU-231356-1-S2,CCU-231356,1,2,實體線路操作水位偵測黃色線路放進水瓶中,,expected_attached_to_first,unmapped,KW-ALIAS-DEVICE-WIRING,manual,from step splitting parser v1; prefill_v2:device_wiring,manual_only,tap,todo_alias,pending,pending,pending,pending
CCU-214-1,CCU-214-1-S1,CCU-214,1,1,開啟 RV 控制 App (iOS 或 Android)。,App 應在合理時間內成功連接至 RV 系統,index_aligned,unmapped,KW-ALIAS-OPEN,manual,from step splitting parser v1; prefill_v1:open_or_enable,manual_only,tap,success_message,pending,pending,pending,pending
CCU-214-1,CCU-214-1-S2,CCU-214,1,2,開啟 RV 控制 App (iOS 或 Android)。,App 主介面應正確顯示，無明顯錯誤或崩潰,index_aligned,unmapped,KW-ALIAS-OPEN,manual,from step splitting parser v1; prefill_v1:open_or_enable,manual_only,tap,error_message,pending,pending,pending,pending
CCU-214-1,CCU-214-1-S3,CCU-214,1,3,開啟 RV 控制 App (iOS 或 Android)。,應能看到 RV 系統的基本狀態 (例如連線成功圖示),index_aligned,unmapped,KW-ALIAS-OPEN,manual,from step splitting parser v1; prefill_v1:open_or_enable,manual_only,tap,success_message,pending,pending,pending,pending
CCU-214-2,CCU-214-2-S1,CCU-214,2,1,觀察 App 是否能成功連接到 RV 系統。,App 應在合理時間內成功連接至 RV 系統,index_aligned,manual_only,KW-ALIAS-CHECK,manual,from step splitting parser v1; prefill_v1:ui_or_device_check,manual_only,tap,success_message,pending,pending,pending,pending
CCU-214-2,CCU-214-2-S2,CCU-214,2,2,觀察 App 是否能成功連接到 RV 系統。,App 主介面應正確顯示，無明顯錯誤或崩潰,index_aligned,manual_only,KW-ALIAS-CHECK,manual,from step splitting parser v1; prefill_v1:ui_or_device_check,manual_only,tap,error_message,pending,pending,pending,pending
CCU-214-2,CCU-214-2-S3,CCU-214,2,3,觀察 App 是否能成功連接到 RV 系統。,應能看到 RV 系統的基本狀態 (例如連線成功圖示),index_aligned,manual_only,KW-ALIAS-CHECK,manual,from step splitting parser v1; prefill_v1:ui_or_device_check,manual_only,tap,success_message,pending,pending,pending,pending
CCU-214-3,CCU-214-3-S1,CCU-214,3,1,檢查 App 主介面是否正常載入,App 應在合理時間內成功連接至 RV 系統,index_aligned,manual_only,KW-ALIAS-CHECK,manual,from step splitting parser v1; prefill_v1:ui_or_device_check,manual_only,assert_visible,success_message,pending,pending,pending,pending
CCU-214-3,CCU-214-3-S2,CCU-214,3,2,顯示基本控制項或狀態資訊,App 主介面應正確顯示，無明顯錯誤或崩潰,index_aligned,manual_only,,,from step splitting parser v1,unmapped,tap,error_message,pending,pending,pending,pending
CCU-214-3,CCU-214-3-S3,CCU-214,3,3,顯示基本控制項或狀態資訊,應能看到 RV 系統的基本狀態 (例如連線成功圖示),index_aligned,manual_only,,,from step splitting parser v1,unmapped,tap,success_message,pending,pending,pending,pending
CCU-215-1,CCU-215-1-S1,CCU-215,1,1,透過 App 導航至主燈控制項。,主燈應能被 App 成功開啟和關閉,index_aligned,unmapped,,,from step splitting parser v1,unmapped,tap,success_message,pending,pending,pending,pending
CCU-215-1,CCU-215-1-S2,CCU-215,1,2,透過 App 導航至主燈控制項。,App 上的燈光狀態應與實際狀態一致,index_aligned,unmapped,,,from step splitting parser v1,unmapped,tap,todo_alias,pending,pending,pending,pending
CCU-215-1,CCU-215-1-S3,CCU-215,1,3,透過 App 導航至主燈控制項。,操作反應應及時,index_aligned,unmapped,,,from step splitting parser v1,unmapped,tap,todo_alias,pending,pending,pending,pending
CCU-215-2,CCU-215-2-S1,CCU-215,2,1,點擊「開啟」主燈。,主燈應能被 App 成功開啟和關閉,index_aligned,manual_only,KW-ALIAS-CLICK,manual,from step splitting parser v1; prefill_v1:ui_action_click,manual_only,tap,success_message,pending,pending,pending,pending
CCU-215-2,CCU-215-2-S2,CCU-215,2,2,點擊「開啟」主燈。,App 上的燈光狀態應與實際狀態一致,index_aligned,manual_only,KW-ALIAS-CLICK,manual,from step splitting parser v1; prefill_v1:ui_action_click,manual_only,tap,todo_alias,pending,pending,pending,pending
CCU-215-2,CCU-215-2-S3,CCU-215,2,3,點擊「開啟」主燈。,操作反應應及時,index_aligned,manual_only,KW-ALIAS-CLICK,manual,from step splitting parser v1; prefill_v1:ui_action_click,manual_only,tap,todo_alias,pending,pending,pending,pending
CCU-215-3,CCU-215-3-S1,CCU-215,3,1,觀察主燈實際是否亮起，及 App 狀態是否更新。,主燈應能被 App 成功開啟和關閉,index_aligned,manual_only,KW-ALIAS-CHECK,manual,from step splitting parser v1; prefill_v1:ui_or_device_check,manual_only,tap,success_message,pending,pending,pending,pending
CCU-215-3,CCU-215-3-S2,CCU-215,3,2,觀察主燈實際是否亮起，及 App 狀態是否更新。,App 上的燈光狀態應與實際狀態一致,index_aligned,manual_only,KW-ALIAS-CHECK,manual,from step splitting parser v1; prefill_v1:ui_or_device_check,manual_only,tap,todo_alias,pending,pending,pending,pending
CCU-215-3,CCU-215-3-S3,CCU-215,3,3,觀察主燈實際是否亮起，及 App 狀態是否更新。,操作反應應及時,index_aligned,manual_only,KW-ALIAS-CHECK,manual,from step splitting parser v1; prefill_v1:ui_or_device_check,manual_only,tap,todo_alias,pending,pending,pending,pending
CCU-215-4,CCU-215-4-S1,CCU-215,4,1,點擊「關閉」主燈。,主燈應能被 App 成功開啟和關閉,index_aligned,manual_only,KW-ALIAS-CLICK,manual,from step splitting parser v1; prefill_v1:ui_action_click,manual_only,tap,success_message,pending,pending,pending,pending
CCU-215-4,CCU-215-4-S2,CCU-215,4,2,點擊「關閉」主燈。,App 上的燈光狀態應與實際狀態一致,index_aligned,manual_only,KW-ALIAS-CLICK,manual,from step splitting parser v1; prefill_v1:ui_action_click,manual_only,tap,todo_alias,pending,pending,pending,pending
CCU-215-4,CCU-215-4-S3,CCU-215,4,3,點擊「關閉」主燈。,操作反應應及時,index_aligned,manual_only,KW-ALIAS-CLICK,manual,from step splitting parser v1; prefill_v1:ui_action_click,manual_only,tap,todo_alias,pending,pending,pending,pending
CCU-215-5,CCU-215-5-S1,CCU-215,5,1,觀察主燈實際是否熄滅，及 App 狀態是否更新。,主燈應能被 App 成功開啟和關閉,index_aligned,manual_only,KW-ALIAS-CHECK,manual,from step splitting parser v1; prefill_v1:ui_or_device_check,manual_only,tap,success_message,pending,pending,pending,pending
CCU-215-5,CCU-215-5-S2,CCU-215,5,2,觀察主燈實際是否熄滅，及 App 狀態是否更新。,App 上的燈光狀態應與實際狀態一致,index_aligned,manual_only,KW-ALIAS-CHECK,manual,from step splitting parser v1; prefill_v1:ui_or_device_check,manual_only,tap,todo_alias,pending,pending,pending,pending
CCU-215-5,CCU-215-5-S3,CCU-215,5,3,觀察主燈實際是否熄滅，及 App 狀態是否更新。,操作反應應及時,index_aligned,manual_only,KW-ALIAS-CHECK,manual,from step splitting parser v1; prefill_v1:ui_or_device_check,manual_only,tap,todo_alias,pending,pending,pending,pending
CCU-230482-1,CCU-230482-1-S1,CCU-230482,1,1,點擊語音命令,切換到語音命令頁面,index_aligned,manual_only,KW-ALIAS-CLICK,manual,from step splitting parser v1; prefill_v1:ui_action_click,manual_only,tap,todo_alias,pending,pending,pending,pending
CCU-230482-2,CCU-230482-2-S1,CCU-230482,2,1,"voice command : ""turn on all lights""",所有燈開啟正常,index_aligned,unmapped,KW-ALIAS-DEVICE-STATE,manual,from step splitting parser v1; prefill_v2:device_state,manual_only,tap,todo_alias,pending,pending,pending,pending
CCU-115-1,CCU-115-1-S1,CCU-115,1,1,觀察 IoT 面板是否成功啟動。,IoT 面板應在合理時間內啟動,index_aligned,manual_only,KW-ALIAS-CHECK,manual,from step splitting parser v1; prefill_v1:ui_or_device_check,manual_only,tap,success_message,pending,pending,pending,pending
CCU-115-1,CCU-115-1-S2,CCU-115,1,2,觀察 IoT 面板是否成功啟動。,顯示主介面,index_aligned,manual_only,KW-ALIAS-CHECK,manual,from step splitting parser v1; prefill_v1:ui_or_device_check,manual_only,tap,success_message,pending,pending,pending,pending
CCU-115-1,CCU-115-1-S3,CCU-115,1,3,觀察 IoT 面板是否成功啟動。,主介面應無明顯錯誤或卡頓，基本控制圖示可見,index_aligned,manual_only,KW-ALIAS-CHECK,manual,from step splitting parser v1; prefill_v1:ui_or_device_check,manual_only,tap,error_message,pending,pending,pending,pending
CCU-115-2,CCU-115-2-S1,CCU-115,2,1,檢查 IoT 面板主控制介面是否正常顯示。,IoT 面板應在合理時間內啟動,index_aligned,manual_only,KW-ALIAS-CHECK,manual,from step splitting parser v1; prefill_v1:ui_or_device_check,manual_only,assert_visible,todo_alias,pending,pending,pending,pending
CCU-115-2,CCU-115-2-S2,CCU-115,2,2,檢查 IoT 面板主控制介面是否正常顯示。,顯示主介面,index_aligned,manual_only,KW-ALIAS-CHECK,manual,from step splitting parser v1; prefill_v1:ui_or_device_check,manual_only,assert_visible,todo_alias,pending,pending,pending,pending
CCU-115-2,CCU-115-2-S3,CCU-115,2,3,檢查 IoT 面板主控制介面是否正常顯示。,主介面應無明顯錯誤或卡頓，基本控制圖示可見,index_aligned,manual_only,KW-ALIAS-CHECK,manual,from step splitting parser v1; prefill_v1:ui_or_device_check,manual_only,assert_visible,error_message,pending,pending,pending,pending
CCU-116-1,CCU-116-1-S1,CCU-116,1,1,透過 IoT 面板操作主燈「開啟」。,主燈應能被 IoT 面板成功開啟和關閉,index_aligned,unmapped,,,from step splitting parser v1,unmapped,tap,success_message,pending,pending,pending,pending
CCU-116-1,CCU-116-1-S2,CCU-116,1,2,透過 IoT 面板操作主燈「開啟」。,面板上的燈光狀態應與實際狀態一致,index_aligned,unmapped,,,from step splitting parser v1,unmapped,tap,todo_alias,pending,pending,pending,pending
CCU-116-1,CCU-116-1-S3,CCU-116,1,3,透過 IoT 面板操作主燈「開啟」。,操作反應應及時,index_aligned,unmapped,,,from step splitting parser v1,unmapped,tap,todo_alias,pending,pending,pending,pending
CCU-116-2,CCU-116-2-S1,CCU-116,2,1,觀察主燈實際是否亮起，及面板狀態是否更新。,主燈應能被 IoT 面板成功開啟和關閉,index_aligned,manual_only,KW-ALIAS-CHECK,manual,from step splitting parser v1; prefill_v1:ui_or_device_check,manual_only,tap,success_message,pending,pending,pending,pending
CCU-116-2,CCU-116-2-S2,CCU-116,2,2,觀察主燈實際是否亮起，及面板狀態是否更新。,面板上的燈光狀態應與實際狀態一致,index_aligned,manual_only,KW-ALIAS-CHECK,manual,from step splitting parser v1; prefill_v1:ui_or_device_check,manual_only,tap,todo_alias,pending,pending,pending,pending
CCU-116-2,CCU-116-2-S3,CCU-116,2,3,觀察主燈實際是否亮起，及面板狀態是否更新。,操作反應應及時,index_aligned,manual_only,KW-ALIAS-CHECK,manual,from step splitting parser v1; prefill_v1:ui_or_device_check,manual_only,tap,todo_alias,pending,pending,pending,pending
CCU-116-3,CCU-116-3-S1,CCU-116,3,1,透過 IoT 面板操作主燈「關閉」。,主燈應能被 IoT 面板成功開啟和關閉,index_aligned,unmapped,,,from step splitting parser v1,unmapped,tap,success_message,pending,pending,pending,pending
CCU-116-3,CCU-116-3-S2,CCU-116,3,2,透過 IoT 面板操作主燈「關閉」。,面板上的燈光狀態應與實際狀態一致,index_aligned,unmapped,,,from step splitting parser v1,unmapped,tap,todo_alias,pending,pending,pending,pending
CCU-116-3,CCU-116-3-S3,CCU-116,3,3,透過 IoT 面板操作主燈「關閉」。,操作反應應及時,index_aligned,unmapped,,,from step splitting parser v1,unmapped,tap,todo_alias,pending,pending,pending,pending
CCU-116-4,CCU-116-4-S1,CCU-116,4,1,觀察主燈實際是否熄滅，及面板狀態是否更新。,主燈應能被 IoT 面板成功開啟和關閉,index_aligned,manual_only,KW-ALIAS-CHECK,manual,from step splitting parser v1; prefill_v1:ui_or_device_check,manual_only,tap,success_message,pending,pending,pending,pending
CCU-116-4,CCU-116-4-S2,CCU-116,4,2,觀察主燈實際是否熄滅，及面板狀態是否更新。,面板上的燈光狀態應與實際狀態一致,index_aligned,manual_only,KW-ALIAS-CHECK,manual,from step splitting parser v1; prefill_v1:ui_or_device_check,manual_only,tap,todo_alias,pending,pending,pending,pending
CCU-116-4,CCU-116-4-S3,CCU-116,4,3,觀察主燈實際是否熄滅，及面板狀態是否更新。,操作反應應及時,index_aligned,manual_only,KW-ALIAS-CHECK,manual,from step splitting parser v1; prefill_v1:ui_or_device_check,manual_only,tap,todo_alias,pending,pending,pending,pending
CCU-117-1,CCU-117-1-S1,CCU-117,1,1,透過 App 導航至延伸車架控制。,延伸車架電機應能響應 App 的短時展開和收回指令,index_aligned,unmapped,,,from step splitting parser v1,unmapped,tap,todo_alias,pending,pending,pending,pending
CCU-117-1,CCU-117-1-S2,CCU-117,1,2,透過 App 導航至延伸車架控制。,有相應動作,index_aligned,unmapped,,,from step splitting parser v1,unmapped,tap,todo_alias,pending,pending,pending,pending
CCU-117-1,CCU-117-1-S3,CCU-117,1,3,透過 App 導航至延伸車架控制。,App 應能發出停止指令使電機停止,index_aligned,unmapped,,,from step splitting parser v1,unmapped,tap,todo_alias,pending,pending,pending,pending
CCU-117-2,CCU-117-2-S1,CCU-117,2,1,短暫點擊 (例如1-2秒後立即停止)「展開」按鈕。,延伸車架電機應能響應 App 的短時展開和收回指令,index_aligned,unmapped,,,from step splitting parser v1,unmapped,tap,todo_alias,pending,pending,pending,pending
CCU-117-2,CCU-117-2-S2,CCU-117,2,2,短暫點擊 (例如1-2秒後立即停止)「展開」按鈕。,有相應動作,index_aligned,unmapped,,,from step splitting parser v1,unmapped,tap,todo_alias,pending,pending,pending,pending
CCU-117-2,CCU-117-2-S3,CCU-117,2,3,短暫點擊 (例如1-2秒後立即停止)「展開」按鈕。,App 應能發出停止指令使電機停止,index_aligned,unmapped,,,from step splitting parser v1,unmapped,tap,todo_alias,pending,pending,pending,pending
CCU-117-3,CCU-117-3-S1,CCU-117,3,1,觀察延伸車架電機是否啟動,延伸車架電機應能響應 App 的短時展開和收回指令,index_aligned,manual_only,KW-ALIAS-CHECK,manual,from step splitting parser v1; prefill_v1:ui_or_device_check,manual_only,tap,todo_alias,pending,pending,pending,pending
CCU-117-3,CCU-117-3-S2,CCU-117,3,2,有輕微移動,有相應動作,index_aligned,manual_only,,,from step splitting parser v1,unmapped,tap,todo_alias,pending,pending,pending,pending
CCU-117-3,CCU-117-3-S3,CCU-117,3,3,有輕微移動,App 應能發出停止指令使電機停止,index_aligned,manual_only,,,from step splitting parser v1,unmapped,tap,todo_alias,pending,pending,pending,pending
CCU-117-4,CCU-117-4-S1,CCU-117,4,1,短暫點擊「收回」按鈕。,延伸車架電機應能響應 App 的短時展開和收回指令,index_aligned,unmapped,,,from step splitting parser v1,unmapped,tap,todo_alias,pending,pending,pending,pending
CCU-117-4,CCU-117-4-S2,CCU-117,4,2,短暫點擊「收回」按鈕。,有相應動作,index_aligned,unmapped,,,from step splitting parser v1,unmapped,tap,todo_alias,pending,pending,pending,pending
CCU-117-4,CCU-117-4-S3,CCU-117,4,3,短暫點擊「收回」按鈕。,App 應能發出停止指令使電機停止,index_aligned,unmapped,,,from step splitting parser v1,unmapped,tap,todo_alias,pending,pending,pending,pending
CCU-117-5,CCU-117-5-S1,CCU-117,5,1,觀察延伸車架電機是否反向啟動,延伸車架電機應能響應 App 的短時展開和收回指令,index_aligned,manual_only,KW-ALIAS-CHECK,manual,from step splitting parser v1; prefill_v1:ui_or_device_check,manual_only,tap,todo_alias,pending,pending,pending,pending
CCU-117-5,CCU-117-5-S2,CCU-117,5,2,有輕微移動,有相應動作,index_aligned,manual_only,,,from step splitting parser v1,unmapped,tap,todo_alias,pending,pending,pending,pending
CCU-117-5,CCU-117-5-S3,CCU-117,5,3,有輕微移動,App 應能發出停止指令使電機停止,index_aligned,manual_only,,,from step splitting parser v1,unmapped,tap,todo_alias,pending,pending,pending,pending
CCU-118-1,CCU-118-1-S1,CCU-118,1,1,透過 App 導航至延伸車架控制。,延伸車架電機應能響應 App 的短時展開和收回指令,index_aligned,unmapped,,,from step splitting parser v1,unmapped,tap,todo_alias,pending,pending,pending,pending
CCU-118-1,CCU-118-1-S2,CCU-118,1,2,透過 App 導航至延伸車架控制。,有相應動作,index_aligned,unmapped,,,from step splitting parser v1,unmapped,tap,todo_alias,pending,pending,pending,pending
CCU-118-1,CCU-118-1-S3,CCU-118,1,3,透過 App 導航至延伸車架控制。,App 應能發出停止指令使電機停止,index_aligned,unmapped,,,from step splitting parser v1,unmapped,tap,todo_alias,pending,pending,pending,pending
CCU-118-2,CCU-118-2-S1,CCU-118,2,1,短暫點擊 (例如1-2秒後立即停止)「展開」按鈕。,延伸車架電機應能響應 App 的短時展開和收回指令,index_aligned,unmapped,,,from step splitting parser v1,unmapped,tap,todo_alias,pending,pending,pending,pending
CCU-118-2,CCU-118-2-S2,CCU-118,2,2,短暫點擊 (例如1-2秒後立即停止)「展開」按鈕。,有相應動作,index_aligned,unmapped,,,from step splitting parser v1,unmapped,tap,todo_alias,pending,pending,pending,pending
CCU-118-2,CCU-118-2-S3,CCU-118,2,3,短暫點擊 (例如1-2秒後立即停止)「展開」按鈕。,App 應能發出停止指令使電機停止,index_aligned,unmapped,,,from step splitting parser v1,unmapped,tap,todo_alias,pending,pending,pending,pending
CCU-118-3,CCU-118-3-S1,CCU-118,3,1,觀察延伸車架電機是否啟動,延伸車架電機應能響應 App 的短時展開和收回指令,index_aligned,manual_only,KW-ALIAS-CHECK,manual,from step splitting parser v1; prefill_v1:ui_or_device_check,manual_only,tap,todo_alias,pending,pending,pending,pending
CCU-118-3,CCU-118-3-S2,CCU-118,3,2,有輕微移動,有相應動作,index_aligned,manual_only,,,from step splitting parser v1,unmapped,tap,todo_alias,pending,pending,pending,pending
CCU-118-3,CCU-118-3-S3,CCU-118,3,3,有輕微移動,App 應能發出停止指令使電機停止,index_aligned,manual_only,,,from step splitting parser v1,unmapped,tap,todo_alias,pending,pending,pending,pending
CCU-118-4,CCU-118-4-S1,CCU-118,4,1,短暫點擊「收回」按鈕。,延伸車架電機應能響應 App 的短時展開和收回指令,index_aligned,unmapped,,,from step splitting parser v1,unmapped,tap,todo_alias,pending,pending,pending,pending
CCU-118-4,CCU-118-4-S2,CCU-118,4,2,短暫點擊「收回」按鈕。,有相應動作,index_aligned,unmapped,,,from step splitting parser v1,unmapped,tap,todo_alias,pending,pending,pending,pending
CCU-118-4,CCU-118-4-S3,CCU-118,4,3,短暫點擊「收回」按鈕。,App 應能發出停止指令使電機停止,index_aligned,unmapped,,,from step splitting parser v1,unmapped,tap,todo_alias,pending,pending,pending,pending
CCU-118-5,CCU-118-5-S1,CCU-118,5,1,觀察延伸車架電機是否反向啟動,延伸車架電機應能響應 App 的短時展開和收回指令,index_aligned,manual_only,KW-ALIAS-CHECK,manual,from step splitting parser v1; prefill_v1:ui_or_device_check,manual_only,tap,todo_alias,pending,pending,pending,pending
CCU-118-5,CCU-118-5-S2,CCU-118,5,2,有輕微移動,有相應動作,index_aligned,manual_only,,,from step splitting parser v1,unmapped,tap,todo_alias,pending,pending,pending,pending
CCU-118-5,CCU-118-5-S3,CCU-118,5,3,有輕微移動,App 應能發出停止指令使電機停止,index_aligned,manual_only,,,from step splitting parser v1,unmapped,tap,todo_alias,pending,pending,pending,pending
CCU-231037-1,CCU-231037-1-S1,CCU-231037,1,1,透過 App 導航至延伸車架控制。,延伸車架電機應能響應 App 的短時展開和收回指令,index_aligned,unmapped,,,from step splitting parser v1,unmapped,tap,todo_alias,pending,pending,pending,pending
CCU-231037-1,CCU-231037-1-S2,CCU-231037,1,2,透過 App 導航至延伸車架控制。,有相應動作,index_aligned,unmapped,,,from step splitting parser v1,unmapped,tap,todo_alias,pending,pending,pending,pending
CCU-231037-1,CCU-231037-1-S3,CCU-231037,1,3,透過 App 導航至延伸車架控制。,App 應能發出停止指令使電機停止,index_aligned,unmapped,,,from step splitting parser v1,unmapped,tap,todo_alias,pending,pending,pending,pending
CCU-231037-2,CCU-231037-2-S1,CCU-231037,2,1,長壓點擊 (例如3-5秒放開 立即停止)「展開」按鈕。,延伸車架電機應能響應 App 的長時展開和收回指令,index_aligned,unmapped,KW-ALIAS-CLICK,manual,from step splitting parser v1; prefill_v1:ui_action_click,manual_only,tap,todo_alias,pending,pending,pending,pending
CCU-231037-2,CCU-231037-2-S2,CCU-231037,2,2,長壓點擊 (例如3-5秒放開 立即停止)「展開」按鈕。,有相應動作,index_aligned,unmapped,KW-ALIAS-CLICK,manual,from step splitting parser v1; prefill_v1:ui_action_click,manual_only,tap,todo_alias,pending,pending,pending,pending
CCU-231037-2,CCU-231037-2-S3,CCU-231037,2,3,長壓點擊 (例如3-5秒放開 立即停止)「展開」按鈕。,App 應能放開後發出停止指令使電機停止,index_aligned,unmapped,KW-ALIAS-CLICK,manual,from step splitting parser v1; prefill_v1:ui_action_click,manual_only,tap,todo_alias,pending,pending,pending,pending
CCU-231037-3,CCU-231037-3-S1,CCU-231037,3,1,觀察延伸車架電機是否啟動,延伸車架電機應能響應 App 的長時展開和收回指令,index_aligned,manual_only,KW-ALIAS-CHECK,manual,from step splitting parser v1; prefill_v1:ui_or_device_check,manual_only,tap,todo_alias,pending,pending,pending,pending
CCU-231037-3,CCU-231037-3-S2,CCU-231037,3,2,如長壓時間移動,有相應動作,index_aligned,manual_only,,,from step splitting parser v1,unmapped,tap,todo_alias,pending,pending,pending,pending
CCU-231037-3,CCU-231037-3-S3,CCU-231037,3,3,如長壓時間移動,App 應能放開後發出停止指令使電機停止,index_aligned,manual_only,,,from step splitting parser v1,unmapped,tap,todo_alias,pending,pending,pending,pending
CCU-231037-5,CCU-231037-5-S1,CCU-231037,5,1,長壓「收回」按鈕。,延伸車架電機應能響應 App 的長時展開和收回指令,index_aligned,unmapped,KW-ALIAS-CLICK,manual,from step splitting parser v1; prefill_v1:ui_action_click,manual_only,tap,todo_alias,pending,pending,pending,pending
CCU-231037-5,CCU-231037-5-S2,CCU-231037,5,2,長壓「收回」按鈕。,有相應動作,index_aligned,unmapped,KW-ALIAS-CLICK,manual,from step splitting parser v1; prefill_v1:ui_action_click,manual_only,tap,todo_alias,pending,pending,pending,pending
CCU-231037-5,CCU-231037-5-S3,CCU-231037,5,3,長壓「收回」按鈕。,App 應能放開後發出停止指令使電機停止,index_aligned,unmapped,KW-ALIAS-CLICK,manual,from step splitting parser v1; prefill_v1:ui_action_click,manual_only,tap,todo_alias,pending,pending,pending,pending
CCU-231037-6,CCU-231037-6-S1,CCU-231037,6,1,觀察延伸車架電機是否反向啟動,延伸車架電機應能響應 App 的長時展開和收回指令,index_aligned,manual_only,KW-ALIAS-CHECK,manual,from step splitting parser v1; prefill_v1:ui_or_device_check,manual_only,tap,todo_alias,pending,pending,pending,pending
CCU-231037-6,CCU-231037-6-S2,CCU-231037,6,2,如長壓時間移動,有相應動作,index_aligned,manual_only,,,from step splitting parser v1,unmapped,tap,todo_alias,pending,pending,pending,pending
CCU-231037-6,CCU-231037-6-S3,CCU-231037,6,3,如長壓時間移動,App 應能放開後發出停止指令使電機停止,index_aligned,manual_only,,,from step splitting parser v1,unmapped,tap,todo_alias,pending,pending,pending,pending
CCU-231038-1,CCU-231038-1-S1,CCU-231038,1,1,透過 App 導航至延伸車架控制。,延伸車架電機應能響應 App 的長時展開和收回指令,index_aligned,unmapped,,,from step splitting parser v1,unmapped,tap,todo_alias,pending,pending,pending,pending
CCU-231038-1,CCU-231038-1-S2,CCU-231038,1,2,透過 App 導航至延伸車架控制。,有相應動作,index_aligned,unmapped,,,from step splitting parser v1,unmapped,tap,todo_alias,pending,pending,pending,pending
CCU-231038-1,CCU-231038-1-S3,CCU-231038,1,3,透過 App 導航至延伸車架控制。,App 應能放開後發出停止指令使電機停止,index_aligned,unmapped,,,from step splitting parser v1,unmapped,tap,todo_alias,pending,pending,pending,pending
CCU-231038-2,CCU-231038-2-S1,CCU-231038,2,1,長壓點擊 (例如3-5秒放開 立即停止)「展開」按鈕。,延伸車架電機應能響應 App 的長時展開和收回指令,index_aligned,unmapped,KW-ALIAS-CLICK,manual,from step splitting parser v1; prefill_v1:ui_action_click,manual_only,tap,todo_alias,pending,pending,pending,pending
CCU-231038-2,CCU-231038-2-S2,CCU-231038,2,2,長壓點擊 (例如3-5秒放開 立即停止)「展開」按鈕。,有相應動作,index_aligned,unmapped,KW-ALIAS-CLICK,manual,from step splitting parser v1; prefill_v1:ui_action_click,manual_only,tap,todo_alias,pending,pending,pending,pending
CCU-231038-2,CCU-231038-2-S3,CCU-231038,2,3,長壓點擊 (例如3-5秒放開 立即停止)「展開」按鈕。,App 應能放開後發出停止指令使電機停止,index_aligned,unmapped,KW-ALIAS-CLICK,manual,from step splitting parser v1; prefill_v1:ui_action_click,manual_only,tap,todo_alias,pending,pending,pending,pending
CCU-231038-3,CCU-231038-3-S1,CCU-231038,3,1,長壓點擊 (例如3-5秒放開 立即停止)「展開」按鈕。,延伸車架電機應能響應 App 的長時展開和收回指令,index_aligned,unmapped,KW-ALIAS-CLICK,manual,from step splitting parser v1; prefill_v1:ui_action_click,manual_only,tap,todo_alias,pending,pending,pending,pending
CCU-231038-3,CCU-231038-3-S2,CCU-231038,3,2,長壓點擊 (例如3-5秒放開 立即停止)「展開」按鈕。,有相應動作,index_aligned,unmapped,KW-ALIAS-CLICK,manual,from step splitting parser v1; prefill_v1:ui_action_click,manual_only,tap,todo_alias,pending,pending,pending,pending
CCU-231038-3,CCU-231038-3-S3,CCU-231038,3,3,長壓點擊 (例如3-5秒放開 立即停止)「展開」按鈕。,App 應能放開後發出停止指令使電機停止,index_aligned,unmapped,KW-ALIAS-CLICK,manual,from step splitting parser v1; prefill_v1:ui_action_click,manual_only,tap,todo_alias,pending,pending,pending,pending
CCU-231038-4,CCU-231038-4-S1,CCU-231038,4,1,長壓「收回」按鈕。,延伸車架電機應能響應 App 的長時展開和收回指令,index_aligned,unmapped,KW-ALIAS-CLICK,manual,from step splitting parser v1; prefill_v1:ui_action_click,manual_only,tap,todo_alias,pending,pending,pending,pending
CCU-231038-4,CCU-231038-4-S2,CCU-231038,4,2,長壓「收回」按鈕。,有相應動作,index_aligned,unmapped,KW-ALIAS-CLICK,manual,from step splitting parser v1; prefill_v1:ui_action_click,manual_only,tap,todo_alias,pending,pending,pending,pending
CCU-231038-4,CCU-231038-4-S3,CCU-231038,4,3,長壓「收回」按鈕。,App 應能放開後發出停止指令使電機停止,index_aligned,unmapped,KW-ALIAS-CLICK,manual,from step splitting parser v1; prefill_v1:ui_action_click,manual_only,tap,todo_alias,pending,pending,pending,pending
CCU-231038-5,CCU-231038-5-S1,CCU-231038,5,1,觀察延伸車架電機是否反向啟動,延伸車架電機應能響應 App 的長時展開和收回指令,index_aligned,manual_only,KW-ALIAS-CHECK,manual,from step splitting parser v1; prefill_v1:ui_or_device_check,manual_only,tap,todo_alias,pending,pending,pending,pending
CCU-231038-5,CCU-231038-5-S2,CCU-231038,5,2,如長壓時間移動,有相應動作,index_aligned,manual_only,,,from step splitting parser v1,unmapped,tap,todo_alias,pending,pending,pending,pending
CCU-231038-5,CCU-231038-5-S3,CCU-231038,5,3,如長壓時間移動,App 應能放開後發出停止指令使電機停止,index_aligned,manual_only,,,from step splitting parser v1,unmapped,tap,todo_alias,pending,pending,pending,pending
CCU-230483-1,CCU-230483-1-S1,CCU-230483,1,1,點擊語音命令,切換到語音命令頁面,index_aligned,manual_only,KW-ALIAS-CLICK,manual,from step splitting parser v1; prefill_v1:ui_action_click,manual_only,tap,todo_alias,pending,pending,pending,pending
CCU-230483-2,CCU-230483-2-S1,CCU-230483,2,1,"voice command : ""turn on all lights""",所有燈開啟正常,index_aligned,unmapped,KW-ALIAS-DEVICE-STATE,manual,from step splitting parser v1; prefill_v2:device_state,manual_only,tap,todo_alias,pending,pending,pending,pending
CCU-231516-1,CCU-231516-1-S1,CCU-231516,1,1,實體線路操作水位偵測地線放入水瓶中,FRESH 水位在高,expected_attached_to_first,unmapped,KW-ALIAS-DEVICE-WIRING,manual,from step splitting parser v1; prefill_v2:device_wiring,manual_only,tap,todo_alias,pending,pending,pending,pending
CCU-231516-1,CCU-231516-1-S2,CCU-231516,1,2,實體線路操作水位偵測橘色線路放進水瓶中,,expected_attached_to_first,unmapped,KW-ALIAS-DEVICE-WIRING,manual,from step splitting parser v1; prefill_v2:device_wiring,manual_only,tap,todo_alias,pending,pending,pending,pending
CCU-231517-1,CCU-231517-1-S1,CCU-231517,1,1,實體線路操作水位偵測地線放入水瓶中,FRESH 水位在中,expected_attached_to_first,unmapped,KW-ALIAS-DEVICE-WIRING,manual,from step splitting parser v1; prefill_v2:device_wiring,manual_only,tap,todo_alias,pending,pending,pending,pending
CCU-231517-1,CCU-231517-1-S2,CCU-231517,1,2,實體線路操作水位偵測綠色線路放進水瓶中,,expected_attached_to_first,unmapped,KW-ALIAS-DEVICE-WIRING,manual,from step splitting parser v1; prefill_v2:device_wiring,manual_only,tap,todo_alias,pending,pending,pending,pending
CCU-231518-1,CCU-231518-1-S1,CCU-231518,1,1,實體線路操作水位偵測地線放入水瓶中,FRESH 水位在低,expected_attached_to_first,unmapped,KW-ALIAS-DEVICE-WIRING,manual,from step splitting parser v1; prefill_v2:device_wiring,manual_only,tap,todo_alias,pending,pending,pending,pending
CCU-231518-1,CCU-231518-1-S2,CCU-231518,1,2,實體線路操作水位偵測黃色線路放進水瓶中,,expected_attached_to_first,unmapped,KW-ALIAS-DEVICE-WIRING,manual,from step splitting parser v1; prefill_v2:device_wiring,manual_only,tap,todo_alias,pending,pending,pending,pending
CCU-230531-1,CCU-230531-1-S1,CCU-230531,1,1,觀察 IoT 面板是否成功啟動。,IoT 面板應在合理時間內啟動,index_aligned,manual_only,KW-ALIAS-CHECK,manual,from step splitting parser v1; prefill_v1:ui_or_device_check,manual_only,tap,success_message,pending,pending,pending,pending
CCU-230531-1,CCU-230531-1-S2,CCU-230531,1,2,觀察 IoT 面板是否成功啟動。,顯示主介面,index_aligned,manual_only,KW-ALIAS-CHECK,manual,from step splitting parser v1; prefill_v1:ui_or_device_check,manual_only,tap,success_message,pending,pending,pending,pending
CCU-230531-1,CCU-230531-1-S3,CCU-230531,1,3,觀察 IoT 面板是否成功啟動。,主介面應無明顯錯誤或卡頓，基本控制圖示可見,index_aligned,manual_only,KW-ALIAS-CHECK,manual,from step splitting parser v1; prefill_v1:ui_or_device_check,manual_only,tap,error_message,pending,pending,pending,pending
CCU-230531-2,CCU-230531-2-S1,CCU-230531,2,1,檢查 IoT 面板主控制介面是否正常顯示。,IoT 面板應在合理時間內啟動,index_aligned,manual_only,KW-ALIAS-CHECK,manual,from step splitting parser v1; prefill_v1:ui_or_device_check,manual_only,assert_visible,todo_alias,pending,pending,pending,pending
CCU-230531-2,CCU-230531-2-S2,CCU-230531,2,2,檢查 IoT 面板主控制介面是否正常顯示。,顯示主介面,index_aligned,manual_only,KW-ALIAS-CHECK,manual,from step splitting parser v1; prefill_v1:ui_or_device_check,manual_only,assert_visible,todo_alias,pending,pending,pending,pending
CCU-230531-2,CCU-230531-2-S3,CCU-230531,2,3,檢查 IoT 面板主控制介面是否正常顯示。,主介面應無明顯錯誤或卡頓，基本控制圖示可見,index_aligned,manual_only,KW-ALIAS-CHECK,manual,from step splitting parser v1; prefill_v1:ui_or_device_check,manual_only,assert_visible,error_message,pending,pending,pending,pending
CCU-230532-1,CCU-230532-1-S1,CCU-230532,1,1,透過 IoT 面板操作主燈「開啟」。,主燈應能被 IoT 面板成功開啟和關閉,index_aligned,unmapped,,,from step splitting parser v1,unmapped,tap,success_message,pending,pending,pending,pending
CCU-230532-1,CCU-230532-1-S2,CCU-230532,1,2,透過 IoT 面板操作主燈「開啟」。,面板上的燈光狀態應與實際狀態一致,index_aligned,unmapped,,,from step splitting parser v1,unmapped,tap,todo_alias,pending,pending,pending,pending
CCU-230532-1,CCU-230532-1-S3,CCU-230532,1,3,透過 IoT 面板操作主燈「開啟」。,操作反應應及時,index_aligned,unmapped,,,from step splitting parser v1,unmapped,tap,todo_alias,pending,pending,pending,pending
CCU-230532-2,CCU-230532-2-S1,CCU-230532,2,1,觀察主燈實際是否亮起，及面板狀態是否更新。,主燈應能被 IoT 面板成功開啟和關閉,index_aligned,manual_only,KW-ALIAS-CHECK,manual,from step splitting parser v1; prefill_v1:ui_or_device_check,manual_only,tap,success_message,pending,pending,pending,pending
CCU-230532-2,CCU-230532-2-S2,CCU-230532,2,2,觀察主燈實際是否亮起，及面板狀態是否更新。,面板上的燈光狀態應與實際狀態一致,index_aligned,manual_only,KW-ALIAS-CHECK,manual,from step splitting parser v1; prefill_v1:ui_or_device_check,manual_only,tap,todo_alias,pending,pending,pending,pending
CCU-230532-2,CCU-230532-2-S3,CCU-230532,2,3,觀察主燈實際是否亮起，及面板狀態是否更新。,操作反應應及時,index_aligned,manual_only,KW-ALIAS-CHECK,manual,from step splitting parser v1; prefill_v1:ui_or_device_check,manual_only,tap,todo_alias,pending,pending,pending,pending
CCU-230532-3,CCU-230532-3-S1,CCU-230532,3,1,透過 IoT 面板操作主燈「關閉」。,主燈應能被 IoT 面板成功開啟和關閉,index_aligned,unmapped,,,from step splitting parser v1,unmapped,tap,success_message,pending,pending,pending,pending
CCU-230532-3,CCU-230532-3-S2,CCU-230532,3,2,透過 IoT 面板操作主燈「關閉」。,面板上的燈光狀態應與實際狀態一致,index_aligned,unmapped,,,from step splitting parser v1,unmapped,tap,todo_alias,pending,pending,pending,pending
CCU-230532-3,CCU-230532-3-S3,CCU-230532,3,3,透過 IoT 面板操作主燈「關閉」。,操作反應應及時,index_aligned,unmapped,,,from step splitting parser v1,unmapped,tap,todo_alias,pending,pending,pending,pending
CCU-230532-4,CCU-230532-4-S1,CCU-230532,4,1,觀察主燈實際是否熄滅，及面板狀態是否更新。,主燈應能被 IoT 面板成功開啟和關閉,index_aligned,manual_only,KW-ALIAS-CHECK,manual,from step splitting parser v1; prefill_v1:ui_or_device_check,manual_only,tap,success_message,pending,pending,pending,pending
CCU-230532-4,CCU-230532-4-S2,CCU-230532,4,2,觀察主燈實際是否熄滅，及面板狀態是否更新。,面板上的燈光狀態應與實際狀態一致,index_aligned,manual_only,KW-ALIAS-CHECK,manual,from step splitting parser v1; prefill_v1:ui_or_device_check,manual_only,tap,todo_alias,pending,pending,pending,pending
CCU-230532-4,CCU-230532-4-S3,CCU-230532,4,3,觀察主燈實際是否熄滅，及面板狀態是否更新。,操作反應應及時,index_aligned,manual_only,KW-ALIAS-CHECK,manual,from step splitting parser v1; prefill_v1:ui_or_device_check,manual_only,tap,todo_alias,pending,pending,pending,pending
CCU-230533-1,CCU-230533-1-S1,CCU-230533,1,1,透過 App 導航至延伸車架控制。,延伸車架電機應能響應 App 的短時展開和收回指令,index_aligned,unmapped,,,from step splitting parser v1,unmapped,tap,todo_alias,pending,pending,pending,pending
CCU-230533-1,CCU-230533-1-S2,CCU-230533,1,2,透過 App 導航至延伸車架控制。,有相應動作,index_aligned,unmapped,,,from step splitting parser v1,unmapped,tap,todo_alias,pending,pending,pending,pending
CCU-230533-1,CCU-230533-1-S3,CCU-230533,1,3,透過 App 導航至延伸車架控制。,App 應能發出停止指令使電機停止,index_aligned,unmapped,,,from step splitting parser v1,unmapped,tap,todo_alias,pending,pending,pending,pending
CCU-230533-2,CCU-230533-2-S1,CCU-230533,2,1,短暫點擊 (例如1-2秒後立即停止)「展開」按鈕。,延伸車架電機應能響應 App 的短時展開和收回指令,index_aligned,unmapped,,,from step splitting parser v1,unmapped,tap,todo_alias,pending,pending,pending,pending
CCU-230533-2,CCU-230533-2-S2,CCU-230533,2,2,短暫點擊 (例如1-2秒後立即停止)「展開」按鈕。,有相應動作,index_aligned,unmapped,,,from step splitting parser v1,unmapped,tap,todo_alias,pending,pending,pending,pending
CCU-230533-2,CCU-230533-2-S3,CCU-230533,2,3,短暫點擊 (例如1-2秒後立即停止)「展開」按鈕。,App 應能發出停止指令使電機停止,index_aligned,unmapped,,,from step splitting parser v1,unmapped,tap,todo_alias,pending,pending,pending,pending
CCU-230533-3,CCU-230533-3-S1,CCU-230533,3,1,觀察延伸車架電機是否啟動,延伸車架電機應能響應 App 的短時展開和收回指令,index_aligned,manual_only,KW-ALIAS-CHECK,manual,from step splitting parser v1; prefill_v1:ui_or_device_check,manual_only,tap,todo_alias,pending,pending,pending,pending
CCU-230533-3,CCU-230533-3-S2,CCU-230533,3,2,有輕微移動,有相應動作,index_aligned,manual_only,,,from step splitting parser v1,unmapped,tap,todo_alias,pending,pending,pending,pending
CCU-230533-3,CCU-230533-3-S3,CCU-230533,3,3,有輕微移動,App 應能發出停止指令使電機停止,index_aligned,manual_only,,,from step splitting parser v1,unmapped,tap,todo_alias,pending,pending,pending,pending
CCU-230533-4,CCU-230533-4-S1,CCU-230533,4,1,短暫點擊「收回」按鈕。,延伸車架電機應能響應 App 的短時展開和收回指令,index_aligned,unmapped,,,from step splitting parser v1,unmapped,tap,todo_alias,pending,pending,pending,pending
CCU-230533-4,CCU-230533-4-S2,CCU-230533,4,2,短暫點擊「收回」按鈕。,有相應動作,index_aligned,unmapped,,,from step splitting parser v1,unmapped,tap,todo_alias,pending,pending,pending,pending
CCU-230533-4,CCU-230533-4-S3,CCU-230533,4,3,短暫點擊「收回」按鈕。,App 應能發出停止指令使電機停止,index_aligned,unmapped,,,from step splitting parser v1,unmapped,tap,todo_alias,pending,pending,pending,pending
CCU-230533-5,CCU-230533-5-S1,CCU-230533,5,1,觀察延伸車架電機是否反向啟動,延伸車架電機應能響應 App 的短時展開和收回指令,index_aligned,manual_only,KW-ALIAS-CHECK,manual,from step splitting parser v1; prefill_v1:ui_or_device_check,manual_only,tap,todo_alias,pending,pending,pending,pending
CCU-230533-5,CCU-230533-5-S2,CCU-230533,5,2,有輕微移動,有相應動作,index_aligned,manual_only,,,from step splitting parser v1,unmapped,tap,todo_alias,pending,pending,pending,pending
CCU-230533-5,CCU-230533-5-S3,CCU-230533,5,3,有輕微移動,App 應能發出停止指令使電機停止,index_aligned,manual_only,,,from step splitting parser v1,unmapped,tap,todo_alias,pending,pending,pending,pending
CCU-230534-1,CCU-230534-1-S1,CCU-230534,1,1,透過 App 導航至延伸車架控制。,延伸車架電機應能響應 App 的短時展開和收回指令,index_aligned,unmapped,,,from step splitting parser v1,unmapped,tap,todo_alias,pending,pending,pending,pending
CCU-230534-1,CCU-230534-1-S2,CCU-230534,1,2,透過 App 導航至延伸車架控制。,有相應動作,index_aligned,unmapped,,,from step splitting parser v1,unmapped,tap,todo_alias,pending,pending,pending,pending
CCU-230534-1,CCU-230534-1-S3,CCU-230534,1,3,透過 App 導航至延伸車架控制。,App 應能發出停止指令使電機停止,index_aligned,unmapped,,,from step splitting parser v1,unmapped,tap,todo_alias,pending,pending,pending,pending
CCU-230534-2,CCU-230534-2-S1,CCU-230534,2,1,短暫點擊 (例如1-2秒後立即停止)「展開」按鈕。,延伸車架電機應能響應 App 的短時展開和收回指令,index_aligned,unmapped,,,from step splitting parser v1,unmapped,tap,todo_alias,pending,pending,pending,pending
CCU-230534-2,CCU-230534-2-S2,CCU-230534,2,2,短暫點擊 (例如1-2秒後立即停止)「展開」按鈕。,有相應動作,index_aligned,unmapped,,,from step splitting parser v1,unmapped,tap,todo_alias,pending,pending,pending,pending
CCU-230534-2,CCU-230534-2-S3,CCU-230534,2,3,短暫點擊 (例如1-2秒後立即停止)「展開」按鈕。,App 應能發出停止指令使電機停止,index_aligned,unmapped,,,from step splitting parser v1,unmapped,tap,todo_alias,pending,pending,pending,pending
CCU-230534-3,CCU-230534-3-S1,CCU-230534,3,1,觀察延伸車架電機是否啟動,延伸車架電機應能響應 App 的短時展開和收回指令,index_aligned,manual_only,KW-ALIAS-CHECK,manual,from step splitting parser v1; prefill_v1:ui_or_device_check,manual_only,tap,todo_alias,pending,pending,pending,pending
CCU-230534-3,CCU-230534-3-S2,CCU-230534,3,2,有輕微移動,有相應動作,index_aligned,manual_only,,,from step splitting parser v1,unmapped,tap,todo_alias,pending,pending,pending,pending
CCU-230534-3,CCU-230534-3-S3,CCU-230534,3,3,有輕微移動,App 應能發出停止指令使電機停止,index_aligned,manual_only,,,from step splitting parser v1,unmapped,tap,todo_alias,pending,pending,pending,pending
CCU-230534-4,CCU-230534-4-S1,CCU-230534,4,1,短暫點擊「收回」按鈕。,延伸車架電機應能響應 App 的短時展開和收回指令,index_aligned,unmapped,,,from step splitting parser v1,unmapped,tap,todo_alias,pending,pending,pending,pending
CCU-230534-4,CCU-230534-4-S2,CCU-230534,4,2,短暫點擊「收回」按鈕。,有相應動作,index_aligned,unmapped,,,from step splitting parser v1,unmapped,tap,todo_alias,pending,pending,pending,pending
CCU-230534-4,CCU-230534-4-S3,CCU-230534,4,3,短暫點擊「收回」按鈕。,App 應能發出停止指令使電機停止,index_aligned,unmapped,,,from step splitting parser v1,unmapped,tap,todo_alias,pending,pending,pending,pending
CCU-230534-5,CCU-230534-5-S1,CCU-230534,5,1,觀察延伸車架電機是否反向啟動,延伸車架電機應能響應 App 的短時展開和收回指令,index_aligned,manual_only,KW-ALIAS-CHECK,manual,from step splitting parser v1; prefill_v1:ui_or_device_check,manual_only,tap,todo_alias,pending,pending,pending,pending
CCU-230534-5,CCU-230534-5-S2,CCU-230534,5,2,有輕微移動,有相應動作,index_aligned,manual_only,,,from step splitting parser v1,unmapped,tap,todo_alias,pending,pending,pending,pending
CCU-230534-5,CCU-230534-5-S3,CCU-230534,5,3,有輕微移動,App 應能發出停止指令使電機停止,index_aligned,manual_only,,,from step splitting parser v1,unmapped,tap,todo_alias,pending,pending,pending,pending
CCU-231039-1,CCU-231039-1-S1,CCU-231039,1,1,透過 App 導航至延伸車架控制。,延伸車架電機應能響應 App 的短時展開和收回指令,index_aligned,unmapped,,,from step splitting parser v1,unmapped,tap,todo_alias,pending,pending,pending,pending
CCU-231039-1,CCU-231039-1-S2,CCU-231039,1,2,透過 App 導航至延伸車架控制。,有相應動作,index_aligned,unmapped,,,from step splitting parser v1,unmapped,tap,todo_alias,pending,pending,pending,pending
CCU-231039-1,CCU-231039-1-S3,CCU-231039,1,3,透過 App 導航至延伸車架控制。,App 應能發出停止指令使電機停止,index_aligned,unmapped,,,from step splitting parser v1,unmapped,tap,todo_alias,pending,pending,pending,pending
CCU-231039-2,CCU-231039-2-S1,CCU-231039,2,1,長壓點擊 (例如3-5秒放開 立即停止)「展開」按鈕。,延伸車架電機應能響應 App 的長時展開和收回指令,index_aligned,unmapped,KW-ALIAS-CLICK,manual,from step splitting parser v1; prefill_v1:ui_action_click,manual_only,tap,todo_alias,pending,pending,pending,pending
CCU-231039-2,CCU-231039-2-S2,CCU-231039,2,2,長壓點擊 (例如3-5秒放開 立即停止)「展開」按鈕。,有相應動作,index_aligned,unmapped,KW-ALIAS-CLICK,manual,from step splitting parser v1; prefill_v1:ui_action_click,manual_only,tap,todo_alias,pending,pending,pending,pending
CCU-231039-2,CCU-231039-2-S3,CCU-231039,2,3,長壓點擊 (例如3-5秒放開 立即停止)「展開」按鈕。,App 應能放開後發出停止指令使電機停止,index_aligned,unmapped,KW-ALIAS-CLICK,manual,from step splitting parser v1; prefill_v1:ui_action_click,manual_only,tap,todo_alias,pending,pending,pending,pending
CCU-231039-3,CCU-231039-3-S1,CCU-231039,3,1,觀察延伸車架電機是否啟動,延伸車架電機應能響應 App 的長時展開和收回指令,index_aligned,manual_only,KW-ALIAS-CHECK,manual,from step splitting parser v1; prefill_v1:ui_or_device_check,manual_only,tap,todo_alias,pending,pending,pending,pending
CCU-231039-3,CCU-231039-3-S2,CCU-231039,3,2,如長壓時間移動,有相應動作,index_aligned,manual_only,,,from step splitting parser v1,unmapped,tap,todo_alias,pending,pending,pending,pending
CCU-231039-3,CCU-231039-3-S3,CCU-231039,3,3,如長壓時間移動,App 應能放開後發出停止指令使電機停止,index_aligned,manual_only,,,from step splitting parser v1,unmapped,tap,todo_alias,pending,pending,pending,pending
CCU-231039-5,CCU-231039-5-S1,CCU-231039,5,1,長壓「收回」按鈕。,延伸車架電機應能響應 App 的長時展開和收回指令,index_aligned,unmapped,KW-ALIAS-CLICK,manual,from step splitting parser v1; prefill_v1:ui_action_click,manual_only,tap,todo_alias,pending,pending,pending,pending
CCU-231039-5,CCU-231039-5-S2,CCU-231039,5,2,長壓「收回」按鈕。,有相應動作,index_aligned,unmapped,KW-ALIAS-CLICK,manual,from step splitting parser v1; prefill_v1:ui_action_click,manual_only,tap,todo_alias,pending,pending,pending,pending
CCU-231039-5,CCU-231039-5-S3,CCU-231039,5,3,長壓「收回」按鈕。,App 應能放開後發出停止指令使電機停止,index_aligned,unmapped,KW-ALIAS-CLICK,manual,from step splitting parser v1; prefill_v1:ui_action_click,manual_only,tap,todo_alias,pending,pending,pending,pending
CCU-231039-6,CCU-231039-6-S1,CCU-231039,6,1,觀察延伸車架電機是否反向啟動,延伸車架電機應能響應 App 的長時展開和收回指令,index_aligned,manual_only,KW-ALIAS-CHECK,manual,from step splitting parser v1; prefill_v1:ui_or_device_check,manual_only,tap,todo_alias,pending,pending,pending,pending
CCU-231039-6,CCU-231039-6-S2,CCU-231039,6,2,如長壓時間移動,有相應動作,index_aligned,manual_only,,,from step splitting parser v1,unmapped,tap,todo_alias,pending,pending,pending,pending
CCU-231039-6,CCU-231039-6-S3,CCU-231039,6,3,如長壓時間移動,App 應能放開後發出停止指令使電機停止,index_aligned,manual_only,,,from step splitting parser v1,unmapped,tap,todo_alias,pending,pending,pending,pending
CCU-231040-1,CCU-231040-1-S1,CCU-231040,1,1,透過 App 導航至延伸車架控制。,延伸車架電機應能響應 App 的長時展開和收回指令,index_aligned,unmapped,,,from step splitting parser v1,unmapped,tap,todo_alias,pending,pending,pending,pending
CCU-231040-1,CCU-231040-1-S2,CCU-231040,1,2,透過 App 導航至延伸車架控制。,有相應動作,index_aligned,unmapped,,,from step splitting parser v1,unmapped,tap,todo_alias,pending,pending,pending,pending
CCU-231040-1,CCU-231040-1-S3,CCU-231040,1,3,透過 App 導航至延伸車架控制。,App 應能放開後發出停止指令使電機停止,index_aligned,unmapped,,,from step splitting parser v1,unmapped,tap,todo_alias,pending,pending,pending,pending
CCU-231040-2,CCU-231040-2-S1,CCU-231040,2,1,長壓點擊 (例如3-5秒放開 立即停止)「展開」按鈕。,延伸車架電機應能響應 App 的長時展開和收回指令,index_aligned,unmapped,KW-ALIAS-CLICK,manual,from step splitting parser v1; prefill_v1:ui_action_click,manual_only,tap,todo_alias,pending,pending,pending,pending
CCU-231040-2,CCU-231040-2-S2,CCU-231040,2,2,長壓點擊 (例如3-5秒放開 立即停止)「展開」按鈕。,有相應動作,index_aligned,unmapped,KW-ALIAS-CLICK,manual,from step splitting parser v1; prefill_v1:ui_action_click,manual_only,tap,todo_alias,pending,pending,pending,pending
CCU-231040-2,CCU-231040-2-S3,CCU-231040,2,3,長壓點擊 (例如3-5秒放開 立即停止)「展開」按鈕。,App 應能放開後發出停止指令使電機停止,index_aligned,unmapped,KW-ALIAS-CLICK,manual,from step splitting parser v1; prefill_v1:ui_action_click,manual_only,tap,todo_alias,pending,pending,pending,pending
CCU-231040-3,CCU-231040-3-S1,CCU-231040,3,1,長壓點擊 (例如3-5秒放開 立即停止)「展開」按鈕。,延伸車架電機應能響應 App 的長時展開和收回指令,index_aligned,unmapped,KW-ALIAS-CLICK,manual,from step splitting parser v1; prefill_v1:ui_action_click,manual_only,tap,todo_alias,pending,pending,pending,pending
CCU-231040-3,CCU-231040-3-S2,CCU-231040,3,2,長壓點擊 (例如3-5秒放開 立即停止)「展開」按鈕。,有相應動作,index_aligned,unmapped,KW-ALIAS-CLICK,manual,from step splitting parser v1; prefill_v1:ui_action_click,manual_only,tap,todo_alias,pending,pending,pending,pending
CCU-231040-3,CCU-231040-3-S3,CCU-231040,3,3,長壓點擊 (例如3-5秒放開 立即停止)「展開」按鈕。,App 應能放開後發出停止指令使電機停止,index_aligned,unmapped,KW-ALIAS-CLICK,manual,from step splitting parser v1; prefill_v1:ui_action_click,manual_only,tap,todo_alias,pending,pending,pending,pending
CCU-231040-4,CCU-231040-4-S1,CCU-231040,4,1,長壓「收回」按鈕。,延伸車架電機應能響應 App 的長時展開和收回指令,index_aligned,unmapped,KW-ALIAS-CLICK,manual,from step splitting parser v1; prefill_v1:ui_action_click,manual_only,tap,todo_alias,pending,pending,pending,pending
CCU-231040-4,CCU-231040-4-S2,CCU-231040,4,2,長壓「收回」按鈕。,有相應動作,index_aligned,unmapped,KW-ALIAS-CLICK,manual,from step splitting parser v1; prefill_v1:ui_action_click,manual_only,tap,todo_alias,pending,pending,pending,pending
CCU-231040-4,CCU-231040-4-S3,CCU-231040,4,3,長壓「收回」按鈕。,App 應能放開後發出停止指令使電機停止,index_aligned,unmapped,KW-ALIAS-CLICK,manual,from step splitting parser v1; prefill_v1:ui_action_click,manual_only,tap,todo_alias,pending,pending,pending,pending
CCU-231040-5,CCU-231040-5-S1,CCU-231040,5,1,觀察延伸車架電機是否反向啟動,延伸車架電機應能響應 App 的長時展開和收回指令,index_aligned,manual_only,KW-ALIAS-CHECK,manual,from step splitting parser v1; prefill_v1:ui_or_device_check,manual_only,tap,todo_alias,pending,pending,pending,pending
CCU-231040-5,CCU-231040-5-S2,CCU-231040,5,2,如長壓時間移動,有相應動作,index_aligned,manual_only,,,from step splitting parser v1,unmapped,tap,todo_alias,pending,pending,pending,pending
CCU-231040-5,CCU-231040-5-S3,CCU-231040,5,3,如長壓時間移動,App 應能放開後發出停止指令使電機停止,index_aligned,manual_only,,,from step splitting parser v1,unmapped,tap,todo_alias,pending,pending,pending,pending
CCU-230536-1,CCU-230536-1-S1,CCU-230536,1,1,點擊語音命令,切換到語音命令頁面,index_aligned,manual_only,KW-ALIAS-CLICK,manual,from step splitting parser v1; prefill_v1:ui_action_click,manual_only,tap,todo_alias,pending,pending,pending,pending
CCU-230536-2,CCU-230536-2-S1,CCU-230536,2,1,"voice command : ""turn on all lights""",所有燈開啟正常,index_aligned,unmapped,KW-ALIAS-DEVICE-STATE,manual,from step splitting parser v1; prefill_v2:device_state,manual_only,tap,todo_alias,pending,pending,pending,pending
CCU-231154-1,CCU-231154-1-S1,CCU-231154,1,1,實體線路操作水位偵測地線放入水瓶中,FRESH 水位在高,expected_attached_to_first,unmapped,KW-ALIAS-DEVICE-WIRING,manual,from step splitting parser v1; prefill_v2:device_wiring,manual_only,tap,todo_alias,pending,pending,pending,pending
CCU-231154-1,CCU-231154-1-S2,CCU-231154,1,2,實體線路操作水位偵測橘色線路放進水瓶中,,expected_attached_to_first,unmapped,KW-ALIAS-DEVICE-WIRING,manual,from step splitting parser v1; prefill_v2:device_wiring,manual_only,tap,todo_alias,pending,pending,pending,pending
CCU-231155-1,CCU-231155-1-S1,CCU-231155,1,1,實體線路操作水位偵測地線放入水瓶中,FRESH 水位在中,expected_attached_to_first,unmapped,KW-ALIAS-DEVICE-WIRING,manual,from step splitting parser v1; prefill_v2:device_wiring,manual_only,tap,todo_alias,pending,pending,pending,pending
CCU-231155-1,CCU-231155-1-S2,CCU-231155,1,2,實體線路操作水位偵測綠色線路放進水瓶中,,expected_attached_to_first,unmapped,KW-ALIAS-DEVICE-WIRING,manual,from step splitting parser v1; prefill_v2:device_wiring,manual_only,tap,todo_alias,pending,pending,pending,pending
CCU-231156-1,CCU-231156-1-S1,CCU-231156,1,1,實體線路操作水位偵測地線放入水瓶中,FRESH 水位在低,expected_attached_to_first,unmapped,KW-ALIAS-DEVICE-WIRING,manual,from step splitting parser v1; prefill_v2:device_wiring,manual_only,tap,todo_alias,pending,pending,pending,pending
CCU-231156-1,CCU-231156-1-S2,CCU-231156,1,2,實體線路操作水位偵測黃色線路放進水瓶中,,expected_attached_to_first,unmapped,KW-ALIAS-DEVICE-WIRING,manual,from step splitting parser v1; prefill_v2:device_wiring,manual_only,tap,todo_alias,pending,pending,pending,pending
CCU-230668-1,CCU-230668-1-S1,CCU-230668,1,1,觀察 IoT 面板是否成功啟動。,IoT 面板應在合理時間內啟動,index_aligned,manual_only,KW-ALIAS-CHECK,manual,from step splitting parser v1; prefill_v1:ui_or_device_check,manual_only,tap,success_message,pending,pending,pending,pending
CCU-230668-1,CCU-230668-1-S2,CCU-230668,1,2,觀察 IoT 面板是否成功啟動。,顯示主介面,index_aligned,manual_only,KW-ALIAS-CHECK,manual,from step splitting parser v1; prefill_v1:ui_or_device_check,manual_only,tap,success_message,pending,pending,pending,pending
CCU-230668-1,CCU-230668-1-S3,CCU-230668,1,3,觀察 IoT 面板是否成功啟動。,主介面應無明顯錯誤或卡頓，基本控制圖示可見,index_aligned,manual_only,KW-ALIAS-CHECK,manual,from step splitting parser v1; prefill_v1:ui_or_device_check,manual_only,tap,error_message,pending,pending,pending,pending
CCU-230668-2,CCU-230668-2-S1,CCU-230668,2,1,檢查 IoT 面板主控制介面是否正常顯示。,IoT 面板應在合理時間內啟動,index_aligned,manual_only,KW-ALIAS-CHECK,manual,from step splitting parser v1; prefill_v1:ui_or_device_check,manual_only,assert_visible,todo_alias,pending,pending,pending,pending
CCU-230668-2,CCU-230668-2-S2,CCU-230668,2,2,檢查 IoT 面板主控制介面是否正常顯示。,顯示主介面,index_aligned,manual_only,KW-ALIAS-CHECK,manual,from step splitting parser v1; prefill_v1:ui_or_device_check,manual_only,assert_visible,todo_alias,pending,pending,pending,pending
CCU-230668-2,CCU-230668-2-S3,CCU-230668,2,3,檢查 IoT 面板主控制介面是否正常顯示。,主介面應無明顯錯誤或卡頓，基本控制圖示可見,index_aligned,manual_only,KW-ALIAS-CHECK,manual,from step splitting parser v1; prefill_v1:ui_or_device_check,manual_only,assert_visible,error_message,pending,pending,pending,pending
CCU-230669-1,CCU-230669-1-S1,CCU-230669,1,1,透過 IoT 面板操作主燈「開啟」。,主燈應能被 IoT 面板成功開啟和關閉,index_aligned,unmapped,,,from step splitting parser v1,unmapped,tap,success_message,pending,pending,pending,pending
CCU-230669-1,CCU-230669-1-S2,CCU-230669,1,2,透過 IoT 面板操作主燈「開啟」。,面板上的燈光狀態應與實際狀態一致,index_aligned,unmapped,,,from step splitting parser v1,unmapped,tap,todo_alias,pending,pending,pending,pending
CCU-230669-1,CCU-230669-1-S3,CCU-230669,1,3,透過 IoT 面板操作主燈「開啟」。,操作反應應及時,index_aligned,unmapped,,,from step splitting parser v1,unmapped,tap,todo_alias,pending,pending,pending,pending
CCU-230669-2,CCU-230669-2-S1,CCU-230669,2,1,觀察主燈實際是否亮起，及面板狀態是否更新。,主燈應能被 IoT 面板成功開啟和關閉,index_aligned,manual_only,KW-ALIAS-CHECK,manual,from step splitting parser v1; prefill_v1:ui_or_device_check,manual_only,tap,success_message,pending,pending,pending,pending
CCU-230669-2,CCU-230669-2-S2,CCU-230669,2,2,觀察主燈實際是否亮起，及面板狀態是否更新。,面板上的燈光狀態應與實際狀態一致,index_aligned,manual_only,KW-ALIAS-CHECK,manual,from step splitting parser v1; prefill_v1:ui_or_device_check,manual_only,tap,todo_alias,pending,pending,pending,pending
CCU-230669-2,CCU-230669-2-S3,CCU-230669,2,3,觀察主燈實際是否亮起，及面板狀態是否更新。,操作反應應及時,index_aligned,manual_only,KW-ALIAS-CHECK,manual,from step splitting parser v1; prefill_v1:ui_or_device_check,manual_only,tap,todo_alias,pending,pending,pending,pending
CCU-230669-3,CCU-230669-3-S1,CCU-230669,3,1,透過 IoT 面板操作主燈「關閉」。,主燈應能被 IoT 面板成功開啟和關閉,index_aligned,unmapped,,,from step splitting parser v1,unmapped,tap,success_message,pending,pending,pending,pending
CCU-230669-3,CCU-230669-3-S2,CCU-230669,3,2,透過 IoT 面板操作主燈「關閉」。,面板上的燈光狀態應與實際狀態一致,index_aligned,unmapped,,,from step splitting parser v1,unmapped,tap,todo_alias,pending,pending,pending,pending
CCU-230669-3,CCU-230669-3-S3,CCU-230669,3,3,透過 IoT 面板操作主燈「關閉」。,操作反應應及時,index_aligned,unmapped,,,from step splitting parser v1,unmapped,tap,todo_alias,pending,pending,pending,pending
CCU-230669-4,CCU-230669-4-S1,CCU-230669,4,1,觀察主燈實際是否熄滅，及面板狀態是否更新。,主燈應能被 IoT 面板成功開啟和關閉,index_aligned,manual_only,KW-ALIAS-CHECK,manual,from step splitting parser v1; prefill_v1:ui_or_device_check,manual_only,tap,success_message,pending,pending,pending,pending
CCU-230669-4,CCU-230669-4-S2,CCU-230669,4,2,觀察主燈實際是否熄滅，及面板狀態是否更新。,面板上的燈光狀態應與實際狀態一致,index_aligned,manual_only,KW-ALIAS-CHECK,manual,from step splitting parser v1; prefill_v1:ui_or_device_check,manual_only,tap,todo_alias,pending,pending,pending,pending
CCU-230669-4,CCU-230669-4-S3,CCU-230669,4,3,觀察主燈實際是否熄滅，及面板狀態是否更新。,操作反應應及時,index_aligned,manual_only,KW-ALIAS-CHECK,manual,from step splitting parser v1; prefill_v1:ui_or_device_check,manual_only,tap,todo_alias,pending,pending,pending,pending
CCU-230670-1,CCU-230670-1-S1,CCU-230670,1,1,透過 App 導航至延伸車架控制。,延伸車架電機應能響應 App 的短時展開和收回指令,index_aligned,unmapped,,,from step splitting parser v1,unmapped,tap,todo_alias,pending,pending,pending,pending
CCU-230670-1,CCU-230670-1-S2,CCU-230670,1,2,透過 App 導航至延伸車架控制。,有相應動作,index_aligned,unmapped,,,from step splitting parser v1,unmapped,tap,todo_alias,pending,pending,pending,pending
CCU-230670-1,CCU-230670-1-S3,CCU-230670,1,3,透過 App 導航至延伸車架控制。,App 應能發出停止指令使電機停止,index_aligned,unmapped,,,from step splitting parser v1,unmapped,tap,todo_alias,pending,pending,pending,pending
CCU-230670-2,CCU-230670-2-S1,CCU-230670,2,1,短暫點擊 (例如1-2秒後立即停止)「展開」按鈕。,延伸車架電機應能響應 App 的短時展開和收回指令,index_aligned,unmapped,,,from step splitting parser v1,unmapped,tap,todo_alias,pending,pending,pending,pending
CCU-230670-2,CCU-230670-2-S2,CCU-230670,2,2,短暫點擊 (例如1-2秒後立即停止)「展開」按鈕。,有相應動作,index_aligned,unmapped,,,from step splitting parser v1,unmapped,tap,todo_alias,pending,pending,pending,pending
CCU-230670-2,CCU-230670-2-S3,CCU-230670,2,3,短暫點擊 (例如1-2秒後立即停止)「展開」按鈕。,App 應能發出停止指令使電機停止,index_aligned,unmapped,,,from step splitting parser v1,unmapped,tap,todo_alias,pending,pending,pending,pending
CCU-230670-3,CCU-230670-3-S1,CCU-230670,3,1,觀察延伸車架電機是否啟動,延伸車架電機應能響應 App 的短時展開和收回指令,index_aligned,manual_only,KW-ALIAS-CHECK,manual,from step splitting parser v1; prefill_v1:ui_or_device_check,manual_only,tap,todo_alias,pending,pending,pending,pending
CCU-230670-3,CCU-230670-3-S2,CCU-230670,3,2,有輕微移動,有相應動作,index_aligned,manual_only,,,from step splitting parser v1,unmapped,tap,todo_alias,pending,pending,pending,pending
CCU-230670-3,CCU-230670-3-S3,CCU-230670,3,3,有輕微移動,App 應能發出停止指令使電機停止,index_aligned,manual_only,,,from step splitting parser v1,unmapped,tap,todo_alias,pending,pending,pending,pending
CCU-230670-4,CCU-230670-4-S1,CCU-230670,4,1,短暫點擊「收回」按鈕。,延伸車架電機應能響應 App 的短時展開和收回指令,index_aligned,unmapped,,,from step splitting parser v1,unmapped,tap,todo_alias,pending,pending,pending,pending
CCU-230670-4,CCU-230670-4-S2,CCU-230670,4,2,短暫點擊「收回」按鈕。,有相應動作,index_aligned,unmapped,,,from step splitting parser v1,unmapped,tap,todo_alias,pending,pending,pending,pending
CCU-230670-4,CCU-230670-4-S3,CCU-230670,4,3,短暫點擊「收回」按鈕。,App 應能發出停止指令使電機停止,index_aligned,unmapped,,,from step splitting parser v1,unmapped,tap,todo_alias,pending,pending,pending,pending
CCU-230670-5,CCU-230670-5-S1,CCU-230670,5,1,觀察延伸車架電機是否反向啟動,延伸車架電機應能響應 App 的短時展開和收回指令,index_aligned,manual_only,KW-ALIAS-CHECK,manual,from step splitting parser v1; prefill_v1:ui_or_device_check,manual_only,tap,todo_alias,pending,pending,pending,pending
CCU-230670-5,CCU-230670-5-S2,CCU-230670,5,2,有輕微移動,有相應動作,index_aligned,manual_only,,,from step splitting parser v1,unmapped,tap,todo_alias,pending,pending,pending,pending
CCU-230670-5,CCU-230670-5-S3,CCU-230670,5,3,有輕微移動,App 應能發出停止指令使電機停止,index_aligned,manual_only,,,from step splitting parser v1,unmapped,tap,todo_alias,pending,pending,pending,pending
CCU-230671-1,CCU-230671-1-S1,CCU-230671,1,1,透過 App 導航至延伸車架控制。,延伸車架電機應能響應 App 的短時展開和收回指令,index_aligned,unmapped,,,from step splitting parser v1,unmapped,tap,todo_alias,pending,pending,pending,pending
CCU-230671-1,CCU-230671-1-S2,CCU-230671,1,2,透過 App 導航至延伸車架控制。,有相應動作,index_aligned,unmapped,,,from step splitting parser v1,unmapped,tap,todo_alias,pending,pending,pending,pending
CCU-230671-1,CCU-230671-1-S3,CCU-230671,1,3,透過 App 導航至延伸車架控制。,App 應能發出停止指令使電機停止,index_aligned,unmapped,,,from step splitting parser v1,unmapped,tap,todo_alias,pending,pending,pending,pending
CCU-230671-2,CCU-230671-2-S1,CCU-230671,2,1,短暫點擊 (例如1-2秒後立即停止)「展開」按鈕。,延伸車架電機應能響應 App 的短時展開和收回指令,index_aligned,unmapped,,,from step splitting parser v1,unmapped,tap,todo_alias,pending,pending,pending,pending
CCU-230671-2,CCU-230671-2-S2,CCU-230671,2,2,短暫點擊 (例如1-2秒後立即停止)「展開」按鈕。,有相應動作,index_aligned,unmapped,,,from step splitting parser v1,unmapped,tap,todo_alias,pending,pending,pending,pending
CCU-230671-2,CCU-230671-2-S3,CCU-230671,2,3,短暫點擊 (例如1-2秒後立即停止)「展開」按鈕。,App 應能發出停止指令使電機停止,index_aligned,unmapped,,,from step splitting parser v1,unmapped,tap,todo_alias,pending,pending,pending,pending
CCU-230671-3,CCU-230671-3-S1,CCU-230671,3,1,觀察延伸車架電機是否啟動,延伸車架電機應能響應 App 的短時展開和收回指令,index_aligned,manual_only,KW-ALIAS-CHECK,manual,from step splitting parser v1; prefill_v1:ui_or_device_check,manual_only,tap,todo_alias,pending,pending,pending,pending
CCU-230671-3,CCU-230671-3-S2,CCU-230671,3,2,有輕微移動,有相應動作,index_aligned,manual_only,,,from step splitting parser v1,unmapped,tap,todo_alias,pending,pending,pending,pending
CCU-230671-3,CCU-230671-3-S3,CCU-230671,3,3,有輕微移動,App 應能發出停止指令使電機停止,index_aligned,manual_only,,,from step splitting parser v1,unmapped,tap,todo_alias,pending,pending,pending,pending
CCU-230671-4,CCU-230671-4-S1,CCU-230671,4,1,短暫點擊「收回」按鈕。,延伸車架電機應能響應 App 的短時展開和收回指令,index_aligned,unmapped,,,from step splitting parser v1,unmapped,tap,todo_alias,pending,pending,pending,pending
CCU-230671-4,CCU-230671-4-S2,CCU-230671,4,2,短暫點擊「收回」按鈕。,有相應動作,index_aligned,unmapped,,,from step splitting parser v1,unmapped,tap,todo_alias,pending,pending,pending,pending
CCU-230671-4,CCU-230671-4-S3,CCU-230671,4,3,短暫點擊「收回」按鈕。,App 應能發出停止指令使電機停止,index_aligned,unmapped,,,from step splitting parser v1,unmapped,tap,todo_alias,pending,pending,pending,pending
CCU-230671-5,CCU-230671-5-S1,CCU-230671,5,1,觀察延伸車架電機是否反向啟動,延伸車架電機應能響應 App 的短時展開和收回指令,index_aligned,manual_only,KW-ALIAS-CHECK,manual,from step splitting parser v1; prefill_v1:ui_or_device_check,manual_only,tap,todo_alias,pending,pending,pending,pending
CCU-230671-5,CCU-230671-5-S2,CCU-230671,5,2,有輕微移動,有相應動作,index_aligned,manual_only,,,from step splitting parser v1,unmapped,tap,todo_alias,pending,pending,pending,pending
CCU-230671-5,CCU-230671-5-S3,CCU-230671,5,3,有輕微移動,App 應能發出停止指令使電機停止,index_aligned,manual_only,,,from step splitting parser v1,unmapped,tap,todo_alias,pending,pending,pending,pending
CCU-231041-1,CCU-231041-1-S1,CCU-231041,1,1,透過 App 導航至延伸車架控制。,延伸車架電機應能響應 App 的短時展開和收回指令,index_aligned,unmapped,,,from step splitting parser v1,unmapped,tap,todo_alias,pending,pending,pending,pending
CCU-231041-1,CCU-231041-1-S2,CCU-231041,1,2,透過 App 導航至延伸車架控制。,有相應動作,index_aligned,unmapped,,,from step splitting parser v1,unmapped,tap,todo_alias,pending,pending,pending,pending
CCU-231041-1,CCU-231041-1-S3,CCU-231041,1,3,透過 App 導航至延伸車架控制。,App 應能發出停止指令使電機停止,index_aligned,unmapped,,,from step splitting parser v1,unmapped,tap,todo_alias,pending,pending,pending,pending
CCU-231041-2,CCU-231041-2-S1,CCU-231041,2,1,長壓點擊 (例如3-5秒放開 立即停止)「展開」按鈕。,延伸車架電機應能響應 App 的長時展開和收回指令,index_aligned,unmapped,KW-ALIAS-CLICK,manual,from step splitting parser v1; prefill_v1:ui_action_click,manual_only,tap,todo_alias,pending,pending,pending,pending
CCU-231041-2,CCU-231041-2-S2,CCU-231041,2,2,長壓點擊 (例如3-5秒放開 立即停止)「展開」按鈕。,有相應動作,index_aligned,unmapped,KW-ALIAS-CLICK,manual,from step splitting parser v1; prefill_v1:ui_action_click,manual_only,tap,todo_alias,pending,pending,pending,pending
CCU-231041-2,CCU-231041-2-S3,CCU-231041,2,3,長壓點擊 (例如3-5秒放開 立即停止)「展開」按鈕。,App 應能放開後發出停止指令使電機停止,index_aligned,unmapped,KW-ALIAS-CLICK,manual,from step splitting parser v1; prefill_v1:ui_action_click,manual_only,tap,todo_alias,pending,pending,pending,pending
CCU-231041-3,CCU-231041-3-S1,CCU-231041,3,1,觀察延伸車架電機是否啟動,延伸車架電機應能響應 App 的長時展開和收回指令,index_aligned,manual_only,KW-ALIAS-CHECK,manual,from step splitting parser v1; prefill_v1:ui_or_device_check,manual_only,tap,todo_alias,pending,pending,pending,pending
CCU-231041-3,CCU-231041-3-S2,CCU-231041,3,2,如長壓時間移動,有相應動作,index_aligned,manual_only,,,from step splitting parser v1,unmapped,tap,todo_alias,pending,pending,pending,pending
CCU-231041-3,CCU-231041-3-S3,CCU-231041,3,3,如長壓時間移動,App 應能放開後發出停止指令使電機停止,index_aligned,manual_only,,,from step splitting parser v1,unmapped,tap,todo_alias,pending,pending,pending,pending
CCU-231041-5,CCU-231041-5-S1,CCU-231041,5,1,長壓「收回」按鈕。,延伸車架電機應能響應 App 的長時展開和收回指令,index_aligned,unmapped,KW-ALIAS-CLICK,manual,from step splitting parser v1; prefill_v1:ui_action_click,manual_only,tap,todo_alias,pending,pending,pending,pending
CCU-231041-5,CCU-231041-5-S2,CCU-231041,5,2,長壓「收回」按鈕。,有相應動作,index_aligned,unmapped,KW-ALIAS-CLICK,manual,from step splitting parser v1; prefill_v1:ui_action_click,manual_only,tap,todo_alias,pending,pending,pending,pending
CCU-231041-5,CCU-231041-5-S3,CCU-231041,5,3,長壓「收回」按鈕。,App 應能放開後發出停止指令使電機停止,index_aligned,unmapped,KW-ALIAS-CLICK,manual,from step splitting parser v1; prefill_v1:ui_action_click,manual_only,tap,todo_alias,pending,pending,pending,pending
CCU-231041-6,CCU-231041-6-S1,CCU-231041,6,1,觀察延伸車架電機是否反向啟動,延伸車架電機應能響應 App 的長時展開和收回指令,index_aligned,manual_only,KW-ALIAS-CHECK,manual,from step splitting parser v1; prefill_v1:ui_or_device_check,manual_only,tap,todo_alias,pending,pending,pending,pending
CCU-231041-6,CCU-231041-6-S2,CCU-231041,6,2,如長壓時間移動,有相應動作,index_aligned,manual_only,,,from step splitting parser v1,unmapped,tap,todo_alias,pending,pending,pending,pending
CCU-231041-6,CCU-231041-6-S3,CCU-231041,6,3,如長壓時間移動,App 應能放開後發出停止指令使電機停止,index_aligned,manual_only,,,from step splitting parser v1,unmapped,tap,todo_alias,pending,pending,pending,pending
CCU-231042-1,CCU-231042-1-S1,CCU-231042,1,1,透過 App 導航至延伸車架控制。,延伸車架電機應能響應 App 的長時展開和收回指令,index_aligned,unmapped,,,from step splitting parser v1,unmapped,tap,todo_alias,pending,pending,pending,pending
CCU-231042-1,CCU-231042-1-S2,CCU-231042,1,2,透過 App 導航至延伸車架控制。,有相應動作,index_aligned,unmapped,,,from step splitting parser v1,unmapped,tap,todo_alias,pending,pending,pending,pending
CCU-231042-1,CCU-231042-1-S3,CCU-231042,1,3,透過 App 導航至延伸車架控制。,App 應能放開後發出停止指令使電機停止,index_aligned,unmapped,,,from step splitting parser v1,unmapped,tap,todo_alias,pending,pending,pending,pending
CCU-231042-2,CCU-231042-2-S1,CCU-231042,2,1,長壓點擊 (例如3-5秒放開 立即停止)「展開」按鈕。,延伸車架電機應能響應 App 的長時展開和收回指令,index_aligned,unmapped,KW-ALIAS-CLICK,manual,from step splitting parser v1; prefill_v1:ui_action_click,manual_only,tap,todo_alias,pending,pending,pending,pending
CCU-231042-2,CCU-231042-2-S2,CCU-231042,2,2,長壓點擊 (例如3-5秒放開 立即停止)「展開」按鈕。,有相應動作,index_aligned,unmapped,KW-ALIAS-CLICK,manual,from step splitting parser v1; prefill_v1:ui_action_click,manual_only,tap,todo_alias,pending,pending,pending,pending
CCU-231042-2,CCU-231042-2-S3,CCU-231042,2,3,長壓點擊 (例如3-5秒放開 立即停止)「展開」按鈕。,App 應能放開後發出停止指令使電機停止,index_aligned,unmapped,KW-ALIAS-CLICK,manual,from step splitting parser v1; prefill_v1:ui_action_click,manual_only,tap,todo_alias,pending,pending,pending,pending
CCU-231042-3,CCU-231042-3-S1,CCU-231042,3,1,長壓點擊 (例如3-5秒放開 立即停止)「展開」按鈕。,延伸車架電機應能響應 App 的長時展開和收回指令,index_aligned,unmapped,KW-ALIAS-CLICK,manual,from step splitting parser v1; prefill_v1:ui_action_click,manual_only,tap,todo_alias,pending,pending,pending,pending
CCU-231042-3,CCU-231042-3-S2,CCU-231042,3,2,長壓點擊 (例如3-5秒放開 立即停止)「展開」按鈕。,有相應動作,index_aligned,unmapped,KW-ALIAS-CLICK,manual,from step splitting parser v1; prefill_v1:ui_action_click,manual_only,tap,todo_alias,pending,pending,pending,pending
CCU-231042-3,CCU-231042-3-S3,CCU-231042,3,3,長壓點擊 (例如3-5秒放開 立即停止)「展開」按鈕。,App 應能放開後發出停止指令使電機停止,index_aligned,unmapped,KW-ALIAS-CLICK,manual,from step splitting parser v1; prefill_v1:ui_action_click,manual_only,tap,todo_alias,pending,pending,pending,pending
CCU-231042-4,CCU-231042-4-S1,CCU-231042,4,1,長壓「收回」按鈕。,延伸車架電機應能響應 App 的長時展開和收回指令,index_aligned,unmapped,KW-ALIAS-CLICK,manual,from step splitting parser v1; prefill_v1:ui_action_click,manual_only,tap,todo_alias,pending,pending,pending,pending
CCU-231042-4,CCU-231042-4-S2,CCU-231042,4,2,長壓「收回」按鈕。,有相應動作,index_aligned,unmapped,KW-ALIAS-CLICK,manual,from step splitting parser v1; prefill_v1:ui_action_click,manual_only,tap,todo_alias,pending,pending,pending,pending
CCU-231042-4,CCU-231042-4-S3,CCU-231042,4,3,長壓「收回」按鈕。,App 應能放開後發出停止指令使電機停止,index_aligned,unmapped,KW-ALIAS-CLICK,manual,from step splitting parser v1; prefill_v1:ui_action_click,manual_only,tap,todo_alias,pending,pending,pending,pending
CCU-231042-5,CCU-231042-5-S1,CCU-231042,5,1,觀察延伸車架電機是否反向啟動,延伸車架電機應能響應 App 的長時展開和收回指令,index_aligned,manual_only,KW-ALIAS-CHECK,manual,from step splitting parser v1; prefill_v1:ui_or_device_check,manual_only,tap,todo_alias,pending,pending,pending,pending
CCU-231042-5,CCU-231042-5-S2,CCU-231042,5,2,如長壓時間移動,有相應動作,index_aligned,manual_only,,,from step splitting parser v1,unmapped,tap,todo_alias,pending,pending,pending,pending
CCU-231042-5,CCU-231042-5-S3,CCU-231042,5,3,如長壓時間移動,App 應能放開後發出停止指令使電機停止,index_aligned,manual_only,,,from step splitting parser v1,unmapped,tap,todo_alias,pending,pending,pending,pending
CCU-140-1,CCU-140-1-S1,CCU-140,1,1,,,no_expected,unmapped,,,from step splitting parser v1,unmapped,tap,todo_alias,pending,pending,pending,pending
CCU-141-1,CCU-141-1-S1,CCU-141,1,1,"上下左右 idle 7sec 設定 ""mode & fan"" 設定 ""temp"" 回到 “options"" 短按 及 長按",動作流程需符合 [tlInlineImage]2[/tlInlineImage],index_aligned,unmapped,KW-ALIAS-NAVIGATION,manual,from step splitting parser v1; prefill_v2:navigation_flow,manual_only,tap,settings_button,pending,pending,pending,pending
CCU-230878-1,CCU-230878-1-S1,CCU-230878,1,1,LCD 面板點選上,LCD 選擇往上,index_aligned,unmapped,KW-ALIAS-DEVICE-STATE,manual,from step splitting parser v1; prefill_v2:device_state,manual_only,tap,todo_alias,pending,pending,pending,pending
CCU-230878-2,CCU-230878-2-S1,CCU-230878,2,1,LCD 面板點選下,LCD 選擇往下,index_aligned,unmapped,KW-ALIAS-DEVICE-STATE,manual,from step splitting parser v1; prefill_v2:device_state,manual_only,tap,todo_alias,pending,pending,pending,pending
CCU-230878-3,CCU-230878-3-S1,CCU-230878,3,1,LCD 面板點選左,LCD 選擇往左,index_aligned,unmapped,KW-ALIAS-DEVICE-STATE,manual,from step splitting parser v1; prefill_v2:device_state,manual_only,tap,todo_alias,pending,pending,pending,pending
CCU-230878-4,CCU-230878-4-S1,CCU-230878,4,1,LCD 面板點選右,LCD 選擇往右,index_aligned,unmapped,KW-ALIAS-DEVICE-STATE,manual,from step splitting parser v1; prefill_v2:device_state,manual_only,tap,todo_alias,pending,pending,pending,pending
CCU-230879-1,CCU-230879-1-S1,CCU-230879,1,1,LCD 操作,7秒後 溫度確認改變,expected_attached_to_first,unmapped,KW-ALIAS-DEVICE-STATE,manual,from step splitting parser v1; prefill_v2:device_state,manual_only,assert_visible,confirm_button,pending,pending,pending,pending
CCU-230879-1,CCU-230879-1-S2,CCU-230879,1,2,上下改變溫度,,expected_attached_to_first,unmapped,,,from step splitting parser v1,unmapped,tap,todo_alias,pending,pending,pending,pending
CCU-230879-1,CCU-230879-1-S3,CCU-230879,1,3,閒置 7 秒,,expected_attached_to_first,unmapped,,,from step splitting parser v1,unmapped,tap,todo_alias,pending,pending,pending,pending
CCU-230880-1,CCU-230880-1-S1,CCU-230880,1,1,LCD 操作,7 秒後 MOD確認改變,expected_attached_to_first,unmapped,KW-ALIAS-DEVICE-STATE,manual,from step splitting parser v1; prefill_v2:device_state,manual_only,assert_visible,confirm_button,pending,pending,pending,pending
CCU-230880-1,CCU-230880-1-S2,CCU-230880,1,2,左右改變 MOD,,expected_attached_to_first,unmapped,,,from step splitting parser v1,unmapped,tap,todo_alias,pending,pending,pending,pending
CCU-230880-1,CCU-230880-1-S3,CCU-230880,1,3,閒置 7 秒,,expected_attached_to_first,unmapped,,,from step splitting parser v1,unmapped,tap,todo_alias,pending,pending,pending,pending
CCU-230881-1,CCU-230881-1-S1,CCU-230881,1,1,LCD 操作,7 秒後 FAN確認改變,expected_attached_to_first,unmapped,KW-ALIAS-DEVICE-STATE,manual,from step splitting parser v1; prefill_v2:device_state,manual_only,assert_visible,confirm_button,pending,pending,pending,pending
CCU-230881-1,CCU-230881-1-S2,CCU-230881,1,2,左右改變 FAN,,expected_attached_to_first,unmapped,,,from step splitting parser v1,unmapped,tap,todo_alias,pending,pending,pending,pending
CCU-230881-1,CCU-230881-1-S3,CCU-230881,1,3,閒置 7 秒,,expected_attached_to_first,unmapped,,,from step splitting parser v1,unmapped,tap,todo_alias,pending,pending,pending,pending
CCU-230882-1,CCU-230882-1-S1,CCU-230882,1,1,LCD 操作,7秒後 溫度確認改變,expected_attached_to_first,unmapped,KW-ALIAS-DEVICE-STATE,manual,from step splitting parser v1; prefill_v2:device_state,manual_only,assert_visible,confirm_button,pending,pending,pending,pending
CCU-230882-1,CCU-230882-1-S2,CCU-230882,1,2,上下改變溫度,,expected_attached_to_first,unmapped,,,from step splitting parser v1,unmapped,tap,todo_alias,pending,pending,pending,pending
CCU-230882-1,CCU-230882-1-S3,CCU-230882,1,3,閒置 7 秒,,expected_attached_to_first,unmapped,,,from step splitting parser v1,unmapped,tap,todo_alias,pending,pending,pending,pending
CCU-230883-1,CCU-230883-1-S1,CCU-230883,1,1,LCD 操作,7 秒後 MOD確認改變,expected_attached_to_first,unmapped,KW-ALIAS-DEVICE-STATE,manual,from step splitting parser v1; prefill_v2:device_state,manual_only,assert_visible,confirm_button,pending,pending,pending,pending
CCU-230883-1,CCU-230883-1-S2,CCU-230883,1,2,左右改變 MOD,,expected_attached_to_first,unmapped,,,from step splitting parser v1,unmapped,tap,todo_alias,pending,pending,pending,pending
CCU-230883-1,CCU-230883-1-S3,CCU-230883,1,3,閒置 7 秒,,expected_attached_to_first,unmapped,,,from step splitting parser v1,unmapped,tap,todo_alias,pending,pending,pending,pending
CCU-230884-1,CCU-230884-1-S1,CCU-230884,1,1,LCD 操作,7 秒後 FAN確認改變,expected_attached_to_first,unmapped,KW-ALIAS-DEVICE-STATE,manual,from step splitting parser v1; prefill_v2:device_state,manual_only,assert_visible,confirm_button,pending,pending,pending,pending
CCU-230884-1,CCU-230884-1-S2,CCU-230884,1,2,左右改變 FAN,,expected_attached_to_first,unmapped,,,from step splitting parser v1,unmapped,tap,todo_alias,pending,pending,pending,pending
CCU-230884-1,CCU-230884-1-S3,CCU-230884,1,3,閒置 7 秒,,expected_attached_to_first,unmapped,,,from step splitting parser v1,unmapped,tap,todo_alias,pending,pending,pending,pending
CCU-230885-1,CCU-230885-1-S1,CCU-230885,1,1,LCD 操作,7 秒後 確認改變為目前選擇的選項,expected_attached_to_first,unmapped,KW-ALIAS-DEVICE-STATE,manual,from step splitting parser v1; prefill_v2:device_state,manual_only,assert_visible,confirm_button,pending,pending,pending,pending
CCU-230885-1,CCU-230885-1-S2,CCU-230885,1,2,上下左右改變選項,,expected_attached_to_first,unmapped,,,from step splitting parser v1,unmapped,tap,todo_alias,pending,pending,pending,pending
CCU-230885-1,CCU-230885-1-S3,CCU-230885,1,3,閒置 7 秒,,expected_attached_to_first,unmapped,,,from step splitting parser v1,unmapped,tap,todo_alias,pending,pending,pending,pending
CCU-230886-1,CCU-230886-1-S1,CCU-230886,1,1,LCD 操作,7 秒後 確認改變為目前選擇的選項,expected_attached_to_first,unmapped,KW-ALIAS-DEVICE-STATE,manual,from step splitting parser v1; prefill_v2:device_state,manual_only,assert_visible,confirm_button,pending,pending,pending,pending
CCU-230886-1,CCU-230886-1-S2,CCU-230886,1,2,上下左右改變選項,,expected_attached_to_first,unmapped,,,from step splitting parser v1,unmapped,tap,todo_alias,pending,pending,pending,pending
CCU-230886-1,CCU-230886-1-S3,CCU-230886,1,3,閒置 7 秒,,expected_attached_to_first,unmapped,,,from step splitting parser v1,unmapped,tap,todo_alias,pending,pending,pending,pending
CCU-230887-1,CCU-230887-1-S1,CCU-230887,1,1,LCD 操作,7 秒後 確認改變為目前選擇的選項,expected_attached_to_first,unmapped,KW-ALIAS-DEVICE-STATE,manual,from step splitting parser v1; prefill_v2:device_state,manual_only,assert_visible,confirm_button,pending,pending,pending,pending
CCU-230887-1,CCU-230887-1-S2,CCU-230887,1,2,上下改變選項,,expected_attached_to_first,unmapped,,,from step splitting parser v1,unmapped,tap,todo_alias,pending,pending,pending,pending
CCU-230887-1,CCU-230887-1-S3,CCU-230887,1,3,閒置 7 秒,,expected_attached_to_first,unmapped,,,from step splitting parser v1,unmapped,tap,todo_alias,pending,pending,pending,pending
CCU-230888-1,CCU-230888-1-S1,CCU-230888,1,1,LCD 操作,改變溫度+1,expected_attached_to_first,unmapped,KW-ALIAS-DEVICE-STATE,manual,from step splitting parser v1; prefill_v2:device_state,manual_only,tap,todo_alias,pending,pending,pending,pending
CCU-230888-1,CCU-230888-1-S2,CCU-230888,1,2,上 短按,,expected_attached_to_first,unmapped,,,from step splitting parser v1,unmapped,tap,todo_alias,pending,pending,pending,pending
CCU-230889-1,CCU-230889-1-S1,CCU-230889,1,1,LCD 操作,改變溫度-1,expected_attached_to_first,unmapped,KW-ALIAS-DEVICE-STATE,manual,from step splitting parser v1; prefill_v2:device_state,manual_only,tap,todo_alias,pending,pending,pending,pending
CCU-230889-1,CCU-230889-1-S2,CCU-230889,1,2,上 短按,,expected_attached_to_first,unmapped,,,from step splitting parser v1,unmapped,tap,todo_alias,pending,pending,pending,pending
CCU-230890-1,CCU-230890-1-S1,CCU-230890,1,1,LCD 操作,每秒+1,expected_attached_to_first,unmapped,KW-ALIAS-DEVICE-STATE,manual,from step splitting parser v1; prefill_v2:device_state,manual_only,tap,todo_alias,pending,pending,pending,pending
CCU-230890-1,CCU-230890-1-S2,CCU-230890,1,2,上 長按,,expected_attached_to_first,unmapped,,,from step splitting parser v1,unmapped,tap,todo_alias,pending,pending,pending,pending
CCU-230891-1,CCU-230891-1-S1,CCU-230891,1,1,LCD 操作,每秒-1,expected_attached_to_first,unmapped,KW-ALIAS-DEVICE-STATE,manual,from step splitting parser v1; prefill_v2:device_state,manual_only,tap,todo_alias,pending,pending,pending,pending
CCU-230891-1,CCU-230891-1-S2,CCU-230891,1,2,下 長按,,expected_attached_to_first,unmapped,,,from step splitting parser v1,unmapped,tap,todo_alias,pending,pending,pending,pending
CCU-230892-1,CCU-230892-1-S1,CCU-230892,1,1,LCD 操作,改變溫度+1,expected_attached_to_first,unmapped,KW-ALIAS-DEVICE-STATE,manual,from step splitting parser v1; prefill_v2:device_state,manual_only,tap,todo_alias,pending,pending,pending,pending
CCU-230892-1,CCU-230892-1-S2,CCU-230892,1,2,上 短按,,expected_attached_to_first,unmapped,,,from step splitting parser v1,unmapped,tap,todo_alias,pending,pending,pending,pending
CCU-230893-1,CCU-230893-1-S1,CCU-230893,1,1,LCD 操作,改變溫度-1,expected_attached_to_first,unmapped,KW-ALIAS-DEVICE-STATE,manual,from step splitting parser v1; prefill_v2:device_state,manual_only,tap,todo_alias,pending,pending,pending,pending
CCU-230893-1,CCU-230893-1-S2,CCU-230893,1,2,下 短按,,expected_attached_to_first,unmapped,,,from step splitting parser v1,unmapped,tap,todo_alias,pending,pending,pending,pending
CCU-230894-1,CCU-230894-1-S1,CCU-230894,1,1,LCD 操作,每秒+1,expected_attached_to_first,unmapped,KW-ALIAS-DEVICE-STATE,manual,from step splitting parser v1; prefill_v2:device_state,manual_only,tap,todo_alias,pending,pending,pending,pending
CCU-230894-1,CCU-230894-1-S2,CCU-230894,1,2,上 長按,,expected_attached_to_first,unmapped,,,from step splitting parser v1,unmapped,tap,todo_alias,pending,pending,pending,pending
CCU-230895-1,CCU-230895-1-S1,CCU-230895,1,1,LCD 操作,每秒-1,expected_attached_to_first,unmapped,KW-ALIAS-DEVICE-STATE,manual,from step splitting parser v1; prefill_v2:device_state,manual_only,tap,todo_alias,pending,pending,pending,pending
CCU-230895-1,CCU-230895-1-S2,CCU-230895,1,2,下 長按,,expected_attached_to_first,unmapped,,,from step splitting parser v1,unmapped,tap,todo_alias,pending,pending,pending,pending
CCU-231190-1,CCU-231190-1-S1,CCU-231190,1,1,實體線路操作水位偵測地線放入水瓶中,FRESH 水位在高,expected_attached_to_first,unmapped,KW-ALIAS-DEVICE-WIRING,manual,from step splitting parser v1; prefill_v2:device_wiring,manual_only,tap,todo_alias,pending,pending,pending,pending
CCU-231190-1,CCU-231190-1-S2,CCU-231190,1,2,實體線路操作水位偵測橘色線路放進水瓶中,,expected_attached_to_first,unmapped,KW-ALIAS-DEVICE-WIRING,manual,from step splitting parser v1; prefill_v2:device_wiring,manual_only,tap,todo_alias,pending,pending,pending,pending
CCU-231191-1,CCU-231191-1-S1,CCU-231191,1,1,實體線路操作水位偵測地線放入水瓶中,FRESH 水位在中,expected_attached_to_first,unmapped,KW-ALIAS-DEVICE-WIRING,manual,from step splitting parser v1; prefill_v2:device_wiring,manual_only,tap,todo_alias,pending,pending,pending,pending
CCU-231191-1,CCU-231191-1-S2,CCU-231191,1,2,實體線路操作水位偵測綠色線路放進水瓶中,,expected_attached_to_first,unmapped,KW-ALIAS-DEVICE-WIRING,manual,from step splitting parser v1; prefill_v2:device_wiring,manual_only,tap,todo_alias,pending,pending,pending,pending
CCU-231192-1,CCU-231192-1-S1,CCU-231192,1,1,實體線路操作水位偵測地線放入水瓶中,FRESH 水位在低,expected_attached_to_first,unmapped,KW-ALIAS-DEVICE-WIRING,manual,from step splitting parser v1; prefill_v2:device_wiring,manual_only,tap,todo_alias,pending,pending,pending,pending
CCU-231192-1,CCU-231192-1-S2,CCU-231192,1,2,實體線路操作水位偵測黃色線路放進水瓶中,,expected_attached_to_first,unmapped,KW-ALIAS-DEVICE-WIRING,manual,from step splitting parser v1; prefill_v2:device_wiring,manual_only,tap,todo_alias,pending,pending,pending,pending
CCU-137-1,CCU-137-1-S1,CCU-137,1,1,透過 App 導航至系統更新/韌體更新檢查介面。,App 應能成功完成更新檢查流程,index_aligned,unmapped,KW-ALIAS-OTA,manual,from step splitting parser v1; prefill_v1:ota_action,manual_only,assert_visible,success_message,pending,pending,pending,pending
CCU-137-1,CCU-137-1-S2,CCU-137,1,2,透過 App 導航至系統更新/韌體更新檢查介面。,應返回明確的檢查結果，無錯誤提示 (除非網路真的不通),index_aligned,unmapped,KW-ALIAS-OTA,manual,from step splitting parser v1; prefill_v1:ota_action,manual_only,assert_visible,back_button,pending,pending,pending,pending
CCU-137-2,CCU-137-2-S1,CCU-137,2,1,觸發更新檢查。,App 應能成功完成更新檢查流程,index_aligned,unmapped,,,from step splitting parser v1,unmapped,assert_visible,success_message,pending,pending,pending,pending
CCU-137-2,CCU-137-2-S2,CCU-137,2,2,觸發更新檢查。,應返回明確的檢查結果，無錯誤提示 (除非網路真的不通),index_aligned,unmapped,,,from step splitting parser v1,unmapped,assert_visible,back_button,pending,pending,pending,pending
CCU-137-3,CCU-137-3-S1,CCU-137,3,1,觀察 App 是否能回報「目前已是最新版本」或「有可用的更新」。,App 應能成功完成更新檢查流程,index_aligned,manual_only,KW-ALIAS-CHECK,manual,from step splitting parser v1; prefill_v1:ui_or_device_check,manual_only,assert_visible,success_message,pending,pending,pending,pending
CCU-137-3,CCU-137-3-S2,CCU-137,3,2,觀察 App 是否能回報「目前已是最新版本」或「有可用的更新」。,應返回明確的檢查結果，無錯誤提示 (除非網路真的不通),index_aligned,manual_only,KW-ALIAS-CHECK,manual,from step splitting parser v1; prefill_v1:ui_or_device_check,manual_only,assert_visible,back_button,pending,pending,pending,pending
CCU-230555-1,CCU-230555-1-S1,CCU-230555,1,1,透過 App 導航至系統更新/韌體更新檢查介面。,App 應能成功完成更新檢查流程,index_aligned,unmapped,KW-ALIAS-OTA,manual,from step splitting parser v1; prefill_v1:ota_action,manual_only,assert_visible,success_message,pending,pending,pending,pending
CCU-230555-1,CCU-230555-1-S2,CCU-230555,1,2,透過 App 導航至系統更新/韌體更新檢查介面。,應返回明確的檢查結果，無錯誤提示 (除非網路真的不通),index_aligned,unmapped,KW-ALIAS-OTA,manual,from step splitting parser v1; prefill_v1:ota_action,manual_only,assert_visible,back_button,pending,pending,pending,pending
CCU-230555-2,CCU-230555-2-S1,CCU-230555,2,1,觸發更新檢查。,App 應能成功完成更新檢查流程,index_aligned,unmapped,,,from step splitting parser v1,unmapped,assert_visible,success_message,pending,pending,pending,pending
CCU-230555-2,CCU-230555-2-S2,CCU-230555,2,2,觸發更新檢查。,應返回明確的檢查結果，無錯誤提示 (除非網路真的不通),index_aligned,unmapped,,,from step splitting parser v1,unmapped,assert_visible,back_button,pending,pending,pending,pending
CCU-230555-3,CCU-230555-3-S1,CCU-230555,3,1,觀察 App 是否能回報「目前已是最新版本」或「有可用的更新」。,App 應能成功完成更新檢查流程,index_aligned,manual_only,KW-ALIAS-CHECK,manual,from step splitting parser v1; prefill_v1:ui_or_device_check,manual_only,assert_visible,success_message,pending,pending,pending,pending
CCU-230555-3,CCU-230555-3-S2,CCU-230555,3,2,觀察 App 是否能回報「目前已是最新版本」或「有可用的更新」。,應返回明確的檢查結果，無錯誤提示 (除非網路真的不通),index_aligned,manual_only,KW-ALIAS-CHECK,manual,from step splitting parser v1; prefill_v1:ui_or_device_check,manual_only,assert_visible,back_button,pending,pending,pending,pending
CCU-230557-1,CCU-230557-1-S1,CCU-230557,1,1,透過 App 導航至系統更新/韌體更新檢查介面。,App 應能成功完成更新檢查流程,index_aligned,unmapped,KW-ALIAS-OTA,manual,from step splitting parser v1; prefill_v1:ota_action,manual_only,assert_visible,success_message,pending,pending,pending,pending
CCU-230557-1,CCU-230557-1-S2,CCU-230557,1,2,透過 App 導航至系統更新/韌體更新檢查介面。,應返回明確的檢查結果，無錯誤提示 (除非網路真的不通),index_aligned,unmapped,KW-ALIAS-OTA,manual,from step splitting parser v1; prefill_v1:ota_action,manual_only,assert_visible,back_button,pending,pending,pending,pending
CCU-230557-2,CCU-230557-2-S1,CCU-230557,2,1,觸發更新檢查。,App 應能成功完成更新檢查流程,index_aligned,unmapped,,,from step splitting parser v1,unmapped,assert_visible,success_message,pending,pending,pending,pending
CCU-230557-2,CCU-230557-2-S2,CCU-230557,2,2,觸發更新檢查。,應返回明確的檢查結果，無錯誤提示 (除非網路真的不通),index_aligned,unmapped,,,from step splitting parser v1,unmapped,assert_visible,back_button,pending,pending,pending,pending
CCU-230557-3,CCU-230557-3-S1,CCU-230557,3,1,觀察 App 是否能回報「目前已是最新版本」或「有可用的更新」。,App 應能成功完成更新檢查流程,index_aligned,manual_only,KW-ALIAS-CHECK,manual,from step splitting parser v1; prefill_v1:ui_or_device_check,manual_only,assert_visible,success_message,pending,pending,pending,pending
CCU-230557-3,CCU-230557-3-S2,CCU-230557,3,2,觀察 App 是否能回報「目前已是最新版本」或「有可用的更新」。,應返回明確的檢查結果，無錯誤提示 (除非網路真的不通),index_aligned,manual_only,KW-ALIAS-CHECK,manual,from step splitting parser v1; prefill_v1:ui_or_device_check,manual_only,assert_visible,back_button,pending,pending,pending,pending
CCU-138-1,CCU-138-1-S1,CCU-138,1,1,透過 App 導航至系統更新/韌體更新檢查介面。,App 應能成功完成更新檢查流程,index_aligned,unmapped,KW-ALIAS-OTA,manual,from step splitting parser v1; prefill_v1:ota_action,manual_only,assert_visible,success_message,pending,pending,pending,pending
CCU-138-1,CCU-138-1-S2,CCU-138,1,2,透過 App 導航至系統更新/韌體更新檢查介面。,應返回明確的檢查結果，無錯誤提示 (除非網路真的不通),index_aligned,unmapped,KW-ALIAS-OTA,manual,from step splitting parser v1; prefill_v1:ota_action,manual_only,assert_visible,back_button,pending,pending,pending,pending
CCU-138-2,CCU-138-2-S1,CCU-138,2,1,觸發更新檢查。,App 應能成功完成更新檢查流程,index_aligned,unmapped,,,from step splitting parser v1,unmapped,assert_visible,success_message,pending,pending,pending,pending
CCU-138-2,CCU-138-2-S2,CCU-138,2,2,觸發更新檢查。,應返回明確的檢查結果，無錯誤提示 (除非網路真的不通),index_aligned,unmapped,,,from step splitting parser v1,unmapped,assert_visible,back_button,pending,pending,pending,pending
CCU-138-3,CCU-138-3-S1,CCU-138,3,1,觀察 App 是否能回報「目前已是最新版本」或「有可用的更新」。,App 應能成功完成更新檢查流程,index_aligned,manual_only,KW-ALIAS-CHECK,manual,from step splitting parser v1; prefill_v1:ui_or_device_check,manual_only,assert_visible,success_message,pending,pending,pending,pending
CCU-138-3,CCU-138-3-S2,CCU-138,3,2,觀察 App 是否能回報「目前已是最新版本」或「有可用的更新」。,應返回明確的檢查結果，無錯誤提示 (除非網路真的不通),index_aligned,manual_only,KW-ALIAS-CHECK,manual,from step splitting parser v1; prefill_v1:ui_or_device_check,manual_only,assert_visible,back_button,pending,pending,pending,pending
CCU-230556-1,CCU-230556-1-S1,CCU-230556,1,1,透過 App 導航至系統更新/韌體更新檢查介面。,App 應能成功完成更新檢查流程,index_aligned,unmapped,KW-ALIAS-OTA,manual,from step splitting parser v1; prefill_v1:ota_action,manual_only,assert_visible,success_message,pending,pending,pending,pending
CCU-230556-1,CCU-230556-1-S2,CCU-230556,1,2,透過 App 導航至系統更新/韌體更新檢查介面。,應返回明確的檢查結果，無錯誤提示 (除非網路真的不通),index_aligned,unmapped,KW-ALIAS-OTA,manual,from step splitting parser v1; prefill_v1:ota_action,manual_only,assert_visible,back_button,pending,pending,pending,pending
CCU-230556-2,CCU-230556-2-S1,CCU-230556,2,1,觸發更新檢查。,App 應能成功完成更新檢查流程,index_aligned,unmapped,,,from step splitting parser v1,unmapped,assert_visible,success_message,pending,pending,pending,pending
CCU-230556-2,CCU-230556-2-S2,CCU-230556,2,2,觸發更新檢查。,應返回明確的檢查結果，無錯誤提示 (除非網路真的不通),index_aligned,unmapped,,,from step splitting parser v1,unmapped,assert_visible,back_button,pending,pending,pending,pending
CCU-230556-3,CCU-230556-3-S1,CCU-230556,3,1,觀察 App 是否能回報「目前已是最新版本」或「有可用的更新」。,App 應能成功完成更新檢查流程,index_aligned,manual_only,KW-ALIAS-CHECK,manual,from step splitting parser v1; prefill_v1:ui_or_device_check,manual_only,assert_visible,success_message,pending,pending,pending,pending
CCU-230556-3,CCU-230556-3-S2,CCU-230556,3,2,觀察 App 是否能回報「目前已是最新版本」或「有可用的更新」。,應返回明確的檢查結果，無錯誤提示 (除非網路真的不通),index_aligned,manual_only,KW-ALIAS-CHECK,manual,from step splitting parser v1; prefill_v1:ui_or_device_check,manual_only,assert_visible,back_button,pending,pending,pending,pending
CCU-230558-1,CCU-230558-1-S1,CCU-230558,1,1,透過 App 導航至系統更新/韌體更新檢查介面。,App 應能成功完成更新檢查流程,index_aligned,unmapped,KW-ALIAS-OTA,manual,from step splitting parser v1; prefill_v1:ota_action,manual_only,assert_visible,success_message,pending,pending,pending,pending
CCU-230558-1,CCU-230558-1-S2,CCU-230558,1,2,透過 App 導航至系統更新/韌體更新檢查介面。,應返回明確的檢查結果，無錯誤提示 (除非網路真的不通),index_aligned,unmapped,KW-ALIAS-OTA,manual,from step splitting parser v1; prefill_v1:ota_action,manual_only,assert_visible,back_button,pending,pending,pending,pending
CCU-230558-2,CCU-230558-2-S1,CCU-230558,2,1,觸發更新檢查。,App 應能成功完成更新檢查流程,index_aligned,unmapped,,,from step splitting parser v1,unmapped,assert_visible,success_message,pending,pending,pending,pending
CCU-230558-2,CCU-230558-2-S2,CCU-230558,2,2,觸發更新檢查。,應返回明確的檢查結果，無錯誤提示 (除非網路真的不通),index_aligned,unmapped,,,from step splitting parser v1,unmapped,assert_visible,back_button,pending,pending,pending,pending
CCU-230558-3,CCU-230558-3-S1,CCU-230558,3,1,觀察 App 是否能回報「目前已是最新版本」或「有可用的更新」。,App 應能成功完成更新檢查流程,index_aligned,manual_only,KW-ALIAS-CHECK,manual,from step splitting parser v1; prefill_v1:ui_or_device_check,manual_only,assert_visible,success_message,pending,pending,pending,pending
CCU-230558-3,CCU-230558-3-S2,CCU-230558,3,2,觀察 App 是否能回報「目前已是最新版本」或「有可用的更新」。,應返回明確的檢查結果，無錯誤提示 (除非網路真的不通),index_aligned,manual_only,KW-ALIAS-CHECK,manual,from step splitting parser v1; prefill_v1:ui_or_device_check,manual_only,assert_visible,back_button,pending,pending,pending,pending
CCU-230559-1,CCU-230559-1-S1,CCU-230559,1,1,透過 App 導航至系統更新/韌體更新檢查介面。,App 應能成功完成更新檢查流程,index_aligned,unmapped,KW-ALIAS-OTA,manual,from step splitting parser v1; prefill_v1:ota_action,manual_only,assert_visible,success_message,pending,pending,pending,pending
CCU-230559-1,CCU-230559-1-S2,CCU-230559,1,2,透過 App 導航至系統更新/韌體更新檢查介面。,應返回明確的檢查結果，無錯誤提示 (除非網路真的不通),index_aligned,unmapped,KW-ALIAS-OTA,manual,from step splitting parser v1; prefill_v1:ota_action,manual_only,assert_visible,back_button,pending,pending,pending,pending
CCU-230559-2,CCU-230559-2-S1,CCU-230559,2,1,觸發更新檢查。,App 應能成功完成更新檢查流程,index_aligned,unmapped,,,from step splitting parser v1,unmapped,assert_visible,success_message,pending,pending,pending,pending
CCU-230559-2,CCU-230559-2-S2,CCU-230559,2,2,觸發更新檢查。,應返回明確的檢查結果，無錯誤提示 (除非網路真的不通),index_aligned,unmapped,,,from step splitting parser v1,unmapped,assert_visible,back_button,pending,pending,pending,pending
CCU-230559-3,CCU-230559-3-S1,CCU-230559,3,1,觀察 App 是否能回報「目前已是最新版本」或「有可用的更新」。,App 應能成功完成更新檢查流程,index_aligned,manual_only,KW-ALIAS-CHECK,manual,from step splitting parser v1; prefill_v1:ui_or_device_check,manual_only,assert_visible,success_message,pending,pending,pending,pending
CCU-230559-3,CCU-230559-3-S2,CCU-230559,3,2,觀察 App 是否能回報「目前已是最新版本」或「有可用的更新」。,應返回明確的檢查結果，無錯誤提示 (除非網路真的不通),index_aligned,manual_only,KW-ALIAS-CHECK,manual,from step splitting parser v1; prefill_v1:ui_or_device_check,manual_only,assert_visible,back_button,pending,pending,pending,pending
CCU-230560-1,CCU-230560-1-S1,CCU-230560,1,1,透過 App 導航至系統更新/韌體更新檢查介面。,App 應能成功完成更新檢查流程,index_aligned,unmapped,KW-ALIAS-OTA,manual,from step splitting parser v1; prefill_v1:ota_action,manual_only,assert_visible,success_message,pending,pending,pending,pending
CCU-230560-1,CCU-230560-1-S2,CCU-230560,1,2,透過 App 導航至系統更新/韌體更新檢查介面。,應返回明確的檢查結果，無錯誤提示 (除非網路真的不通),index_aligned,unmapped,KW-ALIAS-OTA,manual,from step splitting parser v1; prefill_v1:ota_action,manual_only,assert_visible,back_button,pending,pending,pending,pending
CCU-230560-2,CCU-230560-2-S1,CCU-230560,2,1,觸發更新檢查。,App 應能成功完成更新檢查流程,index_aligned,unmapped,,,from step splitting parser v1,unmapped,assert_visible,success_message,pending,pending,pending,pending
CCU-230560-2,CCU-230560-2-S2,CCU-230560,2,2,觸發更新檢查。,應返回明確的檢查結果，無錯誤提示 (除非網路真的不通),index_aligned,unmapped,,,from step splitting parser v1,unmapped,assert_visible,back_button,pending,pending,pending,pending
CCU-230560-3,CCU-230560-3-S1,CCU-230560,3,1,觀察 App 是否能回報「目前已是最新版本」或「有可用的更新」。,App 應能成功完成更新檢查流程,index_aligned,manual_only,KW-ALIAS-CHECK,manual,from step splitting parser v1; prefill_v1:ui_or_device_check,manual_only,assert_visible,success_message,pending,pending,pending,pending
CCU-230560-3,CCU-230560-3-S2,CCU-230560,3,2,觀察 App 是否能回報「目前已是最新版本」或「有可用的更新」。,應返回明確的檢查結果，無錯誤提示 (除非網路真的不通),index_aligned,manual_only,KW-ALIAS-CHECK,manual,from step splitting parser v1; prefill_v1:ui_or_device_check,manual_only,assert_visible,back_button,pending,pending,pending,pending
CCU-230561-1,CCU-230561-1-S1,CCU-230561,1,1,透過 App 導航至系統更新/韌體更新檢查介面。,App 應能成功完成更新檢查流程,index_aligned,unmapped,KW-ALIAS-OTA,manual,from step splitting parser v1; prefill_v1:ota_action,manual_only,assert_visible,success_message,pending,pending,pending,pending
CCU-230561-1,CCU-230561-1-S2,CCU-230561,1,2,透過 App 導航至系統更新/韌體更新檢查介面。,應返回明確的檢查結果，無錯誤提示 (除非網路真的不通),index_aligned,unmapped,KW-ALIAS-OTA,manual,from step splitting parser v1; prefill_v1:ota_action,manual_only,assert_visible,back_button,pending,pending,pending,pending
CCU-230561-2,CCU-230561-2-S1,CCU-230561,2,1,觸發更新檢查。,App 應能成功完成更新檢查流程,index_aligned,unmapped,,,from step splitting parser v1,unmapped,assert_visible,success_message,pending,pending,pending,pending
CCU-230561-2,CCU-230561-2-S2,CCU-230561,2,2,觸發更新檢查。,應返回明確的檢查結果，無錯誤提示 (除非網路真的不通),index_aligned,unmapped,,,from step splitting parser v1,unmapped,assert_visible,back_button,pending,pending,pending,pending
CCU-230561-3,CCU-230561-3-S1,CCU-230561,3,1,觀察 App 是否能回報「目前已是最新版本」或「有可用的更新」。,App 應能成功完成更新檢查流程,index_aligned,manual_only,KW-ALIAS-CHECK,manual,from step splitting parser v1; prefill_v1:ui_or_device_check,manual_only,assert_visible,success_message,pending,pending,pending,pending
CCU-230561-3,CCU-230561-3-S2,CCU-230561,3,2,觀察 App 是否能回報「目前已是最新版本」或「有可用的更新」。,應返回明確的檢查結果，無錯誤提示 (除非網路真的不通),index_aligned,manual_only,KW-ALIAS-CHECK,manual,from step splitting parser v1; prefill_v1:ui_or_device_check,manual_only,assert_visible,back_button,pending,pending,pending,pending
CCU-230562-1,CCU-230562-1-S1,CCU-230562,1,1,透過 App 導航至系統更新/韌體更新檢查介面。,App 應能成功完成更新檢查流程,index_aligned,unmapped,KW-ALIAS-OTA,manual,from step splitting parser v1; prefill_v1:ota_action,manual_only,assert_visible,success_message,pending,pending,pending,pending
CCU-230562-1,CCU-230562-1-S2,CCU-230562,1,2,透過 App 導航至系統更新/韌體更新檢查介面。,應返回明確的檢查結果，無錯誤提示 (除非網路真的不通),index_aligned,unmapped,KW-ALIAS-OTA,manual,from step splitting parser v1; prefill_v1:ota_action,manual_only,assert_visible,back_button,pending,pending,pending,pending
CCU-230562-2,CCU-230562-2-S1,CCU-230562,2,1,觸發更新檢查。,App 應能成功完成更新檢查流程,index_aligned,unmapped,,,from step splitting parser v1,unmapped,assert_visible,success_message,pending,pending,pending,pending
CCU-230562-2,CCU-230562-2-S2,CCU-230562,2,2,觸發更新檢查。,應返回明確的檢查結果，無錯誤提示 (除非網路真的不通),index_aligned,unmapped,,,from step splitting parser v1,unmapped,assert_visible,back_button,pending,pending,pending,pending
CCU-230562-3,CCU-230562-3-S1,CCU-230562,3,1,觀察 App 是否能回報「目前已是最新版本」或「有可用的更新」。,App 應能成功完成更新檢查流程,index_aligned,manual_only,KW-ALIAS-CHECK,manual,from step splitting parser v1; prefill_v1:ui_or_device_check,manual_only,assert_visible,success_message,pending,pending,pending,pending
CCU-230562-3,CCU-230562-3-S2,CCU-230562,3,2,觀察 App 是否能回報「目前已是最新版本」或「有可用的更新」。,應返回明確的檢查結果，無錯誤提示 (除非網路真的不通),index_aligned,manual_only,KW-ALIAS-CHECK,manual,from step splitting parser v1; prefill_v1:ui_or_device_check,manual_only,assert_visible,back_button,pending,pending,pending,pending
CCU-230563-1,CCU-230563-1-S1,CCU-230563,1,1,透過 App 導航至系統更新/韌體更新檢查介面。,App 應能成功完成更新檢查流程,index_aligned,unmapped,KW-ALIAS-OTA,manual,from step splitting parser v1; prefill_v1:ota_action,manual_only,assert_visible,success_message,pending,pending,pending,pending
CCU-230563-1,CCU-230563-1-S2,CCU-230563,1,2,透過 App 導航至系統更新/韌體更新檢查介面。,應返回明確的檢查結果，無錯誤提示 (除非網路真的不通),index_aligned,unmapped,KW-ALIAS-OTA,manual,from step splitting parser v1; prefill_v1:ota_action,manual_only,assert_visible,back_button,pending,pending,pending,pending
CCU-230563-2,CCU-230563-2-S1,CCU-230563,2,1,觸發更新檢查。,App 應能成功完成更新檢查流程,index_aligned,unmapped,,,from step splitting parser v1,unmapped,assert_visible,success_message,pending,pending,pending,pending
CCU-230563-2,CCU-230563-2-S2,CCU-230563,2,2,觸發更新檢查。,應返回明確的檢查結果，無錯誤提示 (除非網路真的不通),index_aligned,unmapped,,,from step splitting parser v1,unmapped,assert_visible,back_button,pending,pending,pending,pending
CCU-230563-3,CCU-230563-3-S1,CCU-230563,3,1,觀察 App 是否能回報「目前已是最新版本」或「有可用的更新」。,App 應能成功完成更新檢查流程,index_aligned,manual_only,KW-ALIAS-CHECK,manual,from step splitting parser v1; prefill_v1:ui_or_device_check,manual_only,assert_visible,success_message,pending,pending,pending,pending
CCU-230563-3,CCU-230563-3-S2,CCU-230563,3,2,觀察 App 是否能回報「目前已是最新版本」或「有可用的更新」。,應返回明確的檢查結果，無錯誤提示 (除非網路真的不通),index_aligned,manual_only,KW-ALIAS-CHECK,manual,from step splitting parser v1; prefill_v1:ui_or_device_check,manual_only,assert_visible,back_button,pending,pending,pending,pending
CCU-230564-1,CCU-230564-1-S1,CCU-230564,1,1,透過 App 導航至系統更新/韌體更新檢查介面。,App 應能成功完成更新檢查流程,index_aligned,unmapped,KW-ALIAS-OTA,manual,from step splitting parser v1; prefill_v1:ota_action,manual_only,assert_visible,success_message,pending,pending,pending,pending
CCU-230564-1,CCU-230564-1-S2,CCU-230564,1,2,透過 App 導航至系統更新/韌體更新檢查介面。,應返回明確的檢查結果，無錯誤提示 (除非網路真的不通),index_aligned,unmapped,KW-ALIAS-OTA,manual,from step splitting parser v1; prefill_v1:ota_action,manual_only,assert_visible,back_button,pending,pending,pending,pending
CCU-230564-2,CCU-230564-2-S1,CCU-230564,2,1,觸發更新檢查。,App 應能成功完成更新檢查流程,index_aligned,unmapped,,,from step splitting parser v1,unmapped,assert_visible,success_message,pending,pending,pending,pending
CCU-230564-2,CCU-230564-2-S2,CCU-230564,2,2,觸發更新檢查。,應返回明確的檢查結果，無錯誤提示 (除非網路真的不通),index_aligned,unmapped,,,from step splitting parser v1,unmapped,assert_visible,back_button,pending,pending,pending,pending
CCU-230564-3,CCU-230564-3-S1,CCU-230564,3,1,觀察 App 是否能回報「目前已是最新版本」或「有可用的更新」。,App 應能成功完成更新檢查流程,index_aligned,manual_only,KW-ALIAS-CHECK,manual,from step splitting parser v1; prefill_v1:ui_or_device_check,manual_only,assert_visible,success_message,pending,pending,pending,pending
CCU-230564-3,CCU-230564-3-S2,CCU-230564,3,2,觀察 App 是否能回報「目前已是最新版本」或「有可用的更新」。,應返回明確的檢查結果，無錯誤提示 (除非網路真的不通),index_aligned,manual_only,KW-ALIAS-CHECK,manual,from step splitting parser v1; prefill_v1:ui_or_device_check,manual_only,assert_visible,back_button,pending,pending,pending,pending
CCU-230543-1,CCU-230543-1-S1,CCU-230543,1,1,power pro APP 連結 GEN1 面板,APP 可以正常使用,index_aligned,unmapped,,,from step splitting parser v1,unmapped,tap,todo_alias,pending,pending,pending,pending
CCU-230896-1,CCU-230896-1-S1,CCU-230896,1,1,終端機輸入 curl --location 'https://us-central1-power-pro-by-wfco.cloudfunctions.net/app/api/qaTool/getPanelOperationLog?startDate=2025-03-04&endDate=2026-03-05&panelsn=30481d120147461',顯示LOG,index_aligned,unmapped,,,from step splitting parser v1,unmapped,input,todo_alias,pending,pending,pending,pending
CCU-231733-1,CCU-231733-1-S1,CCU-231733,1,1,實體線路操作水位偵測地線放入水瓶中,Android FRESH 水位在高,expected_attached_to_first,unmapped,KW-ALIAS-DEVICE-WIRING,manual,from step splitting parser v1; prefill_v2:device_wiring,manual_only,tap,todo_alias,pending,pending,pending,pending
CCU-231733-1,CCU-231733-1-S2,CCU-231733,1,2,實體線路操作水位偵測橘色線路放進水瓶中,,expected_attached_to_first,unmapped,KW-ALIAS-DEVICE-WIRING,manual,from step splitting parser v1; prefill_v2:device_wiring,manual_only,tap,todo_alias,pending,pending,pending,pending
CCU-231734-1,CCU-231734-1-S1,CCU-231734,1,1,實體線路操作水位偵測地線放入水瓶中,Android FRESH 水位在中,expected_attached_to_first,unmapped,KW-ALIAS-DEVICE-WIRING,manual,from step splitting parser v1; prefill_v2:device_wiring,manual_only,tap,todo_alias,pending,pending,pending,pending
CCU-231734-1,CCU-231734-1-S2,CCU-231734,1,2,實體線路操作水位偵測綠色線路放進水瓶中,,expected_attached_to_first,unmapped,KW-ALIAS-DEVICE-WIRING,manual,from step splitting parser v1; prefill_v2:device_wiring,manual_only,tap,todo_alias,pending,pending,pending,pending
CCU-231735-1,CCU-231735-1-S1,CCU-231735,1,1,實體線路操作水位偵測地線放入水瓶中,Android FRESH 水位在低,expected_attached_to_first,unmapped,KW-ALIAS-DEVICE-WIRING,manual,from step splitting parser v1; prefill_v2:device_wiring,manual_only,tap,todo_alias,pending,pending,pending,pending
CCU-231735-1,CCU-231735-1-S2,CCU-231735,1,2,實體線路操作水位偵測黃色線路放進水瓶中,,expected_attached_to_first,unmapped,KW-ALIAS-DEVICE-WIRING,manual,from step splitting parser v1; prefill_v2:device_wiring,manual_only,tap,todo_alias,pending,pending,pending,pending
CCU-231736-1,CCU-231736-1-S1,CCU-231736,1,1,實體線路操作水位偵測地線放入水瓶中,Android FRESH 水位是空的顯示 [ empty ],index_aligned,unmapped,KW-ALIAS-DEVICE-WIRING,manual,from step splitting parser v1; prefill_v2:device_wiring,manual_only,tap,todo_alias,pending,pending,pending,pending
CCU-231741-1,CCU-231741-1-S1,CCU-231741,1,1,實體線路操作水位偵測地線放入水瓶中,面板 FRESH 水位在高 [ 藍色燈 ],expected_attached_to_first,unmapped,KW-ALIAS-DEVICE-WIRING,manual,from step splitting parser v1; prefill_v2:device_wiring,manual_only,tap,todo_alias,pending,pending,pending,pending
CCU-231741-1,CCU-231741-1-S2,CCU-231741,1,2,實體線路操作水位偵測橘色線路放進水瓶中,,expected_attached_to_first,unmapped,KW-ALIAS-DEVICE-WIRING,manual,from step splitting parser v1; prefill_v2:device_wiring,manual_only,tap,todo_alias,pending,pending,pending,pending
CCU-231742-1,CCU-231742-1-S1,CCU-231742,1,1,實體線路操作水位偵測地線放入水瓶中,面板 FRESH 水位在中 [ 藍色燈 ],expected_attached_to_first,unmapped,KW-ALIAS-DEVICE-WIRING,manual,from step splitting parser v1; prefill_v2:device_wiring,manual_only,tap,todo_alias,pending,pending,pending,pending
CCU-231742-1,CCU-231742-1-S2,CCU-231742,1,2,實體線路操作水位偵測綠色線路放進水瓶中,,expected_attached_to_first,unmapped,KW-ALIAS-DEVICE-WIRING,manual,from step splitting parser v1; prefill_v2:device_wiring,manual_only,tap,todo_alias,pending,pending,pending,pending
CCU-231743-1,CCU-231743-1-S1,CCU-231743,1,1,實體線路操作水位偵測地線放入水瓶中,面板 FRESH 水位在低 [ 藍色燈 ],expected_attached_to_first,unmapped,KW-ALIAS-DEVICE-WIRING,manual,from step splitting parser v1; prefill_v2:device_wiring,manual_only,tap,todo_alias,pending,pending,pending,pending
CCU-231743-1,CCU-231743-1-S2,CCU-231743,1,2,實體線路操作水位偵測黃色線路放進水瓶中,,expected_attached_to_first,unmapped,KW-ALIAS-DEVICE-WIRING,manual,from step splitting parser v1; prefill_v2:device_wiring,manual_only,tap,todo_alias,pending,pending,pending,pending
CCU-231744-1,CCU-231744-1-S1,CCU-231744,1,1,實體線路操作水位偵測地線放入水瓶中,面板 FRESH 水位是空的顯示 [ 紅色燈 ],index_aligned,unmapped,KW-ALIAS-DEVICE-WIRING,manual,from step splitting parser v1; prefill_v2:device_wiring,manual_only,tap,todo_alias,pending,pending,pending,pending
CCU-231749-1,CCU-231749-1-S1,CCU-231749,1,1,實體線路操作水位偵測地線放入水瓶中,Android GRAY_1 水位在高 顯示 Full,expected_attached_to_first,unmapped,KW-ALIAS-DEVICE-WIRING,manual,from step splitting parser v1; prefill_v2:device_wiring,manual_only,tap,todo_alias,pending,pending,pending,pending
CCU-231749-1,CCU-231749-1-S2,CCU-231749,1,2,實體線路操作水位偵測橘色線路放進水瓶中,,expected_attached_to_first,unmapped,KW-ALIAS-DEVICE-WIRING,manual,from step splitting parser v1; prefill_v2:device_wiring,manual_only,tap,todo_alias,pending,pending,pending,pending
CCU-231750-1,CCU-231750-1-S1,CCU-231750,1,1,實體線路操作水位偵測地線放入水瓶中,Android GRAY_1 水位在高,expected_attached_to_first,unmapped,KW-ALIAS-DEVICE-WIRING,manual,from step splitting parser v1; prefill_v2:device_wiring,manual_only,tap,todo_alias,pending,pending,pending,pending
CCU-231750-1,CCU-231750-1-S2,CCU-231750,1,2,實體線路操作水位偵測橘色線路放進水瓶中,,expected_attached_to_first,unmapped,KW-ALIAS-DEVICE-WIRING,manual,from step splitting parser v1; prefill_v2:device_wiring,manual_only,tap,todo_alias,pending,pending,pending,pending
CCU-231751-1,CCU-231751-1-S1,CCU-231751,1,1,實體線路操作水位偵測地線放入水瓶中,Android GRAY_1 水位在中,expected_attached_to_first,unmapped,KW-ALIAS-DEVICE-WIRING,manual,from step splitting parser v1; prefill_v2:device_wiring,manual_only,tap,todo_alias,pending,pending,pending,pending
CCU-231751-1,CCU-231751-1-S2,CCU-231751,1,2,實體線路操作水位偵測綠色線路放進水瓶中,,expected_attached_to_first,unmapped,KW-ALIAS-DEVICE-WIRING,manual,from step splitting parser v1; prefill_v2:device_wiring,manual_only,tap,todo_alias,pending,pending,pending,pending
CCU-231752-1,CCU-231752-1-S1,CCU-231752,1,1,實體線路操作水位偵測地線放入水瓶中,Android GRAY_1 水位在低,expected_attached_to_first,unmapped,KW-ALIAS-DEVICE-WIRING,manual,from step splitting parser v1; prefill_v2:device_wiring,manual_only,tap,todo_alias,pending,pending,pending,pending
CCU-231752-1,CCU-231752-1-S2,CCU-231752,1,2,實體線路操作水位偵測黃色線路放進水瓶中,,expected_attached_to_first,unmapped,KW-ALIAS-DEVICE-WIRING,manual,from step splitting parser v1; prefill_v2:device_wiring,manual_only,tap,todo_alias,pending,pending,pending,pending
CCU-231757-1,CCU-231757-1-S1,CCU-231757,1,1,實體線路操作水位偵測地線放入水瓶中,面板 GRAY_1 水位在高 [ 紅色燈 ],expected_attached_to_first,unmapped,KW-ALIAS-DEVICE-WIRING,manual,from step splitting parser v1; prefill_v2:device_wiring,manual_only,tap,todo_alias,pending,pending,pending,pending
CCU-231757-1,CCU-231757-1-S2,CCU-231757,1,2,實體線路操作水位偵測橘色線路放進水瓶中,,expected_attached_to_first,unmapped,KW-ALIAS-DEVICE-WIRING,manual,from step splitting parser v1; prefill_v2:device_wiring,manual_only,tap,todo_alias,pending,pending,pending,pending
CCU-231758-1,CCU-231758-1-S1,CCU-231758,1,1,實體線路操作水位偵測地線放入水瓶中,面板 GRAY_1 水位在中 [ 藍色燈 ],expected_attached_to_first,unmapped,KW-ALIAS-DEVICE-WIRING,manual,from step splitting parser v1; prefill_v2:device_wiring,manual_only,tap,todo_alias,pending,pending,pending,pending
CCU-231758-1,CCU-231758-1-S2,CCU-231758,1,2,實體線路操作水位偵測綠色線路放進水瓶中,,expected_attached_to_first,unmapped,KW-ALIAS-DEVICE-WIRING,manual,from step splitting parser v1; prefill_v2:device_wiring,manual_only,tap,todo_alias,pending,pending,pending,pending
CCU-231759-1,CCU-231759-1-S1,CCU-231759,1,1,實體線路操作水位偵測地線放入水瓶中,面板 GRAY_1 水位在低 [ 藍色燈 ],expected_attached_to_first,unmapped,KW-ALIAS-DEVICE-WIRING,manual,from step splitting parser v1; prefill_v2:device_wiring,manual_only,tap,todo_alias,pending,pending,pending,pending
CCU-231759-1,CCU-231759-1-S2,CCU-231759,1,2,實體線路操作水位偵測黃色線路放進水瓶中,,expected_attached_to_first,unmapped,KW-ALIAS-DEVICE-WIRING,manual,from step splitting parser v1; prefill_v2:device_wiring,manual_only,tap,todo_alias,pending,pending,pending,pending
CCU-231760-1,CCU-231760-1-S1,CCU-231760,1,1,實體線路操作水位偵測地線放入水瓶中,面板 GRAY_1 水位是空的顯示 [ 藍色燈 ],index_aligned,unmapped,KW-ALIAS-DEVICE-WIRING,manual,from step splitting parser v1; prefill_v2:device_wiring,manual_only,tap,todo_alias,pending,pending,pending,pending
CCU-231765-1,CCU-231765-1-S1,CCU-231765,1,1,實體線路操作水位偵測地線放入水瓶中,Android BLACK_1 水位在高 顯示 Full,expected_attached_to_first,unmapped,KW-ALIAS-DEVICE-WIRING,manual,from step splitting parser v1; prefill_v2:device_wiring,manual_only,tap,todo_alias,pending,pending,pending,pending
CCU-231765-1,CCU-231765-1-S2,CCU-231765,1,2,實體線路操作水位偵測橘色線路放進水瓶中,,expected_attached_to_first,unmapped,KW-ALIAS-DEVICE-WIRING,manual,from step splitting parser v1; prefill_v2:device_wiring,manual_only,tap,todo_alias,pending,pending,pending,pending
CCU-231766-1,CCU-231766-1-S1,CCU-231766,1,1,實體線路操作水位偵測地線放入水瓶中,Android BLACK_1 水位在高,expected_attached_to_first,unmapped,KW-ALIAS-DEVICE-WIRING,manual,from step splitting parser v1; prefill_v2:device_wiring,manual_only,tap,todo_alias,pending,pending,pending,pending
CCU-231766-1,CCU-231766-1-S2,CCU-231766,1,2,實體線路操作水位偵測橘色線路放進水瓶中,,expected_attached_to_first,unmapped,KW-ALIAS-DEVICE-WIRING,manual,from step splitting parser v1; prefill_v2:device_wiring,manual_only,tap,todo_alias,pending,pending,pending,pending
CCU-231767-1,CCU-231767-1-S1,CCU-231767,1,1,實體線路操作水位偵測地線放入水瓶中,Android BLACK_1 水位在中,expected_attached_to_first,unmapped,KW-ALIAS-DEVICE-WIRING,manual,from step splitting parser v1; prefill_v2:device_wiring,manual_only,tap,todo_alias,pending,pending,pending,pending
CCU-231767-1,CCU-231767-1-S2,CCU-231767,1,2,實體線路操作水位偵測綠色線路放進水瓶中,,expected_attached_to_first,unmapped,KW-ALIAS-DEVICE-WIRING,manual,from step splitting parser v1; prefill_v2:device_wiring,manual_only,tap,todo_alias,pending,pending,pending,pending
CCU-231768-1,CCU-231768-1-S1,CCU-231768,1,1,實體線路操作水位偵測地線放入水瓶中,Android BLACK_1 水位在低,expected_attached_to_first,unmapped,KW-ALIAS-DEVICE-WIRING,manual,from step splitting parser v1; prefill_v2:device_wiring,manual_only,tap,todo_alias,pending,pending,pending,pending
CCU-231768-1,CCU-231768-1-S2,CCU-231768,1,2,實體線路操作水位偵測黃色線路放進水瓶中,,expected_attached_to_first,unmapped,KW-ALIAS-DEVICE-WIRING,manual,from step splitting parser v1; prefill_v2:device_wiring,manual_only,tap,todo_alias,pending,pending,pending,pending
CCU-231773-1,CCU-231773-1-S1,CCU-231773,1,1,實體線路操作水位偵測地線放入水瓶中,面板 BLACK_1 水位在高 [ 紅色燈 ],expected_attached_to_first,unmapped,KW-ALIAS-DEVICE-WIRING,manual,from step splitting parser v1; prefill_v2:device_wiring,manual_only,tap,todo_alias,pending,pending,pending,pending
CCU-231773-1,CCU-231773-1-S2,CCU-231773,1,2,實體線路操作水位偵測橘色線路放進水瓶中,,expected_attached_to_first,unmapped,KW-ALIAS-DEVICE-WIRING,manual,from step splitting parser v1; prefill_v2:device_wiring,manual_only,tap,todo_alias,pending,pending,pending,pending
CCU-231774-1,CCU-231774-1-S1,CCU-231774,1,1,實體線路操作水位偵測地線放入水瓶中,面板 BLACK_1 水位在中 [ 藍色燈 ],expected_attached_to_first,unmapped,KW-ALIAS-DEVICE-WIRING,manual,from step splitting parser v1; prefill_v2:device_wiring,manual_only,tap,todo_alias,pending,pending,pending,pending
CCU-231774-1,CCU-231774-1-S2,CCU-231774,1,2,實體線路操作水位偵測綠色線路放進水瓶中,,expected_attached_to_first,unmapped,KW-ALIAS-DEVICE-WIRING,manual,from step splitting parser v1; prefill_v2:device_wiring,manual_only,tap,todo_alias,pending,pending,pending,pending
CCU-231775-1,CCU-231775-1-S1,CCU-231775,1,1,實體線路操作水位偵測地線放入水瓶中,面板 BLACK_1 水位在低 [ 藍色燈 ],expected_attached_to_first,unmapped,KW-ALIAS-DEVICE-WIRING,manual,from step splitting parser v1; prefill_v2:device_wiring,manual_only,tap,todo_alias,pending,pending,pending,pending
CCU-231775-1,CCU-231775-1-S2,CCU-231775,1,2,實體線路操作水位偵測黃色線路放進水瓶中,,expected_attached_to_first,unmapped,KW-ALIAS-DEVICE-WIRING,manual,from step splitting parser v1; prefill_v2:device_wiring,manual_only,tap,todo_alias,pending,pending,pending,pending
CCU-231776-1,CCU-231776-1-S1,CCU-231776,1,1,實體線路操作水位偵測地線放入水瓶中,面板 BLACK_1 水位是空的顯示 [ 藍色燈 ],index_aligned,unmapped,KW-ALIAS-DEVICE-WIRING,manual,from step splitting parser v1; prefill_v2:device_wiring,manual_only,tap,todo_alias,pending,pending,pending,pending
CCU-231781-1,CCU-231781-1-S1,CCU-231781,1,1,實體線路操作水位偵測地線放入水瓶中,Android GRAY_2 水位在高 顯示 Full,expected_attached_to_first,unmapped,KW-ALIAS-DEVICE-WIRING,manual,from step splitting parser v1; prefill_v2:device_wiring,manual_only,tap,todo_alias,pending,pending,pending,pending
CCU-231781-1,CCU-231781-1-S2,CCU-231781,1,2,實體線路操作水位偵測橘色線路放進水瓶中,,expected_attached_to_first,unmapped,KW-ALIAS-DEVICE-WIRING,manual,from step splitting parser v1; prefill_v2:device_wiring,manual_only,tap,todo_alias,pending,pending,pending,pending
CCU-231782-1,CCU-231782-1-S1,CCU-231782,1,1,實體線路操作水位偵測地線放入水瓶中,Android GRAY_2 水位在高,expected_attached_to_first,unmapped,KW-ALIAS-DEVICE-WIRING,manual,from step splitting parser v1; prefill_v2:device_wiring,manual_only,tap,todo_alias,pending,pending,pending,pending
CCU-231782-1,CCU-231782-1-S2,CCU-231782,1,2,實體線路操作水位偵測橘色線路放進水瓶中,,expected_attached_to_first,unmapped,KW-ALIAS-DEVICE-WIRING,manual,from step splitting parser v1; prefill_v2:device_wiring,manual_only,tap,todo_alias,pending,pending,pending,pending
CCU-231783-1,CCU-231783-1-S1,CCU-231783,1,1,實體線路操作水位偵測地線放入水瓶中,Android GRAY_2 水位在中,expected_attached_to_first,unmapped,KW-ALIAS-DEVICE-WIRING,manual,from step splitting parser v1; prefill_v2:device_wiring,manual_only,tap,todo_alias,pending,pending,pending,pending
CCU-231783-1,CCU-231783-1-S2,CCU-231783,1,2,實體線路操作水位偵測綠色線路放進水瓶中,,expected_attached_to_first,unmapped,KW-ALIAS-DEVICE-WIRING,manual,from step splitting parser v1; prefill_v2:device_wiring,manual_only,tap,todo_alias,pending,pending,pending,pending
CCU-231784-1,CCU-231784-1-S1,CCU-231784,1,1,實體線路操作水位偵測地線放入水瓶中,Android GRAY_2 水位在低,expected_attached_to_first,unmapped,KW-ALIAS-DEVICE-WIRING,manual,from step splitting parser v1; prefill_v2:device_wiring,manual_only,tap,todo_alias,pending,pending,pending,pending
CCU-231784-1,CCU-231784-1-S2,CCU-231784,1,2,實體線路操作水位偵測黃色線路放進水瓶中,,expected_attached_to_first,unmapped,KW-ALIAS-DEVICE-WIRING,manual,from step splitting parser v1; prefill_v2:device_wiring,manual_only,tap,todo_alias,pending,pending,pending,pending
CCU-231789-1,CCU-231789-1-S1,CCU-231789,1,1,實體線路操作水位偵測地線放入水瓶中,面板 GRAY_2 水位在高 [ 紅色燈 ],expected_attached_to_first,unmapped,KW-ALIAS-DEVICE-WIRING,manual,from step splitting parser v1; prefill_v2:device_wiring,manual_only,tap,todo_alias,pending,pending,pending,pending
CCU-231789-1,CCU-231789-1-S2,CCU-231789,1,2,實體線路操作水位偵測橘色線路放進水瓶中,,expected_attached_to_first,unmapped,KW-ALIAS-DEVICE-WIRING,manual,from step splitting parser v1; prefill_v2:device_wiring,manual_only,tap,todo_alias,pending,pending,pending,pending
CCU-231790-1,CCU-231790-1-S1,CCU-231790,1,1,實體線路操作水位偵測地線放入水瓶中,面板 GRAY_2 水位在中 [ 藍色燈 ],expected_attached_to_first,unmapped,KW-ALIAS-DEVICE-WIRING,manual,from step splitting parser v1; prefill_v2:device_wiring,manual_only,tap,todo_alias,pending,pending,pending,pending
CCU-231790-1,CCU-231790-1-S2,CCU-231790,1,2,實體線路操作水位偵測綠色線路放進水瓶中,,expected_attached_to_first,unmapped,KW-ALIAS-DEVICE-WIRING,manual,from step splitting parser v1; prefill_v2:device_wiring,manual_only,tap,todo_alias,pending,pending,pending,pending
CCU-231791-1,CCU-231791-1-S1,CCU-231791,1,1,實體線路操作水位偵測地線放入水瓶中,面板 GRAY_2 水位在低 [ 藍色燈 ],expected_attached_to_first,unmapped,KW-ALIAS-DEVICE-WIRING,manual,from step splitting parser v1; prefill_v2:device_wiring,manual_only,tap,todo_alias,pending,pending,pending,pending
CCU-231791-1,CCU-231791-1-S2,CCU-231791,1,2,實體線路操作水位偵測黃色線路放進水瓶中,,expected_attached_to_first,unmapped,KW-ALIAS-DEVICE-WIRING,manual,from step splitting parser v1; prefill_v2:device_wiring,manual_only,tap,todo_alias,pending,pending,pending,pending
CCU-231792-1,CCU-231792-1-S1,CCU-231792,1,1,實體線路操作水位偵測地線放入水瓶中,面板 GRAY_2 水位是空的顯示 [ 藍色燈 ],index_aligned,unmapped,KW-ALIAS-DEVICE-WIRING,manual,from step splitting parser v1; prefill_v2:device_wiring,manual_only,tap,todo_alias,pending,pending,pending,pending
CCU-231797-1,CCU-231797-1-S1,CCU-231797,1,1,實體線路操作水位偵測地線放入水瓶中,Android GRAY_3 水位在高 顯示 Full,expected_attached_to_first,unmapped,KW-ALIAS-DEVICE-WIRING,manual,from step splitting parser v1; prefill_v2:device_wiring,manual_only,tap,todo_alias,pending,pending,pending,pending
CCU-231797-1,CCU-231797-1-S2,CCU-231797,1,2,實體線路操作水位偵測橘色線路放進水瓶中,,expected_attached_to_first,unmapped,KW-ALIAS-DEVICE-WIRING,manual,from step splitting parser v1; prefill_v2:device_wiring,manual_only,tap,todo_alias,pending,pending,pending,pending
CCU-231798-1,CCU-231798-1-S1,CCU-231798,1,1,實體線路操作水位偵測地線放入水瓶中,Android GRAY_3 水位在高,expected_attached_to_first,unmapped,KW-ALIAS-DEVICE-WIRING,manual,from step splitting parser v1; prefill_v2:device_wiring,manual_only,tap,todo_alias,pending,pending,pending,pending
CCU-231798-1,CCU-231798-1-S2,CCU-231798,1,2,實體線路操作水位偵測橘色線路放進水瓶中,,expected_attached_to_first,unmapped,KW-ALIAS-DEVICE-WIRING,manual,from step splitting parser v1; prefill_v2:device_wiring,manual_only,tap,todo_alias,pending,pending,pending,pending
CCU-231799-1,CCU-231799-1-S1,CCU-231799,1,1,實體線路操作水位偵測地線放入水瓶中,Android GRAY_3 水位在中,expected_attached_to_first,unmapped,KW-ALIAS-DEVICE-WIRING,manual,from step splitting parser v1; prefill_v2:device_wiring,manual_only,tap,todo_alias,pending,pending,pending,pending
CCU-231799-1,CCU-231799-1-S2,CCU-231799,1,2,實體線路操作水位偵測綠色線路放進水瓶中,,expected_attached_to_first,unmapped,KW-ALIAS-DEVICE-WIRING,manual,from step splitting parser v1; prefill_v2:device_wiring,manual_only,tap,todo_alias,pending,pending,pending,pending
CCU-231800-1,CCU-231800-1-S1,CCU-231800,1,1,實體線路操作水位偵測地線放入水瓶中,Android GRAY_3 水位在低,expected_attached_to_first,unmapped,KW-ALIAS-DEVICE-WIRING,manual,from step splitting parser v1; prefill_v2:device_wiring,manual_only,tap,todo_alias,pending,pending,pending,pending
CCU-231800-1,CCU-231800-1-S2,CCU-231800,1,2,實體線路操作水位偵測黃色線路放進水瓶中,,expected_attached_to_first,unmapped,KW-ALIAS-DEVICE-WIRING,manual,from step splitting parser v1; prefill_v2:device_wiring,manual_only,tap,todo_alias,pending,pending,pending,pending
CCU-231805-1,CCU-231805-1-S1,CCU-231805,1,1,實體線路操作水位偵測地線放入水瓶中,面板 GRAY_3 水位在高 [ 紅色燈 ],expected_attached_to_first,unmapped,KW-ALIAS-DEVICE-WIRING,manual,from step splitting parser v1; prefill_v2:device_wiring,manual_only,tap,todo_alias,pending,pending,pending,pending
CCU-231805-1,CCU-231805-1-S2,CCU-231805,1,2,實體線路操作水位偵測橘色線路放進水瓶中,,expected_attached_to_first,unmapped,KW-ALIAS-DEVICE-WIRING,manual,from step splitting parser v1; prefill_v2:device_wiring,manual_only,tap,todo_alias,pending,pending,pending,pending
CCU-231806-1,CCU-231806-1-S1,CCU-231806,1,1,實體線路操作水位偵測地線放入水瓶中,面板 GRAY_3 水位在中 [ 藍色燈 ],expected_attached_to_first,unmapped,KW-ALIAS-DEVICE-WIRING,manual,from step splitting parser v1; prefill_v2:device_wiring,manual_only,tap,todo_alias,pending,pending,pending,pending
CCU-231806-1,CCU-231806-1-S2,CCU-231806,1,2,實體線路操作水位偵測綠色線路放進水瓶中,,expected_attached_to_first,unmapped,KW-ALIAS-DEVICE-WIRING,manual,from step splitting parser v1; prefill_v2:device_wiring,manual_only,tap,todo_alias,pending,pending,pending,pending
CCU-231807-1,CCU-231807-1-S1,CCU-231807,1,1,實體線路操作水位偵測地線放入水瓶中,面板 GRAY_3 水位在低 [ 藍色燈 ],expected_attached_to_first,unmapped,KW-ALIAS-DEVICE-WIRING,manual,from step splitting parser v1; prefill_v2:device_wiring,manual_only,tap,todo_alias,pending,pending,pending,pending
CCU-231807-1,CCU-231807-1-S2,CCU-231807,1,2,實體線路操作水位偵測黃色線路放進水瓶中,,expected_attached_to_first,unmapped,KW-ALIAS-DEVICE-WIRING,manual,from step splitting parser v1; prefill_v2:device_wiring,manual_only,tap,todo_alias,pending,pending,pending,pending
CCU-231808-1,CCU-231808-1-S1,CCU-231808,1,1,實體線路操作水位偵測地線放入水瓶中,面板 GRAY_3 水位是空的顯示 [ 藍色燈 ],index_aligned,unmapped,KW-ALIAS-DEVICE-WIRING,manual,from step splitting parser v1; prefill_v2:device_wiring,manual_only,tap,todo_alias,pending,pending,pending,pending
CCU-231813-1,CCU-231813-1-S1,CCU-231813,1,1,實體線路操作水位偵測地線放入水瓶中,Android BLACK_2 水位在高 顯示 Full,expected_attached_to_first,unmapped,KW-ALIAS-DEVICE-WIRING,manual,from step splitting parser v1; prefill_v2:device_wiring,manual_only,tap,todo_alias,pending,pending,pending,pending
CCU-231813-1,CCU-231813-1-S2,CCU-231813,1,2,實體線路操作水位偵測橘色線路放進水瓶中,,expected_attached_to_first,unmapped,KW-ALIAS-DEVICE-WIRING,manual,from step splitting parser v1; prefill_v2:device_wiring,manual_only,tap,todo_alias,pending,pending,pending,pending
CCU-231814-1,CCU-231814-1-S1,CCU-231814,1,1,實體線路操作水位偵測地線放入水瓶中,Android BLACK_2 水位在高,expected_attached_to_first,unmapped,KW-ALIAS-DEVICE-WIRING,manual,from step splitting parser v1; prefill_v2:device_wiring,manual_only,tap,todo_alias,pending,pending,pending,pending
CCU-231814-1,CCU-231814-1-S2,CCU-231814,1,2,實體線路操作水位偵測橘色線路放進水瓶中,,expected_attached_to_first,unmapped,KW-ALIAS-DEVICE-WIRING,manual,from step splitting parser v1; prefill_v2:device_wiring,manual_only,tap,todo_alias,pending,pending,pending,pending
CCU-231815-1,CCU-231815-1-S1,CCU-231815,1,1,實體線路操作水位偵測地線放入水瓶中,Android BLACK_2 水位在中,expected_attached_to_first,unmapped,KW-ALIAS-DEVICE-WIRING,manual,from step splitting parser v1; prefill_v2:device_wiring,manual_only,tap,todo_alias,pending,pending,pending,pending
CCU-231815-1,CCU-231815-1-S2,CCU-231815,1,2,實體線路操作水位偵測綠色線路放進水瓶中,,expected_attached_to_first,unmapped,KW-ALIAS-DEVICE-WIRING,manual,from step splitting parser v1; prefill_v2:device_wiring,manual_only,tap,todo_alias,pending,pending,pending,pending
CCU-231816-1,CCU-231816-1-S1,CCU-231816,1,1,實體線路操作水位偵測地線放入水瓶中,Android BLACK_2 水位在低,expected_attached_to_first,unmapped,KW-ALIAS-DEVICE-WIRING,manual,from step splitting parser v1; prefill_v2:device_wiring,manual_only,tap,todo_alias,pending,pending,pending,pending
CCU-231816-1,CCU-231816-1-S2,CCU-231816,1,2,實體線路操作水位偵測黃色線路放進水瓶中,,expected_attached_to_first,unmapped,KW-ALIAS-DEVICE-WIRING,manual,from step splitting parser v1; prefill_v2:device_wiring,manual_only,tap,todo_alias,pending,pending,pending,pending
CCU-231821-1,CCU-231821-1-S1,CCU-231821,1,1,實體線路操作水位偵測地線放入水瓶中,面板 BLACK_2 水位在高 [ 紅色燈 ],expected_attached_to_first,unmapped,KW-ALIAS-DEVICE-WIRING,manual,from step splitting parser v1; prefill_v2:device_wiring,manual_only,tap,todo_alias,pending,pending,pending,pending
CCU-231821-1,CCU-231821-1-S2,CCU-231821,1,2,實體線路操作水位偵測橘色線路放進水瓶中,,expected_attached_to_first,unmapped,KW-ALIAS-DEVICE-WIRING,manual,from step splitting parser v1; prefill_v2:device_wiring,manual_only,tap,todo_alias,pending,pending,pending,pending
CCU-231822-1,CCU-231822-1-S1,CCU-231822,1,1,實體線路操作水位偵測地線放入水瓶中,面板 BLACK_2 水位在中 [ 藍色燈 ],expected_attached_to_first,unmapped,KW-ALIAS-DEVICE-WIRING,manual,from step splitting parser v1; prefill_v2:device_wiring,manual_only,tap,todo_alias,pending,pending,pending,pending
CCU-231822-1,CCU-231822-1-S2,CCU-231822,1,2,實體線路操作水位偵測綠色線路放進水瓶中,,expected_attached_to_first,unmapped,KW-ALIAS-DEVICE-WIRING,manual,from step splitting parser v1; prefill_v2:device_wiring,manual_only,tap,todo_alias,pending,pending,pending,pending
CCU-231823-1,CCU-231823-1-S1,CCU-231823,1,1,實體線路操作水位偵測地線放入水瓶中,面板 BLACK_2 水位在低 [ 藍色燈 ],expected_attached_to_first,unmapped,KW-ALIAS-DEVICE-WIRING,manual,from step splitting parser v1; prefill_v2:device_wiring,manual_only,tap,todo_alias,pending,pending,pending,pending
CCU-231823-1,CCU-231823-1-S2,CCU-231823,1,2,實體線路操作水位偵測黃色線路放進水瓶中,,expected_attached_to_first,unmapped,KW-ALIAS-DEVICE-WIRING,manual,from step splitting parser v1; prefill_v2:device_wiring,manual_only,tap,todo_alias,pending,pending,pending,pending
CCU-231824-1,CCU-231824-1-S1,CCU-231824,1,1,實體線路操作水位偵測地線放入水瓶中,面板 BLACK_2 水位是空的顯示 [ 藍色燈 ],index_aligned,unmapped,KW-ALIAS-DEVICE-WIRING,manual,from step splitting parser v1; prefill_v2:device_wiring,manual_only,tap,todo_alias,pending,pending,pending,pending
CCU-230682-1,CCU-230682-1-S1,CCU-230682,1,1,power pro APP 連結 GEN1 面板,APP 可以正常使用,index_aligned,unmapped,,,from step splitting parser v1,unmapped,tap,todo_alias,pending,pending,pending,pending
CCU-230897-1,CCU-230897-1-S1,CCU-230897,1,1,終端機輸入 curl --location 'https://us-central1-power-pro-by-wfco.cloudfunctions.net/app/api/qaTool/getPanelOperationLog?startDate=2025-03-04&endDate=2026-03-05&panelsn=30481d120147461',顯示LOG,index_aligned,unmapped,,,from step splitting parser v1,unmapped,input,todo_alias,pending,pending,pending,pending
CCU-231829-1,CCU-231829-1-S1,CCU-231829,1,1,實體線路操作水位偵測地線放入水瓶中,iOS FRESH 水位在高,expected_attached_to_first,unmapped,KW-ALIAS-DEVICE-WIRING,manual,from step splitting parser v1; prefill_v2:device_wiring,manual_only,tap,todo_alias,pending,pending,pending,pending
CCU-231829-1,CCU-231829-1-S2,CCU-231829,1,2,實體線路操作水位偵測橘色線路放進水瓶中,,expected_attached_to_first,unmapped,KW-ALIAS-DEVICE-WIRING,manual,from step splitting parser v1; prefill_v2:device_wiring,manual_only,tap,todo_alias,pending,pending,pending,pending
CCU-231830-1,CCU-231830-1-S1,CCU-231830,1,1,實體線路操作水位偵測地線放入水瓶中,iOS FRESH 水位在中,expected_attached_to_first,unmapped,KW-ALIAS-DEVICE-WIRING,manual,from step splitting parser v1; prefill_v2:device_wiring,manual_only,tap,todo_alias,pending,pending,pending,pending
CCU-231830-1,CCU-231830-1-S2,CCU-231830,1,2,實體線路操作水位偵測綠色線路放進水瓶中,,expected_attached_to_first,unmapped,KW-ALIAS-DEVICE-WIRING,manual,from step splitting parser v1; prefill_v2:device_wiring,manual_only,tap,todo_alias,pending,pending,pending,pending
CCU-231831-1,CCU-231831-1-S1,CCU-231831,1,1,實體線路操作水位偵測地線放入水瓶中,iOS FRESH 水位在低,expected_attached_to_first,unmapped,KW-ALIAS-DEVICE-WIRING,manual,from step splitting parser v1; prefill_v2:device_wiring,manual_only,tap,todo_alias,pending,pending,pending,pending
CCU-231831-1,CCU-231831-1-S2,CCU-231831,1,2,實體線路操作水位偵測黃色線路放進水瓶中,,expected_attached_to_first,unmapped,KW-ALIAS-DEVICE-WIRING,manual,from step splitting parser v1; prefill_v2:device_wiring,manual_only,tap,todo_alias,pending,pending,pending,pending
CCU-231832-1,CCU-231832-1-S1,CCU-231832,1,1,實體線路操作水位偵測地線放入水瓶中,iOS FRESH 水位是空的顯示 [ empty ],index_aligned,unmapped,KW-ALIAS-DEVICE-WIRING,manual,from step splitting parser v1; prefill_v2:device_wiring,manual_only,tap,todo_alias,pending,pending,pending,pending
CCU-231833-1,CCU-231833-1-S1,CCU-231833,1,1,實體線路操作水位偵測地線放入水瓶中,面板 FRESH 水位在高 [ 藍色燈 ],expected_attached_to_first,unmapped,KW-ALIAS-DEVICE-WIRING,manual,from step splitting parser v1; prefill_v2:device_wiring,manual_only,tap,todo_alias,pending,pending,pending,pending
CCU-231833-1,CCU-231833-1-S2,CCU-231833,1,2,實體線路操作水位偵測橘色線路放進水瓶中,,expected_attached_to_first,unmapped,KW-ALIAS-DEVICE-WIRING,manual,from step splitting parser v1; prefill_v2:device_wiring,manual_only,tap,todo_alias,pending,pending,pending,pending
CCU-231834-1,CCU-231834-1-S1,CCU-231834,1,1,實體線路操作水位偵測地線放入水瓶中,面板 FRESH 水位在中 [ 藍色燈 ],expected_attached_to_first,unmapped,KW-ALIAS-DEVICE-WIRING,manual,from step splitting parser v1; prefill_v2:device_wiring,manual_only,tap,todo_alias,pending,pending,pending,pending
CCU-231834-1,CCU-231834-1-S2,CCU-231834,1,2,實體線路操作水位偵測綠色線路放進水瓶中,,expected_attached_to_first,unmapped,KW-ALIAS-DEVICE-WIRING,manual,from step splitting parser v1; prefill_v2:device_wiring,manual_only,tap,todo_alias,pending,pending,pending,pending
CCU-231835-1,CCU-231835-1-S1,CCU-231835,1,1,實體線路操作水位偵測地線放入水瓶中,面板 FRESH 水位在低 [ 藍色燈 ],expected_attached_to_first,unmapped,KW-ALIAS-DEVICE-WIRING,manual,from step splitting parser v1; prefill_v2:device_wiring,manual_only,tap,todo_alias,pending,pending,pending,pending
CCU-231835-1,CCU-231835-1-S2,CCU-231835,1,2,實體線路操作水位偵測黃色線路放進水瓶中,,expected_attached_to_first,unmapped,KW-ALIAS-DEVICE-WIRING,manual,from step splitting parser v1; prefill_v2:device_wiring,manual_only,tap,todo_alias,pending,pending,pending,pending
CCU-231836-1,CCU-231836-1-S1,CCU-231836,1,1,實體線路操作水位偵測地線放入水瓶中,面板 FRESH 水位是空的顯示 [ 紅色燈 ],index_aligned,unmapped,KW-ALIAS-DEVICE-WIRING,manual,from step splitting parser v1; prefill_v2:device_wiring,manual_only,tap,todo_alias,pending,pending,pending,pending
CCU-231841-1,CCU-231841-1-S1,CCU-231841,1,1,實體線路操作水位偵測地線放入水瓶中,iOS GRAY_1 水位在高 顯示 Full,expected_attached_to_first,unmapped,KW-ALIAS-DEVICE-WIRING,manual,from step splitting parser v1; prefill_v2:device_wiring,manual_only,tap,todo_alias,pending,pending,pending,pending
CCU-231841-1,CCU-231841-1-S2,CCU-231841,1,2,實體線路操作水位偵測橘色線路放進水瓶中,,expected_attached_to_first,unmapped,KW-ALIAS-DEVICE-WIRING,manual,from step splitting parser v1; prefill_v2:device_wiring,manual_only,tap,todo_alias,pending,pending,pending,pending
CCU-231842-1,CCU-231842-1-S1,CCU-231842,1,1,實體線路操作水位偵測地線放入水瓶中,iOS GRAY_1 水位在高,expected_attached_to_first,unmapped,KW-ALIAS-DEVICE-WIRING,manual,from step splitting parser v1; prefill_v2:device_wiring,manual_only,tap,todo_alias,pending,pending,pending,pending
CCU-231842-1,CCU-231842-1-S2,CCU-231842,1,2,實體線路操作水位偵測橘色線路放進水瓶中,,expected_attached_to_first,unmapped,KW-ALIAS-DEVICE-WIRING,manual,from step splitting parser v1; prefill_v2:device_wiring,manual_only,tap,todo_alias,pending,pending,pending,pending
CCU-231843-1,CCU-231843-1-S1,CCU-231843,1,1,實體線路操作水位偵測地線放入水瓶中,iOS GRAY_1 水位在中,expected_attached_to_first,unmapped,KW-ALIAS-DEVICE-WIRING,manual,from step splitting parser v1; prefill_v2:device_wiring,manual_only,tap,todo_alias,pending,pending,pending,pending
CCU-231843-1,CCU-231843-1-S2,CCU-231843,1,2,實體線路操作水位偵測綠色線路放進水瓶中,,expected_attached_to_first,unmapped,KW-ALIAS-DEVICE-WIRING,manual,from step splitting parser v1; prefill_v2:device_wiring,manual_only,tap,todo_alias,pending,pending,pending,pending
CCU-231844-1,CCU-231844-1-S1,CCU-231844,1,1,實體線路操作水位偵測地線放入水瓶中,iOS GRAY_1 水位在低,expected_attached_to_first,unmapped,KW-ALIAS-DEVICE-WIRING,manual,from step splitting parser v1; prefill_v2:device_wiring,manual_only,tap,todo_alias,pending,pending,pending,pending
CCU-231844-1,CCU-231844-1-S2,CCU-231844,1,2,實體線路操作水位偵測黃色線路放進水瓶中,,expected_attached_to_first,unmapped,KW-ALIAS-DEVICE-WIRING,manual,from step splitting parser v1; prefill_v2:device_wiring,manual_only,tap,todo_alias,pending,pending,pending,pending
CCU-231845-1,CCU-231845-1-S1,CCU-231845,1,1,實體線路操作水位偵測地線放入水瓶中,面板 GRAY_1 水位在高 [ 紅色燈 ],expected_attached_to_first,unmapped,KW-ALIAS-DEVICE-WIRING,manual,from step splitting parser v1; prefill_v2:device_wiring,manual_only,tap,todo_alias,pending,pending,pending,pending
CCU-231845-1,CCU-231845-1-S2,CCU-231845,1,2,實體線路操作水位偵測橘色線路放進水瓶中,,expected_attached_to_first,unmapped,KW-ALIAS-DEVICE-WIRING,manual,from step splitting parser v1; prefill_v2:device_wiring,manual_only,tap,todo_alias,pending,pending,pending,pending
CCU-231846-1,CCU-231846-1-S1,CCU-231846,1,1,實體線路操作水位偵測地線放入水瓶中,面板 GRAY_1 水位在中 [ 藍色燈 ],expected_attached_to_first,unmapped,KW-ALIAS-DEVICE-WIRING,manual,from step splitting parser v1; prefill_v2:device_wiring,manual_only,tap,todo_alias,pending,pending,pending,pending
CCU-231846-1,CCU-231846-1-S2,CCU-231846,1,2,實體線路操作水位偵測綠色線路放進水瓶中,,expected_attached_to_first,unmapped,KW-ALIAS-DEVICE-WIRING,manual,from step splitting parser v1; prefill_v2:device_wiring,manual_only,tap,todo_alias,pending,pending,pending,pending
CCU-231847-1,CCU-231847-1-S1,CCU-231847,1,1,實體線路操作水位偵測地線放入水瓶中,面板 GRAY_1 水位在低 [ 藍色燈 ],expected_attached_to_first,unmapped,KW-ALIAS-DEVICE-WIRING,manual,from step splitting parser v1; prefill_v2:device_wiring,manual_only,tap,todo_alias,pending,pending,pending,pending
CCU-231847-1,CCU-231847-1-S2,CCU-231847,1,2,實體線路操作水位偵測黃色線路放進水瓶中,,expected_attached_to_first,unmapped,KW-ALIAS-DEVICE-WIRING,manual,from step splitting parser v1; prefill_v2:device_wiring,manual_only,tap,todo_alias,pending,pending,pending,pending
CCU-231848-1,CCU-231848-1-S1,CCU-231848,1,1,實體線路操作水位偵測地線放入水瓶中,面板 GRAY_1 水位是空的顯示 [ 藍色燈 ],index_aligned,unmapped,KW-ALIAS-DEVICE-WIRING,manual,from step splitting parser v1; prefill_v2:device_wiring,manual_only,tap,todo_alias,pending,pending,pending,pending
CCU-231853-1,CCU-231853-1-S1,CCU-231853,1,1,實體線路操作水位偵測地線放入水瓶中,iOS BLACK_1 水位在高 顯示 Full,expected_attached_to_first,unmapped,KW-ALIAS-DEVICE-WIRING,manual,from step splitting parser v1; prefill_v2:device_wiring,manual_only,tap,todo_alias,pending,pending,pending,pending
CCU-231853-1,CCU-231853-1-S2,CCU-231853,1,2,實體線路操作水位偵測橘色線路放進水瓶中,,expected_attached_to_first,unmapped,KW-ALIAS-DEVICE-WIRING,manual,from step splitting parser v1; prefill_v2:device_wiring,manual_only,tap,todo_alias,pending,pending,pending,pending
CCU-231854-1,CCU-231854-1-S1,CCU-231854,1,1,實體線路操作水位偵測地線放入水瓶中,iOS BLACK_1 水位在高,expected_attached_to_first,unmapped,KW-ALIAS-DEVICE-WIRING,manual,from step splitting parser v1; prefill_v2:device_wiring,manual_only,tap,todo_alias,pending,pending,pending,pending
CCU-231854-1,CCU-231854-1-S2,CCU-231854,1,2,實體線路操作水位偵測橘色線路放進水瓶中,,expected_attached_to_first,unmapped,KW-ALIAS-DEVICE-WIRING,manual,from step splitting parser v1; prefill_v2:device_wiring,manual_only,tap,todo_alias,pending,pending,pending,pending
CCU-231855-1,CCU-231855-1-S1,CCU-231855,1,1,實體線路操作水位偵測地線放入水瓶中,iOS BLACK_1 水位在中,expected_attached_to_first,unmapped,KW-ALIAS-DEVICE-WIRING,manual,from step splitting parser v1; prefill_v2:device_wiring,manual_only,tap,todo_alias,pending,pending,pending,pending
CCU-231855-1,CCU-231855-1-S2,CCU-231855,1,2,實體線路操作水位偵測綠色線路放進水瓶中,,expected_attached_to_first,unmapped,KW-ALIAS-DEVICE-WIRING,manual,from step splitting parser v1; prefill_v2:device_wiring,manual_only,tap,todo_alias,pending,pending,pending,pending
CCU-231856-1,CCU-231856-1-S1,CCU-231856,1,1,實體線路操作水位偵測地線放入水瓶中,iOS BLACK_1 水位在低,expected_attached_to_first,unmapped,KW-ALIAS-DEVICE-WIRING,manual,from step splitting parser v1; prefill_v2:device_wiring,manual_only,tap,todo_alias,pending,pending,pending,pending
CCU-231856-1,CCU-231856-1-S2,CCU-231856,1,2,實體線路操作水位偵測黃色線路放進水瓶中,,expected_attached_to_first,unmapped,KW-ALIAS-DEVICE-WIRING,manual,from step splitting parser v1; prefill_v2:device_wiring,manual_only,tap,todo_alias,pending,pending,pending,pending
CCU-231857-1,CCU-231857-1-S1,CCU-231857,1,1,實體線路操作水位偵測地線放入水瓶中,面板 BLACK_1 水位在高 [ 紅色燈 ],expected_attached_to_first,unmapped,KW-ALIAS-DEVICE-WIRING,manual,from step splitting parser v1; prefill_v2:device_wiring,manual_only,tap,todo_alias,pending,pending,pending,pending
CCU-231857-1,CCU-231857-1-S2,CCU-231857,1,2,實體線路操作水位偵測橘色線路放進水瓶中,,expected_attached_to_first,unmapped,KW-ALIAS-DEVICE-WIRING,manual,from step splitting parser v1; prefill_v2:device_wiring,manual_only,tap,todo_alias,pending,pending,pending,pending
CCU-231858-1,CCU-231858-1-S1,CCU-231858,1,1,實體線路操作水位偵測地線放入水瓶中,面板 BLACK_1 水位在中 [ 藍色燈 ],expected_attached_to_first,unmapped,KW-ALIAS-DEVICE-WIRING,manual,from step splitting parser v1; prefill_v2:device_wiring,manual_only,tap,todo_alias,pending,pending,pending,pending
CCU-231858-1,CCU-231858-1-S2,CCU-231858,1,2,實體線路操作水位偵測綠色線路放進水瓶中,,expected_attached_to_first,unmapped,KW-ALIAS-DEVICE-WIRING,manual,from step splitting parser v1; prefill_v2:device_wiring,manual_only,tap,todo_alias,pending,pending,pending,pending
CCU-231859-1,CCU-231859-1-S1,CCU-231859,1,1,實體線路操作水位偵測地線放入水瓶中,面板 BLACK_1 水位在低 [ 藍色燈 ],expected_attached_to_first,unmapped,KW-ALIAS-DEVICE-WIRING,manual,from step splitting parser v1; prefill_v2:device_wiring,manual_only,tap,todo_alias,pending,pending,pending,pending
CCU-231859-1,CCU-231859-1-S2,CCU-231859,1,2,實體線路操作水位偵測黃色線路放進水瓶中,,expected_attached_to_first,unmapped,KW-ALIAS-DEVICE-WIRING,manual,from step splitting parser v1; prefill_v2:device_wiring,manual_only,tap,todo_alias,pending,pending,pending,pending
CCU-231860-1,CCU-231860-1-S1,CCU-231860,1,1,實體線路操作水位偵測地線放入水瓶中,面板 BLACK_1 水位是空的顯示 [ 藍色燈 ],index_aligned,unmapped,KW-ALIAS-DEVICE-WIRING,manual,from step splitting parser v1; prefill_v2:device_wiring,manual_only,tap,todo_alias,pending,pending,pending,pending
CCU-231865-1,CCU-231865-1-S1,CCU-231865,1,1,實體線路操作水位偵測地線放入水瓶中,iOS GRAY_2 水位在高 顯示 Full,expected_attached_to_first,unmapped,KW-ALIAS-DEVICE-WIRING,manual,from step splitting parser v1; prefill_v2:device_wiring,manual_only,tap,todo_alias,pending,pending,pending,pending
CCU-231865-1,CCU-231865-1-S2,CCU-231865,1,2,實體線路操作水位偵測橘色線路放進水瓶中,,expected_attached_to_first,unmapped,KW-ALIAS-DEVICE-WIRING,manual,from step splitting parser v1; prefill_v2:device_wiring,manual_only,tap,todo_alias,pending,pending,pending,pending
CCU-231866-1,CCU-231866-1-S1,CCU-231866,1,1,實體線路操作水位偵測地線放入水瓶中,iOS GRAY_2 水位在高,expected_attached_to_first,unmapped,KW-ALIAS-DEVICE-WIRING,manual,from step splitting parser v1; prefill_v2:device_wiring,manual_only,tap,todo_alias,pending,pending,pending,pending
CCU-231866-1,CCU-231866-1-S2,CCU-231866,1,2,實體線路操作水位偵測橘色線路放進水瓶中,,expected_attached_to_first,unmapped,KW-ALIAS-DEVICE-WIRING,manual,from step splitting parser v1; prefill_v2:device_wiring,manual_only,tap,todo_alias,pending,pending,pending,pending
CCU-231867-1,CCU-231867-1-S1,CCU-231867,1,1,實體線路操作水位偵測地線放入水瓶中,iOS GRAY_2 水位在中,expected_attached_to_first,unmapped,KW-ALIAS-DEVICE-WIRING,manual,from step splitting parser v1; prefill_v2:device_wiring,manual_only,tap,todo_alias,pending,pending,pending,pending
CCU-231867-1,CCU-231867-1-S2,CCU-231867,1,2,實體線路操作水位偵測綠色線路放進水瓶中,,expected_attached_to_first,unmapped,KW-ALIAS-DEVICE-WIRING,manual,from step splitting parser v1; prefill_v2:device_wiring,manual_only,tap,todo_alias,pending,pending,pending,pending
CCU-231868-1,CCU-231868-1-S1,CCU-231868,1,1,實體線路操作水位偵測地線放入水瓶中,iOS GRAY_2 水位在低,expected_attached_to_first,unmapped,KW-ALIAS-DEVICE-WIRING,manual,from step splitting parser v1; prefill_v2:device_wiring,manual_only,tap,todo_alias,pending,pending,pending,pending
CCU-231868-1,CCU-231868-1-S2,CCU-231868,1,2,實體線路操作水位偵測黃色線路放進水瓶中,,expected_attached_to_first,unmapped,KW-ALIAS-DEVICE-WIRING,manual,from step splitting parser v1; prefill_v2:device_wiring,manual_only,tap,todo_alias,pending,pending,pending,pending
CCU-231869-1,CCU-231869-1-S1,CCU-231869,1,1,實體線路操作水位偵測地線放入水瓶中,面板 GRAY_2 水位在高 [ 紅色燈 ],expected_attached_to_first,unmapped,KW-ALIAS-DEVICE-WIRING,manual,from step splitting parser v1; prefill_v2:device_wiring,manual_only,tap,todo_alias,pending,pending,pending,pending
CCU-231869-1,CCU-231869-1-S2,CCU-231869,1,2,實體線路操作水位偵測橘色線路放進水瓶中,,expected_attached_to_first,unmapped,KW-ALIAS-DEVICE-WIRING,manual,from step splitting parser v1; prefill_v2:device_wiring,manual_only,tap,todo_alias,pending,pending,pending,pending
CCU-231870-1,CCU-231870-1-S1,CCU-231870,1,1,實體線路操作水位偵測地線放入水瓶中,面板 GRAY_2 水位在中 [ 藍色燈 ],expected_attached_to_first,unmapped,KW-ALIAS-DEVICE-WIRING,manual,from step splitting parser v1; prefill_v2:device_wiring,manual_only,tap,todo_alias,pending,pending,pending,pending
CCU-231870-1,CCU-231870-1-S2,CCU-231870,1,2,實體線路操作水位偵測綠色線路放進水瓶中,,expected_attached_to_first,unmapped,KW-ALIAS-DEVICE-WIRING,manual,from step splitting parser v1; prefill_v2:device_wiring,manual_only,tap,todo_alias,pending,pending,pending,pending
CCU-231871-1,CCU-231871-1-S1,CCU-231871,1,1,實體線路操作水位偵測地線放入水瓶中,面板 GRAY_2 水位在低 [ 藍色燈 ],expected_attached_to_first,unmapped,KW-ALIAS-DEVICE-WIRING,manual,from step splitting parser v1; prefill_v2:device_wiring,manual_only,tap,todo_alias,pending,pending,pending,pending
CCU-231871-1,CCU-231871-1-S2,CCU-231871,1,2,實體線路操作水位偵測黃色線路放進水瓶中,,expected_attached_to_first,unmapped,KW-ALIAS-DEVICE-WIRING,manual,from step splitting parser v1; prefill_v2:device_wiring,manual_only,tap,todo_alias,pending,pending,pending,pending
CCU-231872-1,CCU-231872-1-S1,CCU-231872,1,1,實體線路操作水位偵測地線放入水瓶中,面板 GRAY_2 水位是空的顯示 [ 藍色燈 ],index_aligned,unmapped,KW-ALIAS-DEVICE-WIRING,manual,from step splitting parser v1; prefill_v2:device_wiring,manual_only,tap,todo_alias,pending,pending,pending,pending
CCU-231877-1,CCU-231877-1-S1,CCU-231877,1,1,實體線路操作水位偵測地線放入水瓶中,iOS GRAY_3 水位在高 顯示 Full,expected_attached_to_first,unmapped,KW-ALIAS-DEVICE-WIRING,manual,from step splitting parser v1; prefill_v2:device_wiring,manual_only,tap,todo_alias,pending,pending,pending,pending
CCU-231877-1,CCU-231877-1-S2,CCU-231877,1,2,實體線路操作水位偵測橘色線路放進水瓶中,,expected_attached_to_first,unmapped,KW-ALIAS-DEVICE-WIRING,manual,from step splitting parser v1; prefill_v2:device_wiring,manual_only,tap,todo_alias,pending,pending,pending,pending
CCU-231878-1,CCU-231878-1-S1,CCU-231878,1,1,實體線路操作水位偵測地線放入水瓶中,iOS GRAY_3 水位在高,expected_attached_to_first,unmapped,KW-ALIAS-DEVICE-WIRING,manual,from step splitting parser v1; prefill_v2:device_wiring,manual_only,tap,todo_alias,pending,pending,pending,pending
CCU-231878-1,CCU-231878-1-S2,CCU-231878,1,2,實體線路操作水位偵測橘色線路放進水瓶中,,expected_attached_to_first,unmapped,KW-ALIAS-DEVICE-WIRING,manual,from step splitting parser v1; prefill_v2:device_wiring,manual_only,tap,todo_alias,pending,pending,pending,pending
CCU-231879-1,CCU-231879-1-S1,CCU-231879,1,1,實體線路操作水位偵測地線放入水瓶中,iOS GRAY_3 水位在中,expected_attached_to_first,unmapped,KW-ALIAS-DEVICE-WIRING,manual,from step splitting parser v1; prefill_v2:device_wiring,manual_only,tap,todo_alias,pending,pending,pending,pending
CCU-231879-1,CCU-231879-1-S2,CCU-231879,1,2,實體線路操作水位偵測綠色線路放進水瓶中,,expected_attached_to_first,unmapped,KW-ALIAS-DEVICE-WIRING,manual,from step splitting parser v1; prefill_v2:device_wiring,manual_only,tap,todo_alias,pending,pending,pending,pending
CCU-231880-1,CCU-231880-1-S1,CCU-231880,1,1,實體線路操作水位偵測地線放入水瓶中,iOS GRAY_3 水位在低,expected_attached_to_first,unmapped,KW-ALIAS-DEVICE-WIRING,manual,from step splitting parser v1; prefill_v2:device_wiring,manual_only,tap,todo_alias,pending,pending,pending,pending
CCU-231880-1,CCU-231880-1-S2,CCU-231880,1,2,實體線路操作水位偵測黃色線路放進水瓶中,,expected_attached_to_first,unmapped,KW-ALIAS-DEVICE-WIRING,manual,from step splitting parser v1; prefill_v2:device_wiring,manual_only,tap,todo_alias,pending,pending,pending,pending
CCU-231881-1,CCU-231881-1-S1,CCU-231881,1,1,實體線路操作水位偵測地線放入水瓶中,面板 GRAY_3 水位在高 [ 紅色燈 ],expected_attached_to_first,unmapped,KW-ALIAS-DEVICE-WIRING,manual,from step splitting parser v1; prefill_v2:device_wiring,manual_only,tap,todo_alias,pending,pending,pending,pending
CCU-231881-1,CCU-231881-1-S2,CCU-231881,1,2,實體線路操作水位偵測橘色線路放進水瓶中,,expected_attached_to_first,unmapped,KW-ALIAS-DEVICE-WIRING,manual,from step splitting parser v1; prefill_v2:device_wiring,manual_only,tap,todo_alias,pending,pending,pending,pending
CCU-231882-1,CCU-231882-1-S1,CCU-231882,1,1,實體線路操作水位偵測地線放入水瓶中,面板 GRAY_3 水位在中 [ 藍色燈 ],expected_attached_to_first,unmapped,KW-ALIAS-DEVICE-WIRING,manual,from step splitting parser v1; prefill_v2:device_wiring,manual_only,tap,todo_alias,pending,pending,pending,pending
CCU-231882-1,CCU-231882-1-S2,CCU-231882,1,2,實體線路操作水位偵測綠色線路放進水瓶中,,expected_attached_to_first,unmapped,KW-ALIAS-DEVICE-WIRING,manual,from step splitting parser v1; prefill_v2:device_wiring,manual_only,tap,todo_alias,pending,pending,pending,pending
CCU-231883-1,CCU-231883-1-S1,CCU-231883,1,1,實體線路操作水位偵測地線放入水瓶中,面板 GRAY_3 水位在低 [ 藍色燈 ],expected_attached_to_first,unmapped,KW-ALIAS-DEVICE-WIRING,manual,from step splitting parser v1; prefill_v2:device_wiring,manual_only,tap,todo_alias,pending,pending,pending,pending
CCU-231883-1,CCU-231883-1-S2,CCU-231883,1,2,實體線路操作水位偵測黃色線路放進水瓶中,,expected_attached_to_first,unmapped,KW-ALIAS-DEVICE-WIRING,manual,from step splitting parser v1; prefill_v2:device_wiring,manual_only,tap,todo_alias,pending,pending,pending,pending
CCU-231884-1,CCU-231884-1-S1,CCU-231884,1,1,實體線路操作水位偵測地線放入水瓶中,面板 GRAY_3 水位是空的顯示 [ 藍色燈 ],index_aligned,unmapped,KW-ALIAS-DEVICE-WIRING,manual,from step splitting parser v1; prefill_v2:device_wiring,manual_only,tap,todo_alias,pending,pending,pending,pending
CCU-231889-1,CCU-231889-1-S1,CCU-231889,1,1,實體線路操作水位偵測地線放入水瓶中,iOS BLACK_2 水位在高 顯示 Full,expected_attached_to_first,unmapped,KW-ALIAS-DEVICE-WIRING,manual,from step splitting parser v1; prefill_v2:device_wiring,manual_only,tap,todo_alias,pending,pending,pending,pending
CCU-231889-1,CCU-231889-1-S2,CCU-231889,1,2,實體線路操作水位偵測橘色線路放進水瓶中,,expected_attached_to_first,unmapped,KW-ALIAS-DEVICE-WIRING,manual,from step splitting parser v1; prefill_v2:device_wiring,manual_only,tap,todo_alias,pending,pending,pending,pending
CCU-231890-1,CCU-231890-1-S1,CCU-231890,1,1,實體線路操作水位偵測地線放入水瓶中,iOS BLACK_2 水位在高,expected_attached_to_first,unmapped,KW-ALIAS-DEVICE-WIRING,manual,from step splitting parser v1; prefill_v2:device_wiring,manual_only,tap,todo_alias,pending,pending,pending,pending
CCU-231890-1,CCU-231890-1-S2,CCU-231890,1,2,實體線路操作水位偵測橘色線路放進水瓶中,,expected_attached_to_first,unmapped,KW-ALIAS-DEVICE-WIRING,manual,from step splitting parser v1; prefill_v2:device_wiring,manual_only,tap,todo_alias,pending,pending,pending,pending
CCU-231891-1,CCU-231891-1-S1,CCU-231891,1,1,實體線路操作水位偵測地線放入水瓶中,iOS BLACK_2 水位在中,expected_attached_to_first,unmapped,KW-ALIAS-DEVICE-WIRING,manual,from step splitting parser v1; prefill_v2:device_wiring,manual_only,tap,todo_alias,pending,pending,pending,pending
CCU-231891-1,CCU-231891-1-S2,CCU-231891,1,2,實體線路操作水位偵測綠色線路放進水瓶中,,expected_attached_to_first,unmapped,KW-ALIAS-DEVICE-WIRING,manual,from step splitting parser v1; prefill_v2:device_wiring,manual_only,tap,todo_alias,pending,pending,pending,pending
CCU-231892-1,CCU-231892-1-S1,CCU-231892,1,1,實體線路操作水位偵測地線放入水瓶中,iOS BLACK_2 水位在低,expected_attached_to_first,unmapped,KW-ALIAS-DEVICE-WIRING,manual,from step splitting parser v1; prefill_v2:device_wiring,manual_only,tap,todo_alias,pending,pending,pending,pending
CCU-231892-1,CCU-231892-1-S2,CCU-231892,1,2,實體線路操作水位偵測黃色線路放進水瓶中,,expected_attached_to_first,unmapped,KW-ALIAS-DEVICE-WIRING,manual,from step splitting parser v1; prefill_v2:device_wiring,manual_only,tap,todo_alias,pending,pending,pending,pending
CCU-231893-1,CCU-231893-1-S1,CCU-231893,1,1,實體線路操作水位偵測地線放入水瓶中,面板 BLACK_2 水位在高 [ 紅色燈 ],expected_attached_to_first,unmapped,KW-ALIAS-DEVICE-WIRING,manual,from step splitting parser v1; prefill_v2:device_wiring,manual_only,tap,todo_alias,pending,pending,pending,pending
CCU-231893-1,CCU-231893-1-S2,CCU-231893,1,2,實體線路操作水位偵測橘色線路放進水瓶中,,expected_attached_to_first,unmapped,KW-ALIAS-DEVICE-WIRING,manual,from step splitting parser v1; prefill_v2:device_wiring,manual_only,tap,todo_alias,pending,pending,pending,pending
CCU-231894-1,CCU-231894-1-S1,CCU-231894,1,1,實體線路操作水位偵測地線放入水瓶中,面板 BLACK_2 水位在中 [ 藍色燈 ],expected_attached_to_first,unmapped,KW-ALIAS-DEVICE-WIRING,manual,from step splitting parser v1; prefill_v2:device_wiring,manual_only,tap,todo_alias,pending,pending,pending,pending
CCU-231894-1,CCU-231894-1-S2,CCU-231894,1,2,實體線路操作水位偵測綠色線路放進水瓶中,,expected_attached_to_first,unmapped,KW-ALIAS-DEVICE-WIRING,manual,from step splitting parser v1; prefill_v2:device_wiring,manual_only,tap,todo_alias,pending,pending,pending,pending
CCU-231895-1,CCU-231895-1-S1,CCU-231895,1,1,實體線路操作水位偵測地線放入水瓶中,面板 BLACK_2 水位在低 [ 藍色燈 ],expected_attached_to_first,unmapped,KW-ALIAS-DEVICE-WIRING,manual,from step splitting parser v1; prefill_v2:device_wiring,manual_only,tap,todo_alias,pending,pending,pending,pending
CCU-231895-1,CCU-231895-1-S2,CCU-231895,1,2,實體線路操作水位偵測黃色線路放進水瓶中,,expected_attached_to_first,unmapped,KW-ALIAS-DEVICE-WIRING,manual,from step splitting parser v1; prefill_v2:device_wiring,manual_only,tap,todo_alias,pending,pending,pending,pending
CCU-231896-1,CCU-231896-1-S1,CCU-231896,1,1,實體線路操作水位偵測地線放入水瓶中,面板 BLACK_2 水位是空的顯示 [ 藍色燈 ],index_aligned,unmapped,KW-ALIAS-DEVICE-WIRING,manual,from step splitting parser v1; prefill_v2:device_wiring,manual_only,tap,todo_alias,pending,pending,pending,pending
CCU-210101-1,CCU-210101-1-S1,CCU-210101,1,1,power on device,MIC LED Green display normally,index_aligned,unmapped,,,from step splitting parser v1,unmapped,tap,todo_alias,pending,pending,pending,pending
CCU-210101-2,CCU-210101-2-S1,CCU-210101,2,1,test voice command,voice command execute success,index_aligned,unmapped,KW-ALIAS-DEVICE-STATE,manual,from step splitting parser v1; prefill_v2:device_state,manual_only,tap,success_message,pending,pending,pending,pending
CCU-210102-1,CCU-210102-1-S1,CCU-210102,1,1,點擊Connect按鈕,按鈕閃爍,index_aligned,manual_only,KW-ALIAS-CLICK,manual,from step splitting parser v1; prefill_v1:ui_action_click,manual_only,tap,todo_alias,pending,pending,pending,pending
CCU-210102-1,CCU-210102-1-S2,CCU-210102,1,2,點擊Connect按鈕,語音提示裝置代碼,index_aligned,manual_only,KW-ALIAS-CLICK,manual,from step splitting parser v1; prefill_v1:ui_action_click,manual_only,tap,todo_alias,pending,pending,pending,pending
CCU-210102-2,CCU-210102-2-S1,CCU-210102,2,1,app 完成配對,配對正常,index_aligned,unmapped,,,from step splitting parser v1,unmapped,tap,success_message,pending,pending,pending,pending
CCU-210124-1,CCU-210124-1-S1,CCU-210124,1,1,讓 3511B 板 Brake 接上正極 （短路）,面板上 Lock Out 燈會亮起（紅燈）,index_aligned,unmapped,,,from step splitting parser v1,unmapped,tap,todo_alias,pending,pending,pending,pending
CCU-210125-1,CCU-210125-1-S1,CCU-210125,1,1,面板 Water Heater GAS 按鈕按下 （顯示白燈),面板 Water Heater GAS 由白燈轉紅燈 手機APP Water Heater GAS 那格會顯示 Dsi Fault,expected_attached_to_first,unmapped,,,from step splitting parser v1,unmapped,tap,todo_alias,pending,pending,pending,pending
CCU-210125-1,CCU-210125-1-S2,CCU-210125,1,2,讓3511B 板 DIS 接上正極 （短路）,,expected_attached_to_first,unmapped,,,from step splitting parser v1,unmapped,tap,todo_alias,pending,pending,pending,pending
CCU-231262-1,CCU-231262-1-S1,CCU-231262,1,1,實體線路操作水位偵測地線放入水瓶中,LCD FRESH 水位在高,expected_attached_to_first,unmapped,KW-ALIAS-DEVICE-WIRING,manual,from step splitting parser v1; prefill_v2:device_wiring,manual_only,tap,todo_alias,pending,pending,pending,pending
CCU-231262-1,CCU-231262-1-S2,CCU-231262,1,2,實體線路操作水位偵測橘色線路放進水瓶中,,expected_attached_to_first,unmapped,KW-ALIAS-DEVICE-WIRING,manual,from step splitting parser v1; prefill_v2:device_wiring,manual_only,tap,todo_alias,pending,pending,pending,pending
CCU-231263-1,CCU-231263-1-S1,CCU-231263,1,1,實體線路操作水位偵測地線放入水瓶中,LCD FRESH 水位在中,expected_attached_to_first,unmapped,KW-ALIAS-DEVICE-WIRING,manual,from step splitting parser v1; prefill_v2:device_wiring,manual_only,tap,todo_alias,pending,pending,pending,pending
CCU-231263-1,CCU-231263-1-S2,CCU-231263,1,2,實體線路操作水位偵測綠色線路放進水瓶中,,expected_attached_to_first,unmapped,KW-ALIAS-DEVICE-WIRING,manual,from step splitting parser v1; prefill_v2:device_wiring,manual_only,tap,todo_alias,pending,pending,pending,pending
CCU-231264-1,CCU-231264-1-S1,CCU-231264,1,1,實體線路操作水位偵測地線放入水瓶中,LCD FRESH 水位在低,expected_attached_to_first,unmapped,KW-ALIAS-DEVICE-WIRING,manual,from step splitting parser v1; prefill_v2:device_wiring,manual_only,tap,todo_alias,pending,pending,pending,pending
CCU-231264-1,CCU-231264-1-S2,CCU-231264,1,2,實體線路操作水位偵測黃色線路放進水瓶中,,expected_attached_to_first,unmapped,KW-ALIAS-DEVICE-WIRING,manual,from step splitting parser v1; prefill_v2:device_wiring,manual_only,tap,todo_alias,pending,pending,pending,pending
CCU-231280-1,CCU-231280-1-S1,CCU-231280,1,1,實體線路操作水位偵測地線放入水瓶中,LCD FRESH 水位是空的顯示 [ empty ],index_aligned,unmapped,KW-ALIAS-DEVICE-WIRING,manual,from step splitting parser v1; prefill_v2:device_wiring,manual_only,tap,todo_alias,pending,pending,pending,pending
CCU-231281-1,CCU-231281-1-S1,CCU-231281,1,1,實體線路操作水位偵測地線放入水瓶中,Android FRESH 水位在高,expected_attached_to_first,unmapped,KW-ALIAS-DEVICE-WIRING,manual,from step splitting parser v1; prefill_v2:device_wiring,manual_only,tap,todo_alias,pending,pending,pending,pending
CCU-231281-1,CCU-231281-1-S2,CCU-231281,1,2,實體線路操作水位偵測橘色線路放進水瓶中,,expected_attached_to_first,unmapped,KW-ALIAS-DEVICE-WIRING,manual,from step splitting parser v1; prefill_v2:device_wiring,manual_only,tap,todo_alias,pending,pending,pending,pending
CCU-231282-1,CCU-231282-1-S1,CCU-231282,1,1,實體線路操作水位偵測地線放入水瓶中,Android FRESH 水位在中,expected_attached_to_first,unmapped,KW-ALIAS-DEVICE-WIRING,manual,from step splitting parser v1; prefill_v2:device_wiring,manual_only,tap,todo_alias,pending,pending,pending,pending
CCU-231282-1,CCU-231282-1-S2,CCU-231282,1,2,實體線路操作水位偵測綠色線路放進水瓶中,,expected_attached_to_first,unmapped,KW-ALIAS-DEVICE-WIRING,manual,from step splitting parser v1; prefill_v2:device_wiring,manual_only,tap,todo_alias,pending,pending,pending,pending
CCU-231283-1,CCU-231283-1-S1,CCU-231283,1,1,實體線路操作水位偵測地線放入水瓶中,Android FRESH 水位在低,expected_attached_to_first,unmapped,KW-ALIAS-DEVICE-WIRING,manual,from step splitting parser v1; prefill_v2:device_wiring,manual_only,tap,todo_alias,pending,pending,pending,pending
CCU-231283-1,CCU-231283-1-S2,CCU-231283,1,2,實體線路操作水位偵測黃色線路放進水瓶中,,expected_attached_to_first,unmapped,KW-ALIAS-DEVICE-WIRING,manual,from step splitting parser v1; prefill_v2:device_wiring,manual_only,tap,todo_alias,pending,pending,pending,pending
CCU-231284-1,CCU-231284-1-S1,CCU-231284,1,1,實體線路操作水位偵測地線放入水瓶中,Android FRESH 水位是空的顯示 [ empty ],index_aligned,unmapped,KW-ALIAS-DEVICE-WIRING,manual,from step splitting parser v1; prefill_v2:device_wiring,manual_only,tap,todo_alias,pending,pending,pending,pending
CCU-231285-1,CCU-231285-1-S1,CCU-231285,1,1,實體線路操作水位偵測地線放入水瓶中,iOS FRESH 水位在高,expected_attached_to_first,unmapped,KW-ALIAS-DEVICE-WIRING,manual,from step splitting parser v1; prefill_v2:device_wiring,manual_only,tap,todo_alias,pending,pending,pending,pending
CCU-231285-1,CCU-231285-1-S2,CCU-231285,1,2,實體線路操作水位偵測橘色線路放進水瓶中,,expected_attached_to_first,unmapped,KW-ALIAS-DEVICE-WIRING,manual,from step splitting parser v1; prefill_v2:device_wiring,manual_only,tap,todo_alias,pending,pending,pending,pending
CCU-231286-1,CCU-231286-1-S1,CCU-231286,1,1,實體線路操作水位偵測地線放入水瓶中,iOS FRESH 水位在中,expected_attached_to_first,unmapped,KW-ALIAS-DEVICE-WIRING,manual,from step splitting parser v1; prefill_v2:device_wiring,manual_only,tap,todo_alias,pending,pending,pending,pending
CCU-231286-1,CCU-231286-1-S2,CCU-231286,1,2,實體線路操作水位偵測綠色線路放進水瓶中,,expected_attached_to_first,unmapped,KW-ALIAS-DEVICE-WIRING,manual,from step splitting parser v1; prefill_v2:device_wiring,manual_only,tap,todo_alias,pending,pending,pending,pending
CCU-231287-1,CCU-231287-1-S1,CCU-231287,1,1,實體線路操作水位偵測地線放入水瓶中,iOS FRESH 水位在低,expected_attached_to_first,unmapped,KW-ALIAS-DEVICE-WIRING,manual,from step splitting parser v1; prefill_v2:device_wiring,manual_only,tap,todo_alias,pending,pending,pending,pending
CCU-231287-1,CCU-231287-1-S2,CCU-231287,1,2,實體線路操作水位偵測黃色線路放進水瓶中,,expected_attached_to_first,unmapped,KW-ALIAS-DEVICE-WIRING,manual,from step splitting parser v1; prefill_v2:device_wiring,manual_only,tap,todo_alias,pending,pending,pending,pending
CCU-231288-1,CCU-231288-1-S1,CCU-231288,1,1,實體線路操作水位偵測地線放入水瓶中,iOS FRESH 水位是空的顯示 [ empty ],index_aligned,unmapped,KW-ALIAS-DEVICE-WIRING,manual,from step splitting parser v1; prefill_v2:device_wiring,manual_only,tap,todo_alias,pending,pending,pending,pending
CCU-231357-1,CCU-231357-1-S1,CCU-231357,1,1,實體線路操作水位偵測地線放入水瓶中,APP GRAY_1 水位在高 顯示 Full,expected_attached_to_first,unmapped,KW-ALIAS-DEVICE-WIRING,manual,from step splitting parser v1; prefill_v2:device_wiring,manual_only,tap,todo_alias,pending,pending,pending,pending
CCU-231357-1,CCU-231357-1-S2,CCU-231357,1,2,實體線路操作水位偵測橘色線路放進水瓶中,,expected_attached_to_first,unmapped,KW-ALIAS-DEVICE-WIRING,manual,from step splitting parser v1; prefill_v2:device_wiring,manual_only,tap,todo_alias,pending,pending,pending,pending
CCU-231265-1,CCU-231265-1-S1,CCU-231265,1,1,實體線路操作水位偵測地線放入水瓶中,LCD GRAY_1 水位在高,expected_attached_to_first,unmapped,KW-ALIAS-DEVICE-WIRING,manual,from step splitting parser v1; prefill_v2:device_wiring,manual_only,tap,todo_alias,pending,pending,pending,pending
CCU-231265-1,CCU-231265-1-S2,CCU-231265,1,2,實體線路操作水位偵測橘色線路放進水瓶中,,expected_attached_to_first,unmapped,KW-ALIAS-DEVICE-WIRING,manual,from step splitting parser v1; prefill_v2:device_wiring,manual_only,tap,todo_alias,pending,pending,pending,pending
CCU-231266-1,CCU-231266-1-S1,CCU-231266,1,1,實體線路操作水位偵測地線放入水瓶中,LCD GRAY_1 水位在中,expected_attached_to_first,unmapped,KW-ALIAS-DEVICE-WIRING,manual,from step splitting parser v1; prefill_v2:device_wiring,manual_only,tap,todo_alias,pending,pending,pending,pending
CCU-231266-1,CCU-231266-1-S2,CCU-231266,1,2,實體線路操作水位偵測綠色線路放進水瓶中,,expected_attached_to_first,unmapped,KW-ALIAS-DEVICE-WIRING,manual,from step splitting parser v1; prefill_v2:device_wiring,manual_only,tap,todo_alias,pending,pending,pending,pending
CCU-231267-1,CCU-231267-1-S1,CCU-231267,1,1,實體線路操作水位偵測地線放入水瓶中,LCD GRAY_1 水位在低,expected_attached_to_first,unmapped,KW-ALIAS-DEVICE-WIRING,manual,from step splitting parser v1; prefill_v2:device_wiring,manual_only,tap,todo_alias,pending,pending,pending,pending
CCU-231267-1,CCU-231267-1-S2,CCU-231267,1,2,實體線路操作水位偵測黃色線路放進水瓶中,,expected_attached_to_first,unmapped,KW-ALIAS-DEVICE-WIRING,manual,from step splitting parser v1; prefill_v2:device_wiring,manual_only,tap,todo_alias,pending,pending,pending,pending
CCU-231366-1,CCU-231366-1-S1,CCU-231366,1,1,實體線路操作水位偵測地線放入水瓶中,Android GRAY_1 水位在高 顯示 Full,expected_attached_to_first,unmapped,KW-ALIAS-DEVICE-WIRING,manual,from step splitting parser v1; prefill_v2:device_wiring,manual_only,tap,todo_alias,pending,pending,pending,pending
CCU-231366-1,CCU-231366-1-S2,CCU-231366,1,2,實體線路操作水位偵測橘色線路放進水瓶中,,expected_attached_to_first,unmapped,KW-ALIAS-DEVICE-WIRING,manual,from step splitting parser v1; prefill_v2:device_wiring,manual_only,tap,todo_alias,pending,pending,pending,pending
CCU-231362-1,CCU-231362-1-S1,CCU-231362,1,1,實體線路操作水位偵測地線放入水瓶中,Android GRAY_1 水位在高,expected_attached_to_first,unmapped,KW-ALIAS-DEVICE-WIRING,manual,from step splitting parser v1; prefill_v2:device_wiring,manual_only,tap,todo_alias,pending,pending,pending,pending
CCU-231362-1,CCU-231362-1-S2,CCU-231362,1,2,實體線路操作水位偵測橘色線路放進水瓶中,,expected_attached_to_first,unmapped,KW-ALIAS-DEVICE-WIRING,manual,from step splitting parser v1; prefill_v2:device_wiring,manual_only,tap,todo_alias,pending,pending,pending,pending
CCU-231363-1,CCU-231363-1-S1,CCU-231363,1,1,實體線路操作水位偵測地線放入水瓶中,Android GRAY_1 水位在中,expected_attached_to_first,unmapped,KW-ALIAS-DEVICE-WIRING,manual,from step splitting parser v1; prefill_v2:device_wiring,manual_only,tap,todo_alias,pending,pending,pending,pending
CCU-231363-1,CCU-231363-1-S2,CCU-231363,1,2,實體線路操作水位偵測綠色線路放進水瓶中,,expected_attached_to_first,unmapped,KW-ALIAS-DEVICE-WIRING,manual,from step splitting parser v1; prefill_v2:device_wiring,manual_only,tap,todo_alias,pending,pending,pending,pending
CCU-231364-1,CCU-231364-1-S1,CCU-231364,1,1,實體線路操作水位偵測地線放入水瓶中,Android GRAY_1 水位在低,expected_attached_to_first,unmapped,KW-ALIAS-DEVICE-WIRING,manual,from step splitting parser v1; prefill_v2:device_wiring,manual_only,tap,todo_alias,pending,pending,pending,pending
CCU-231364-1,CCU-231364-1-S2,CCU-231364,1,2,實體線路操作水位偵測黃色線路放進水瓶中,,expected_attached_to_first,unmapped,KW-ALIAS-DEVICE-WIRING,manual,from step splitting parser v1; prefill_v2:device_wiring,manual_only,tap,todo_alias,pending,pending,pending,pending
CCU-231367-1,CCU-231367-1-S1,CCU-231367,1,1,實體線路操作水位偵測地線放入水瓶中,iOS GRAY_1 水位在高 顯示 Full,expected_attached_to_first,unmapped,KW-ALIAS-DEVICE-WIRING,manual,from step splitting parser v1; prefill_v2:device_wiring,manual_only,tap,todo_alias,pending,pending,pending,pending
CCU-231367-1,CCU-231367-1-S2,CCU-231367,1,2,實體線路操作水位偵測橘色線路放進水瓶中,,expected_attached_to_first,unmapped,KW-ALIAS-DEVICE-WIRING,manual,from step splitting parser v1; prefill_v2:device_wiring,manual_only,tap,todo_alias,pending,pending,pending,pending
CCU-231368-1,CCU-231368-1-S1,CCU-231368,1,1,實體線路操作水位偵測地線放入水瓶中,iOS GRAY_1 水位在高,expected_attached_to_first,unmapped,KW-ALIAS-DEVICE-WIRING,manual,from step splitting parser v1; prefill_v2:device_wiring,manual_only,tap,todo_alias,pending,pending,pending,pending
CCU-231368-1,CCU-231368-1-S2,CCU-231368,1,2,實體線路操作水位偵測橘色線路放進水瓶中,,expected_attached_to_first,unmapped,KW-ALIAS-DEVICE-WIRING,manual,from step splitting parser v1; prefill_v2:device_wiring,manual_only,tap,todo_alias,pending,pending,pending,pending
CCU-231369-1,CCU-231369-1-S1,CCU-231369,1,1,實體線路操作水位偵測地線放入水瓶中,iOS GRAY_1 水位在中,expected_attached_to_first,unmapped,KW-ALIAS-DEVICE-WIRING,manual,from step splitting parser v1; prefill_v2:device_wiring,manual_only,tap,todo_alias,pending,pending,pending,pending
CCU-231369-1,CCU-231369-1-S2,CCU-231369,1,2,實體線路操作水位偵測綠色線路放進水瓶中,,expected_attached_to_first,unmapped,KW-ALIAS-DEVICE-WIRING,manual,from step splitting parser v1; prefill_v2:device_wiring,manual_only,tap,todo_alias,pending,pending,pending,pending
CCU-231370-1,CCU-231370-1-S1,CCU-231370,1,1,實體線路操作水位偵測地線放入水瓶中,iOS GRAY_1 水位在低,expected_attached_to_first,unmapped,KW-ALIAS-DEVICE-WIRING,manual,from step splitting parser v1; prefill_v2:device_wiring,manual_only,tap,todo_alias,pending,pending,pending,pending
CCU-231370-1,CCU-231370-1-S2,CCU-231370,1,2,實體線路操作水位偵測黃色線路放進水瓶中,,expected_attached_to_first,unmapped,KW-ALIAS-DEVICE-WIRING,manual,from step splitting parser v1; prefill_v2:device_wiring,manual_only,tap,todo_alias,pending,pending,pending,pending
CCU-231371-1,CCU-231371-1-S1,CCU-231371,1,1,實體線路操作水位偵測地線放入水瓶中,LCD BLACK_1 水位在高 顯示 Full,expected_attached_to_first,unmapped,KW-ALIAS-DEVICE-WIRING,manual,from step splitting parser v1; prefill_v2:device_wiring,manual_only,tap,todo_alias,pending,pending,pending,pending
CCU-231371-1,CCU-231371-1-S2,CCU-231371,1,2,實體線路操作水位偵測橘色線路放進水瓶中,,expected_attached_to_first,unmapped,KW-ALIAS-DEVICE-WIRING,manual,from step splitting parser v1; prefill_v2:device_wiring,manual_only,tap,todo_alias,pending,pending,pending,pending
CCU-231372-1,CCU-231372-1-S1,CCU-231372,1,1,實體線路操作水位偵測地線放入水瓶中,LCD BLACK_1 水位在高,expected_attached_to_first,unmapped,KW-ALIAS-DEVICE-WIRING,manual,from step splitting parser v1; prefill_v2:device_wiring,manual_only,tap,todo_alias,pending,pending,pending,pending
CCU-231372-1,CCU-231372-1-S2,CCU-231372,1,2,實體線路操作水位偵測橘色線路放進水瓶中,,expected_attached_to_first,unmapped,KW-ALIAS-DEVICE-WIRING,manual,from step splitting parser v1; prefill_v2:device_wiring,manual_only,tap,todo_alias,pending,pending,pending,pending
CCU-231373-1,CCU-231373-1-S1,CCU-231373,1,1,實體線路操作水位偵測地線放入水瓶中,LCD BLACK_1 水位在中,expected_attached_to_first,unmapped,KW-ALIAS-DEVICE-WIRING,manual,from step splitting parser v1; prefill_v2:device_wiring,manual_only,tap,todo_alias,pending,pending,pending,pending
CCU-231373-1,CCU-231373-1-S2,CCU-231373,1,2,實體線路操作水位偵測綠色線路放進水瓶中,,expected_attached_to_first,unmapped,KW-ALIAS-DEVICE-WIRING,manual,from step splitting parser v1; prefill_v2:device_wiring,manual_only,tap,todo_alias,pending,pending,pending,pending
CCU-231374-1,CCU-231374-1-S1,CCU-231374,1,1,實體線路操作水位偵測地線放入水瓶中,LCD BLACK_1 水位在低,expected_attached_to_first,unmapped,KW-ALIAS-DEVICE-WIRING,manual,from step splitting parser v1; prefill_v2:device_wiring,manual_only,tap,todo_alias,pending,pending,pending,pending
CCU-231374-1,CCU-231374-1-S2,CCU-231374,1,2,實體線路操作水位偵測黃色線路放進水瓶中,,expected_attached_to_first,unmapped,KW-ALIAS-DEVICE-WIRING,manual,from step splitting parser v1; prefill_v2:device_wiring,manual_only,tap,todo_alias,pending,pending,pending,pending
CCU-231375-1,CCU-231375-1-S1,CCU-231375,1,1,實體線路操作水位偵測地線放入水瓶中,Android BLACK_1 水位在高 顯示 Full,expected_attached_to_first,unmapped,KW-ALIAS-DEVICE-WIRING,manual,from step splitting parser v1; prefill_v2:device_wiring,manual_only,tap,todo_alias,pending,pending,pending,pending
CCU-231375-1,CCU-231375-1-S2,CCU-231375,1,2,實體線路操作水位偵測橘色線路放進水瓶中,,expected_attached_to_first,unmapped,KW-ALIAS-DEVICE-WIRING,manual,from step splitting parser v1; prefill_v2:device_wiring,manual_only,tap,todo_alias,pending,pending,pending,pending
CCU-231376-1,CCU-231376-1-S1,CCU-231376,1,1,實體線路操作水位偵測地線放入水瓶中,Android BLACK_1 水位在高,expected_attached_to_first,unmapped,KW-ALIAS-DEVICE-WIRING,manual,from step splitting parser v1; prefill_v2:device_wiring,manual_only,tap,todo_alias,pending,pending,pending,pending
CCU-231376-1,CCU-231376-1-S2,CCU-231376,1,2,實體線路操作水位偵測橘色線路放進水瓶中,,expected_attached_to_first,unmapped,KW-ALIAS-DEVICE-WIRING,manual,from step splitting parser v1; prefill_v2:device_wiring,manual_only,tap,todo_alias,pending,pending,pending,pending
CCU-231377-1,CCU-231377-1-S1,CCU-231377,1,1,實體線路操作水位偵測地線放入水瓶中,Android BLACK_1 水位在中,expected_attached_to_first,unmapped,KW-ALIAS-DEVICE-WIRING,manual,from step splitting parser v1; prefill_v2:device_wiring,manual_only,tap,todo_alias,pending,pending,pending,pending
CCU-231377-1,CCU-231377-1-S2,CCU-231377,1,2,實體線路操作水位偵測綠色線路放進水瓶中,,expected_attached_to_first,unmapped,KW-ALIAS-DEVICE-WIRING,manual,from step splitting parser v1; prefill_v2:device_wiring,manual_only,tap,todo_alias,pending,pending,pending,pending
CCU-231378-1,CCU-231378-1-S1,CCU-231378,1,1,實體線路操作水位偵測地線放入水瓶中,Android BLACK_1 水位在低,expected_attached_to_first,unmapped,KW-ALIAS-DEVICE-WIRING,manual,from step splitting parser v1; prefill_v2:device_wiring,manual_only,tap,todo_alias,pending,pending,pending,pending
CCU-231378-1,CCU-231378-1-S2,CCU-231378,1,2,實體線路操作水位偵測黃色線路放進水瓶中,,expected_attached_to_first,unmapped,KW-ALIAS-DEVICE-WIRING,manual,from step splitting parser v1; prefill_v2:device_wiring,manual_only,tap,todo_alias,pending,pending,pending,pending
CCU-231379-1,CCU-231379-1-S1,CCU-231379,1,1,實體線路操作水位偵測地線放入水瓶中,iOS BLACK_1 水位在高 顯示 Full,expected_attached_to_first,unmapped,KW-ALIAS-DEVICE-WIRING,manual,from step splitting parser v1; prefill_v2:device_wiring,manual_only,tap,todo_alias,pending,pending,pending,pending
CCU-231379-1,CCU-231379-1-S2,CCU-231379,1,2,實體線路操作水位偵測橘色線路放進水瓶中,,expected_attached_to_first,unmapped,KW-ALIAS-DEVICE-WIRING,manual,from step splitting parser v1; prefill_v2:device_wiring,manual_only,tap,todo_alias,pending,pending,pending,pending
CCU-231380-1,CCU-231380-1-S1,CCU-231380,1,1,實體線路操作水位偵測地線放入水瓶中,iOS BLACK_1 水位在高,expected_attached_to_first,unmapped,KW-ALIAS-DEVICE-WIRING,manual,from step splitting parser v1; prefill_v2:device_wiring,manual_only,tap,todo_alias,pending,pending,pending,pending
CCU-231380-1,CCU-231380-1-S2,CCU-231380,1,2,實體線路操作水位偵測橘色線路放進水瓶中,,expected_attached_to_first,unmapped,KW-ALIAS-DEVICE-WIRING,manual,from step splitting parser v1; prefill_v2:device_wiring,manual_only,tap,todo_alias,pending,pending,pending,pending
CCU-231381-1,CCU-231381-1-S1,CCU-231381,1,1,實體線路操作水位偵測地線放入水瓶中,iOS BLACK_1 水位在中,expected_attached_to_first,unmapped,KW-ALIAS-DEVICE-WIRING,manual,from step splitting parser v1; prefill_v2:device_wiring,manual_only,tap,todo_alias,pending,pending,pending,pending
CCU-231381-1,CCU-231381-1-S2,CCU-231381,1,2,實體線路操作水位偵測綠色線路放進水瓶中,,expected_attached_to_first,unmapped,KW-ALIAS-DEVICE-WIRING,manual,from step splitting parser v1; prefill_v2:device_wiring,manual_only,tap,todo_alias,pending,pending,pending,pending
CCU-231382-1,CCU-231382-1-S1,CCU-231382,1,1,實體線路操作水位偵測地線放入水瓶中,iOS BLACK_1 水位在低,expected_attached_to_first,unmapped,KW-ALIAS-DEVICE-WIRING,manual,from step splitting parser v1; prefill_v2:device_wiring,manual_only,tap,todo_alias,pending,pending,pending,pending
CCU-231382-1,CCU-231382-1-S2,CCU-231382,1,2,實體線路操作水位偵測黃色線路放進水瓶中,,expected_attached_to_first,unmapped,KW-ALIAS-DEVICE-WIRING,manual,from step splitting parser v1; prefill_v2:device_wiring,manual_only,tap,todo_alias,pending,pending,pending,pending
CCU-231383-1,CCU-231383-1-S1,CCU-231383,1,1,實體線路操作水位偵測地線放入水瓶中,LCD GRAY_2 水位在高 顯示 Full,expected_attached_to_first,unmapped,KW-ALIAS-DEVICE-WIRING,manual,from step splitting parser v1; prefill_v2:device_wiring,manual_only,tap,todo_alias,pending,pending,pending,pending
CCU-231383-1,CCU-231383-1-S2,CCU-231383,1,2,實體線路操作水位偵測橘色線路放進水瓶中,,expected_attached_to_first,unmapped,KW-ALIAS-DEVICE-WIRING,manual,from step splitting parser v1; prefill_v2:device_wiring,manual_only,tap,todo_alias,pending,pending,pending,pending
CCU-231384-1,CCU-231384-1-S1,CCU-231384,1,1,實體線路操作水位偵測地線放入水瓶中,LCD GRAY_2 水位在高,expected_attached_to_first,unmapped,KW-ALIAS-DEVICE-WIRING,manual,from step splitting parser v1; prefill_v2:device_wiring,manual_only,tap,todo_alias,pending,pending,pending,pending
CCU-231384-1,CCU-231384-1-S2,CCU-231384,1,2,實體線路操作水位偵測橘色線路放進水瓶中,,expected_attached_to_first,unmapped,KW-ALIAS-DEVICE-WIRING,manual,from step splitting parser v1; prefill_v2:device_wiring,manual_only,tap,todo_alias,pending,pending,pending,pending
CCU-231385-1,CCU-231385-1-S1,CCU-231385,1,1,實體線路操作水位偵測地線放入水瓶中,LCD GRAY_2 水位在中,expected_attached_to_first,unmapped,KW-ALIAS-DEVICE-WIRING,manual,from step splitting parser v1; prefill_v2:device_wiring,manual_only,tap,todo_alias,pending,pending,pending,pending
CCU-231385-1,CCU-231385-1-S2,CCU-231385,1,2,實體線路操作水位偵測綠色線路放進水瓶中,,expected_attached_to_first,unmapped,KW-ALIAS-DEVICE-WIRING,manual,from step splitting parser v1; prefill_v2:device_wiring,manual_only,tap,todo_alias,pending,pending,pending,pending
CCU-231386-1,CCU-231386-1-S1,CCU-231386,1,1,實體線路操作水位偵測地線放入水瓶中,LCD GRAY_2 水位在低,expected_attached_to_first,unmapped,KW-ALIAS-DEVICE-WIRING,manual,from step splitting parser v1; prefill_v2:device_wiring,manual_only,tap,todo_alias,pending,pending,pending,pending
CCU-231386-1,CCU-231386-1-S2,CCU-231386,1,2,實體線路操作水位偵測黃色線路放進水瓶中,,expected_attached_to_first,unmapped,KW-ALIAS-DEVICE-WIRING,manual,from step splitting parser v1; prefill_v2:device_wiring,manual_only,tap,todo_alias,pending,pending,pending,pending
CCU-231387-1,CCU-231387-1-S1,CCU-231387,1,1,實體線路操作水位偵測地線放入水瓶中,Android GRAY_2 水位在高 顯示 Full,expected_attached_to_first,unmapped,KW-ALIAS-DEVICE-WIRING,manual,from step splitting parser v1; prefill_v2:device_wiring,manual_only,tap,todo_alias,pending,pending,pending,pending
CCU-231387-1,CCU-231387-1-S2,CCU-231387,1,2,實體線路操作水位偵測橘色線路放進水瓶中,,expected_attached_to_first,unmapped,KW-ALIAS-DEVICE-WIRING,manual,from step splitting parser v1; prefill_v2:device_wiring,manual_only,tap,todo_alias,pending,pending,pending,pending
CCU-231388-1,CCU-231388-1-S1,CCU-231388,1,1,實體線路操作水位偵測地線放入水瓶中,Android GRAY_2 水位在高,expected_attached_to_first,unmapped,KW-ALIAS-DEVICE-WIRING,manual,from step splitting parser v1; prefill_v2:device_wiring,manual_only,tap,todo_alias,pending,pending,pending,pending
CCU-231388-1,CCU-231388-1-S2,CCU-231388,1,2,實體線路操作水位偵測橘色線路放進水瓶中,,expected_attached_to_first,unmapped,KW-ALIAS-DEVICE-WIRING,manual,from step splitting parser v1; prefill_v2:device_wiring,manual_only,tap,todo_alias,pending,pending,pending,pending
CCU-231389-1,CCU-231389-1-S1,CCU-231389,1,1,實體線路操作水位偵測地線放入水瓶中,Android GRAY_2 水位在中,expected_attached_to_first,unmapped,KW-ALIAS-DEVICE-WIRING,manual,from step splitting parser v1; prefill_v2:device_wiring,manual_only,tap,todo_alias,pending,pending,pending,pending
CCU-231389-1,CCU-231389-1-S2,CCU-231389,1,2,實體線路操作水位偵測綠色線路放進水瓶中,,expected_attached_to_first,unmapped,KW-ALIAS-DEVICE-WIRING,manual,from step splitting parser v1; prefill_v2:device_wiring,manual_only,tap,todo_alias,pending,pending,pending,pending
CCU-231390-1,CCU-231390-1-S1,CCU-231390,1,1,實體線路操作水位偵測地線放入水瓶中,Android GRAY_2 水位在低,expected_attached_to_first,unmapped,KW-ALIAS-DEVICE-WIRING,manual,from step splitting parser v1; prefill_v2:device_wiring,manual_only,tap,todo_alias,pending,pending,pending,pending
CCU-231390-1,CCU-231390-1-S2,CCU-231390,1,2,實體線路操作水位偵測黃色線路放進水瓶中,,expected_attached_to_first,unmapped,KW-ALIAS-DEVICE-WIRING,manual,from step splitting parser v1; prefill_v2:device_wiring,manual_only,tap,todo_alias,pending,pending,pending,pending
CCU-231391-1,CCU-231391-1-S1,CCU-231391,1,1,實體線路操作水位偵測地線放入水瓶中,iOS GRAY_2 水位在高 顯示 Full,expected_attached_to_first,unmapped,KW-ALIAS-DEVICE-WIRING,manual,from step splitting parser v1; prefill_v2:device_wiring,manual_only,tap,todo_alias,pending,pending,pending,pending
CCU-231391-1,CCU-231391-1-S2,CCU-231391,1,2,實體線路操作水位偵測橘色線路放進水瓶中,,expected_attached_to_first,unmapped,KW-ALIAS-DEVICE-WIRING,manual,from step splitting parser v1; prefill_v2:device_wiring,manual_only,tap,todo_alias,pending,pending,pending,pending
CCU-231392-1,CCU-231392-1-S1,CCU-231392,1,1,實體線路操作水位偵測地線放入水瓶中,iOS GRAY_2 水位在高,expected_attached_to_first,unmapped,KW-ALIAS-DEVICE-WIRING,manual,from step splitting parser v1; prefill_v2:device_wiring,manual_only,tap,todo_alias,pending,pending,pending,pending
CCU-231392-1,CCU-231392-1-S2,CCU-231392,1,2,實體線路操作水位偵測橘色線路放進水瓶中,,expected_attached_to_first,unmapped,KW-ALIAS-DEVICE-WIRING,manual,from step splitting parser v1; prefill_v2:device_wiring,manual_only,tap,todo_alias,pending,pending,pending,pending
CCU-231393-1,CCU-231393-1-S1,CCU-231393,1,1,實體線路操作水位偵測地線放入水瓶中,iOS GRAY_2 水位在中,expected_attached_to_first,unmapped,KW-ALIAS-DEVICE-WIRING,manual,from step splitting parser v1; prefill_v2:device_wiring,manual_only,tap,todo_alias,pending,pending,pending,pending
CCU-231393-1,CCU-231393-1-S2,CCU-231393,1,2,實體線路操作水位偵測綠色線路放進水瓶中,,expected_attached_to_first,unmapped,KW-ALIAS-DEVICE-WIRING,manual,from step splitting parser v1; prefill_v2:device_wiring,manual_only,tap,todo_alias,pending,pending,pending,pending
CCU-231394-1,CCU-231394-1-S1,CCU-231394,1,1,實體線路操作水位偵測地線放入水瓶中,iOS GRAY_2 水位在低,expected_attached_to_first,unmapped,KW-ALIAS-DEVICE-WIRING,manual,from step splitting parser v1; prefill_v2:device_wiring,manual_only,tap,todo_alias,pending,pending,pending,pending
CCU-231394-1,CCU-231394-1-S2,CCU-231394,1,2,實體線路操作水位偵測黃色線路放進水瓶中,,expected_attached_to_first,unmapped,KW-ALIAS-DEVICE-WIRING,manual,from step splitting parser v1; prefill_v2:device_wiring,manual_only,tap,todo_alias,pending,pending,pending,pending
CCU-231395-1,CCU-231395-1-S1,CCU-231395,1,1,實體線路操作水位偵測地線放入水瓶中,LCD GRAY_3 水位在高 顯示 Full,expected_attached_to_first,unmapped,KW-ALIAS-DEVICE-WIRING,manual,from step splitting parser v1; prefill_v2:device_wiring,manual_only,tap,todo_alias,pending,pending,pending,pending
CCU-231395-1,CCU-231395-1-S2,CCU-231395,1,2,實體線路操作水位偵測橘色線路放進水瓶中,,expected_attached_to_first,unmapped,KW-ALIAS-DEVICE-WIRING,manual,from step splitting parser v1; prefill_v2:device_wiring,manual_only,tap,todo_alias,pending,pending,pending,pending
CCU-231396-1,CCU-231396-1-S1,CCU-231396,1,1,實體線路操作水位偵測地線放入水瓶中,LCD GRAY_3 水位在高,expected_attached_to_first,unmapped,KW-ALIAS-DEVICE-WIRING,manual,from step splitting parser v1; prefill_v2:device_wiring,manual_only,tap,todo_alias,pending,pending,pending,pending
CCU-231396-1,CCU-231396-1-S2,CCU-231396,1,2,實體線路操作水位偵測橘色線路放進水瓶中,,expected_attached_to_first,unmapped,KW-ALIAS-DEVICE-WIRING,manual,from step splitting parser v1; prefill_v2:device_wiring,manual_only,tap,todo_alias,pending,pending,pending,pending
CCU-231397-1,CCU-231397-1-S1,CCU-231397,1,1,實體線路操作水位偵測地線放入水瓶中,LCD GRAY_3 水位在中,expected_attached_to_first,unmapped,KW-ALIAS-DEVICE-WIRING,manual,from step splitting parser v1; prefill_v2:device_wiring,manual_only,tap,todo_alias,pending,pending,pending,pending
CCU-231397-1,CCU-231397-1-S2,CCU-231397,1,2,實體線路操作水位偵測綠色線路放進水瓶中,,expected_attached_to_first,unmapped,KW-ALIAS-DEVICE-WIRING,manual,from step splitting parser v1; prefill_v2:device_wiring,manual_only,tap,todo_alias,pending,pending,pending,pending
CCU-231398-1,CCU-231398-1-S1,CCU-231398,1,1,實體線路操作水位偵測地線放入水瓶中,LCD GRAY_3 水位在低,expected_attached_to_first,unmapped,KW-ALIAS-DEVICE-WIRING,manual,from step splitting parser v1; prefill_v2:device_wiring,manual_only,tap,todo_alias,pending,pending,pending,pending
CCU-231398-1,CCU-231398-1-S2,CCU-231398,1,2,實體線路操作水位偵測黃色線路放進水瓶中,,expected_attached_to_first,unmapped,KW-ALIAS-DEVICE-WIRING,manual,from step splitting parser v1; prefill_v2:device_wiring,manual_only,tap,todo_alias,pending,pending,pending,pending
CCU-231399-1,CCU-231399-1-S1,CCU-231399,1,1,實體線路操作水位偵測地線放入水瓶中,Android GRAY_3 水位在高 顯示 Full,expected_attached_to_first,unmapped,KW-ALIAS-DEVICE-WIRING,manual,from step splitting parser v1; prefill_v2:device_wiring,manual_only,tap,todo_alias,pending,pending,pending,pending
CCU-231399-1,CCU-231399-1-S2,CCU-231399,1,2,實體線路操作水位偵測橘色線路放進水瓶中,,expected_attached_to_first,unmapped,KW-ALIAS-DEVICE-WIRING,manual,from step splitting parser v1; prefill_v2:device_wiring,manual_only,tap,todo_alias,pending,pending,pending,pending
CCU-231400-1,CCU-231400-1-S1,CCU-231400,1,1,實體線路操作水位偵測地線放入水瓶中,Android GRAY_3 水位在高,expected_attached_to_first,unmapped,KW-ALIAS-DEVICE-WIRING,manual,from step splitting parser v1; prefill_v2:device_wiring,manual_only,tap,todo_alias,pending,pending,pending,pending
CCU-231400-1,CCU-231400-1-S2,CCU-231400,1,2,實體線路操作水位偵測橘色線路放進水瓶中,,expected_attached_to_first,unmapped,KW-ALIAS-DEVICE-WIRING,manual,from step splitting parser v1; prefill_v2:device_wiring,manual_only,tap,todo_alias,pending,pending,pending,pending
CCU-231401-1,CCU-231401-1-S1,CCU-231401,1,1,實體線路操作水位偵測地線放入水瓶中,Android GRAY_3 水位在中,expected_attached_to_first,unmapped,KW-ALIAS-DEVICE-WIRING,manual,from step splitting parser v1; prefill_v2:device_wiring,manual_only,tap,todo_alias,pending,pending,pending,pending
CCU-231401-1,CCU-231401-1-S2,CCU-231401,1,2,實體線路操作水位偵測綠色線路放進水瓶中,,expected_attached_to_first,unmapped,KW-ALIAS-DEVICE-WIRING,manual,from step splitting parser v1; prefill_v2:device_wiring,manual_only,tap,todo_alias,pending,pending,pending,pending
CCU-231402-1,CCU-231402-1-S1,CCU-231402,1,1,實體線路操作水位偵測地線放入水瓶中,Android GRAY_3 水位在低,expected_attached_to_first,unmapped,KW-ALIAS-DEVICE-WIRING,manual,from step splitting parser v1; prefill_v2:device_wiring,manual_only,tap,todo_alias,pending,pending,pending,pending
CCU-231402-1,CCU-231402-1-S2,CCU-231402,1,2,實體線路操作水位偵測黃色線路放進水瓶中,,expected_attached_to_first,unmapped,KW-ALIAS-DEVICE-WIRING,manual,from step splitting parser v1; prefill_v2:device_wiring,manual_only,tap,todo_alias,pending,pending,pending,pending
CCU-231403-1,CCU-231403-1-S1,CCU-231403,1,1,實體線路操作水位偵測地線放入水瓶中,iOS GRAY_3 水位在高 顯示 Full,expected_attached_to_first,unmapped,KW-ALIAS-DEVICE-WIRING,manual,from step splitting parser v1; prefill_v2:device_wiring,manual_only,tap,todo_alias,pending,pending,pending,pending
CCU-231403-1,CCU-231403-1-S2,CCU-231403,1,2,實體線路操作水位偵測橘色線路放進水瓶中,,expected_attached_to_first,unmapped,KW-ALIAS-DEVICE-WIRING,manual,from step splitting parser v1; prefill_v2:device_wiring,manual_only,tap,todo_alias,pending,pending,pending,pending
CCU-231404-1,CCU-231404-1-S1,CCU-231404,1,1,實體線路操作水位偵測地線放入水瓶中,iOS GRAY_3 水位在高,expected_attached_to_first,unmapped,KW-ALIAS-DEVICE-WIRING,manual,from step splitting parser v1; prefill_v2:device_wiring,manual_only,tap,todo_alias,pending,pending,pending,pending
CCU-231404-1,CCU-231404-1-S2,CCU-231404,1,2,實體線路操作水位偵測橘色線路放進水瓶中,,expected_attached_to_first,unmapped,KW-ALIAS-DEVICE-WIRING,manual,from step splitting parser v1; prefill_v2:device_wiring,manual_only,tap,todo_alias,pending,pending,pending,pending
CCU-231405-1,CCU-231405-1-S1,CCU-231405,1,1,實體線路操作水位偵測地線放入水瓶中,iOS GRAY_3 水位在中,expected_attached_to_first,unmapped,KW-ALIAS-DEVICE-WIRING,manual,from step splitting parser v1; prefill_v2:device_wiring,manual_only,tap,todo_alias,pending,pending,pending,pending
CCU-231405-1,CCU-231405-1-S2,CCU-231405,1,2,實體線路操作水位偵測綠色線路放進水瓶中,,expected_attached_to_first,unmapped,KW-ALIAS-DEVICE-WIRING,manual,from step splitting parser v1; prefill_v2:device_wiring,manual_only,tap,todo_alias,pending,pending,pending,pending
CCU-231406-1,CCU-231406-1-S1,CCU-231406,1,1,實體線路操作水位偵測地線放入水瓶中,iOS GRAY_3 水位在低,expected_attached_to_first,unmapped,KW-ALIAS-DEVICE-WIRING,manual,from step splitting parser v1; prefill_v2:device_wiring,manual_only,tap,todo_alias,pending,pending,pending,pending
CCU-231406-1,CCU-231406-1-S2,CCU-231406,1,2,實體線路操作水位偵測黃色線路放進水瓶中,,expected_attached_to_first,unmapped,KW-ALIAS-DEVICE-WIRING,manual,from step splitting parser v1; prefill_v2:device_wiring,manual_only,tap,todo_alias,pending,pending,pending,pending
CCU-231407-1,CCU-231407-1-S1,CCU-231407,1,1,實體線路操作水位偵測地線放入水瓶中,LCD BLACK_2 水位在高 顯示 Full,expected_attached_to_first,unmapped,KW-ALIAS-DEVICE-WIRING,manual,from step splitting parser v1; prefill_v2:device_wiring,manual_only,tap,todo_alias,pending,pending,pending,pending
CCU-231407-1,CCU-231407-1-S2,CCU-231407,1,2,實體線路操作水位偵測橘色線路放進水瓶中,,expected_attached_to_first,unmapped,KW-ALIAS-DEVICE-WIRING,manual,from step splitting parser v1; prefill_v2:device_wiring,manual_only,tap,todo_alias,pending,pending,pending,pending
CCU-231408-1,CCU-231408-1-S1,CCU-231408,1,1,實體線路操作水位偵測地線放入水瓶中,LCD BLACK_2 水位在高,expected_attached_to_first,unmapped,KW-ALIAS-DEVICE-WIRING,manual,from step splitting parser v1; prefill_v2:device_wiring,manual_only,tap,todo_alias,pending,pending,pending,pending
CCU-231408-1,CCU-231408-1-S2,CCU-231408,1,2,實體線路操作水位偵測橘色線路放進水瓶中,,expected_attached_to_first,unmapped,KW-ALIAS-DEVICE-WIRING,manual,from step splitting parser v1; prefill_v2:device_wiring,manual_only,tap,todo_alias,pending,pending,pending,pending
CCU-231409-1,CCU-231409-1-S1,CCU-231409,1,1,實體線路操作水位偵測地線放入水瓶中,LCD BLACK_2 水位在中,expected_attached_to_first,unmapped,KW-ALIAS-DEVICE-WIRING,manual,from step splitting parser v1; prefill_v2:device_wiring,manual_only,tap,todo_alias,pending,pending,pending,pending
CCU-231409-1,CCU-231409-1-S2,CCU-231409,1,2,實體線路操作水位偵測綠色線路放進水瓶中,,expected_attached_to_first,unmapped,KW-ALIAS-DEVICE-WIRING,manual,from step splitting parser v1; prefill_v2:device_wiring,manual_only,tap,todo_alias,pending,pending,pending,pending
CCU-231410-1,CCU-231410-1-S1,CCU-231410,1,1,實體線路操作水位偵測地線放入水瓶中,LCD BLACK_2 水位在低,expected_attached_to_first,unmapped,KW-ALIAS-DEVICE-WIRING,manual,from step splitting parser v1; prefill_v2:device_wiring,manual_only,tap,todo_alias,pending,pending,pending,pending
CCU-231410-1,CCU-231410-1-S2,CCU-231410,1,2,實體線路操作水位偵測黃色線路放進水瓶中,,expected_attached_to_first,unmapped,KW-ALIAS-DEVICE-WIRING,manual,from step splitting parser v1; prefill_v2:device_wiring,manual_only,tap,todo_alias,pending,pending,pending,pending
CCU-231411-1,CCU-231411-1-S1,CCU-231411,1,1,實體線路操作水位偵測地線放入水瓶中,Android BLACK_2 水位在高 顯示 Full,expected_attached_to_first,unmapped,KW-ALIAS-DEVICE-WIRING,manual,from step splitting parser v1; prefill_v2:device_wiring,manual_only,tap,todo_alias,pending,pending,pending,pending
CCU-231411-1,CCU-231411-1-S2,CCU-231411,1,2,實體線路操作水位偵測橘色線路放進水瓶中,,expected_attached_to_first,unmapped,KW-ALIAS-DEVICE-WIRING,manual,from step splitting parser v1; prefill_v2:device_wiring,manual_only,tap,todo_alias,pending,pending,pending,pending
CCU-231412-1,CCU-231412-1-S1,CCU-231412,1,1,實體線路操作水位偵測地線放入水瓶中,Android BLACK_2 水位在高,expected_attached_to_first,unmapped,KW-ALIAS-DEVICE-WIRING,manual,from step splitting parser v1; prefill_v2:device_wiring,manual_only,tap,todo_alias,pending,pending,pending,pending
CCU-231412-1,CCU-231412-1-S2,CCU-231412,1,2,實體線路操作水位偵測橘色線路放進水瓶中,,expected_attached_to_first,unmapped,KW-ALIAS-DEVICE-WIRING,manual,from step splitting parser v1; prefill_v2:device_wiring,manual_only,tap,todo_alias,pending,pending,pending,pending
CCU-231413-1,CCU-231413-1-S1,CCU-231413,1,1,實體線路操作水位偵測地線放入水瓶中,Android BLACK_2 水位在中,expected_attached_to_first,unmapped,KW-ALIAS-DEVICE-WIRING,manual,from step splitting parser v1; prefill_v2:device_wiring,manual_only,tap,todo_alias,pending,pending,pending,pending
CCU-231413-1,CCU-231413-1-S2,CCU-231413,1,2,實體線路操作水位偵測綠色線路放進水瓶中,,expected_attached_to_first,unmapped,KW-ALIAS-DEVICE-WIRING,manual,from step splitting parser v1; prefill_v2:device_wiring,manual_only,tap,todo_alias,pending,pending,pending,pending
CCU-231414-1,CCU-231414-1-S1,CCU-231414,1,1,實體線路操作水位偵測地線放入水瓶中,Android BLACK_2 水位在低,expected_attached_to_first,unmapped,KW-ALIAS-DEVICE-WIRING,manual,from step splitting parser v1; prefill_v2:device_wiring,manual_only,tap,todo_alias,pending,pending,pending,pending
CCU-231414-1,CCU-231414-1-S2,CCU-231414,1,2,實體線路操作水位偵測黃色線路放進水瓶中,,expected_attached_to_first,unmapped,KW-ALIAS-DEVICE-WIRING,manual,from step splitting parser v1; prefill_v2:device_wiring,manual_only,tap,todo_alias,pending,pending,pending,pending
CCU-231415-1,CCU-231415-1-S1,CCU-231415,1,1,實體線路操作水位偵測地線放入水瓶中,iOS BLACK_2 水位在高 顯示 Full,expected_attached_to_first,unmapped,KW-ALIAS-DEVICE-WIRING,manual,from step splitting parser v1; prefill_v2:device_wiring,manual_only,tap,todo_alias,pending,pending,pending,pending
CCU-231415-1,CCU-231415-1-S2,CCU-231415,1,2,實體線路操作水位偵測橘色線路放進水瓶中,,expected_attached_to_first,unmapped,KW-ALIAS-DEVICE-WIRING,manual,from step splitting parser v1; prefill_v2:device_wiring,manual_only,tap,todo_alias,pending,pending,pending,pending
CCU-231416-1,CCU-231416-1-S1,CCU-231416,1,1,實體線路操作水位偵測地線放入水瓶中,iOS BLACK_2 水位在高,expected_attached_to_first,unmapped,KW-ALIAS-DEVICE-WIRING,manual,from step splitting parser v1; prefill_v2:device_wiring,manual_only,tap,todo_alias,pending,pending,pending,pending
CCU-231416-1,CCU-231416-1-S2,CCU-231416,1,2,實體線路操作水位偵測橘色線路放進水瓶中,,expected_attached_to_first,unmapped,KW-ALIAS-DEVICE-WIRING,manual,from step splitting parser v1; prefill_v2:device_wiring,manual_only,tap,todo_alias,pending,pending,pending,pending
CCU-231417-1,CCU-231417-1-S1,CCU-231417,1,1,實體線路操作水位偵測地線放入水瓶中,iOS BLACK_2 水位在中,expected_attached_to_first,unmapped,KW-ALIAS-DEVICE-WIRING,manual,from step splitting parser v1; prefill_v2:device_wiring,manual_only,tap,todo_alias,pending,pending,pending,pending
CCU-231417-1,CCU-231417-1-S2,CCU-231417,1,2,實體線路操作水位偵測綠色線路放進水瓶中,,expected_attached_to_first,unmapped,KW-ALIAS-DEVICE-WIRING,manual,from step splitting parser v1; prefill_v2:device_wiring,manual_only,tap,todo_alias,pending,pending,pending,pending
CCU-231418-1,CCU-231418-1-S1,CCU-231418,1,1,實體線路操作水位偵測地線放入水瓶中,iOS BLACK_2 水位在低,expected_attached_to_first,unmapped,KW-ALIAS-DEVICE-WIRING,manual,from step splitting parser v1; prefill_v2:device_wiring,manual_only,tap,todo_alias,pending,pending,pending,pending
CCU-231418-1,CCU-231418-1-S2,CCU-231418,1,2,實體線路操作水位偵測黃色線路放進水瓶中,,expected_attached_to_first,unmapped,KW-ALIAS-DEVICE-WIRING,manual,from step splitting parser v1; prefill_v2:device_wiring,manual_only,tap,todo_alias,pending,pending,pending,pending
CCU-232034-1,CCU-232034-1-S1,CCU-232034,1,1,長按面板 SELECT 按鈕,進入編輯模式,index_aligned,unmapped,KW-ALIAS-CLICK,manual,from step splitting parser v1; prefill_v1:ui_action_click,manual_only,tap,todo_alias,pending,pending,pending,pending
CCU-232033-1,CCU-232033-1-S1,CCU-232033,1,1,長按面板 SELECT 按鈕 設定 FRIDGE 按鈕 ON,FRIDGE 按鈕 ON,index_aligned,unmapped,KW-ALIAS-CLICK,manual,from step splitting parser v1; prefill_v1:ui_action_click,manual_only,tap,settings_button,pending,pending,pending,pending
CCU-232035-1,CCU-232035-1-S1,CCU-232035,1,1,長按面板 SELECT 按鈕 設定 WATER PUMP 按鈕 ON,WATER PUMP 按鈕 ON,index_aligned,unmapped,KW-ALIAS-CLICK,manual,from step splitting parser v1; prefill_v1:ui_action_click,manual_only,tap,settings_button,pending,pending,pending,pending
CCU-232036-1,CCU-232036-1-S1,CCU-232036,1,1,長按面板 SELECT 按鈕 設定 TANK HEATER 按鈕 ON,TANK HEATER 按鈕 ON,index_aligned,unmapped,KW-ALIAS-CLICK,manual,from step splitting parser v1; prefill_v1:ui_action_click,manual_only,tap,settings_button,pending,pending,pending,pending
CCU-232037-1,CCU-232037-1-S1,CCU-232037,1,1,長按面板 SELECT 按鈕 設定 DOOR LOCK 按鈕 ON,DOOR LOCK 按鈕 ON,index_aligned,unmapped,KW-ALIAS-CLICK,manual,from step splitting parser v1; prefill_v1:ui_action_click,manual_only,tap,settings_button,pending,pending,pending,pending
CCU-232038-1,CCU-232038-1-S1,CCU-232038,1,1,長按面板 SELECT 按鈕 設定 AUX1 按鈕 ON,AUX1 按鈕 ON,index_aligned,unmapped,KW-ALIAS-CLICK,manual,from step splitting parser v1; prefill_v1:ui_action_click,manual_only,tap,settings_button,pending,pending,pending,pending
CCU-232039-1,CCU-232039-1-S1,CCU-232039,1,1,長按面板 SELECT 按鈕 設定 AUX2 按鈕 ON,AUX2 按鈕 ON,index_aligned,unmapped,KW-ALIAS-CLICK,manual,from step splitting parser v1; prefill_v1:ui_action_click,manual_only,tap,settings_button,pending,pending,pending,pending
CCU-232040-1,CCU-232040-1-S1,CCU-232040,1,1,長按面板 SELECT 按鈕 設定 WATER HEATER ELECTRIC 按鈕 ON,WATER HEATER ELECTRIC 按鈕 ON,index_aligned,unmapped,KW-ALIAS-CLICK,manual,from step splitting parser v1; prefill_v1:ui_action_click,manual_only,tap,settings_button,pending,pending,pending,pending
CCU-232041-1,CCU-232041-1-S1,CCU-232041,1,1,長按面板 SELECT 按鈕 WATER HEATER GAS 按鈕 ON,WATER HEATER GAS 按鈕 ON,index_aligned,unmapped,KW-ALIAS-CLICK,manual,from step splitting parser v1; prefill_v1:ui_action_click,manual_only,tap,todo_alias,pending,pending,pending,pending
CCU-232042-1,CCU-232042-1-S1,CCU-232042,1,1,長按面板 SELECT 按鈕 設定 LIGHT1 按鈕 ON,LIGHT1 按鈕 ON,index_aligned,unmapped,KW-ALIAS-CLICK,manual,from step splitting parser v1; prefill_v1:ui_action_click,manual_only,tap,settings_button,pending,pending,pending,pending
CCU-232043-1,CCU-232043-1-S1,CCU-232043,1,1,長按面板 SELECT 按鈕 設定 LIGHT2 按鈕 ON,LIGHT2 按鈕 ON,index_aligned,unmapped,KW-ALIAS-CLICK,manual,from step splitting parser v1; prefill_v1:ui_action_click,manual_only,tap,settings_button,pending,pending,pending,pending
CCU-232044-1,CCU-232044-1-S1,CCU-232044,1,1,長按面板 SELECT 按鈕 設定 LIGHT3 按鈕 ON,LIGHT3 按鈕 ON,index_aligned,unmapped,KW-ALIAS-CLICK,manual,from step splitting parser v1; prefill_v1:ui_action_click,manual_only,tap,settings_button,pending,pending,pending,pending
CCU-232045-1,CCU-232045-1-S1,CCU-232045,1,1,長按面板 SELECT 按鈕 設定 LIGHT4 按鈕 ON,LIGHT4 按鈕 ON,index_aligned,unmapped,KW-ALIAS-CLICK,manual,from step splitting parser v1; prefill_v1:ui_action_click,manual_only,tap,settings_button,pending,pending,pending,pending
CCU-232046-1,CCU-232046-1-S1,CCU-232046,1,1,長按面板 SELECT 按鈕 設定 LIGHT5 按鈕 ON,LIGHT5 按鈕 ON,index_aligned,unmapped,KW-ALIAS-CLICK,manual,from step splitting parser v1; prefill_v1:ui_action_click,manual_only,tap,settings_button,pending,pending,pending,pending
CCU-232047-1,CCU-232047-1-S1,CCU-232047,1,1,長按面板 SELECT 按鈕 設定 LIGHT6 按鈕 ON,LIGHT6 按鈕 ON,index_aligned,unmapped,KW-ALIAS-CLICK,manual,from step splitting parser v1; prefill_v1:ui_action_click,manual_only,tap,settings_button,pending,pending,pending,pending
CCU-232048-1,CCU-232048-1-S1,CCU-232048,1,1,長按面板 SELECT 按鈕 設定 LIGHT7 按鈕 ON,LIGHT7 按鈕 ON,index_aligned,unmapped,KW-ALIAS-CLICK,manual,from step splitting parser v1; prefill_v1:ui_action_click,manual_only,tap,settings_button,pending,pending,pending,pending
CCU-232049-1,CCU-232049-1-S1,CCU-232049,1,1,長按面板 SELECT 按鈕 設定 LIGHT8 按鈕 ON,LIGHT8 按鈕 ON,index_aligned,unmapped,KW-ALIAS-CLICK,manual,from step splitting parser v1; prefill_v1:ui_action_click,manual_only,tap,settings_button,pending,pending,pending,pending
CCU-232050-1,CCU-232050-1-S1,CCU-232050,1,1,長按面板 SELECT 按鈕 設定 CLIMATE CONTROL 按鈕 ON,CLIMATE CONTROL 按鈕 ON,index_aligned,unmapped,KW-ALIAS-CLICK,manual,from step splitting parser v1; prefill_v1:ui_action_click,manual_only,tap,settings_button,pending,pending,pending,pending
CCU-232051-1,CCU-232051-1-S1,CCU-232051,1,1,長按面板 SELECT 按鈕 設定 AWNING1 按鈕 ON,AWNING1 按鈕 ON,index_aligned,unmapped,KW-ALIAS-CLICK,manual,from step splitting parser v1; prefill_v1:ui_action_click,manual_only,tap,settings_button,pending,pending,pending,pending
CCU-232052-1,CCU-232052-1-S1,CCU-232052,1,1,長按面板 SELECT 按鈕 設定 AWNING2 按鈕 ON,AWNING2 按鈕 ON,index_aligned,unmapped,KW-ALIAS-CLICK,manual,from step splitting parser v1; prefill_v1:ui_action_click,manual_only,tap,settings_button,pending,pending,pending,pending
CCU-232053-1,CCU-232053-1-S1,CCU-232053,1,1,長按面板 SELECT 按鈕 設定 SLIDE1 按鈕 ON,SLIDE1 按鈕 ON,index_aligned,unmapped,KW-ALIAS-CLICK,manual,from step splitting parser v1; prefill_v1:ui_action_click,manual_only,tap,settings_button,pending,pending,pending,pending
CCU-232054-1,CCU-232054-1-S1,CCU-232054,1,1,長按面板 SELECT 按鈕 設定 SLIDE2 按鈕 ON,SLIDE2 按鈕 ON,index_aligned,unmapped,KW-ALIAS-CLICK,manual,from step splitting parser v1; prefill_v1:ui_action_click,manual_only,tap,settings_button,pending,pending,pending,pending
CCU-232055-1,CCU-232055-1-S1,CCU-232055,1,1,長按面板 SELECT 按鈕 設定 SLIDE3 按鈕 ON,SLIDE3 按鈕 ON,index_aligned,unmapped,KW-ALIAS-CLICK,manual,from step splitting parser v1; prefill_v1:ui_action_click,manual_only,tap,settings_button,pending,pending,pending,pending
CCU-232056-1,CCU-232056-1-S1,CCU-232056,1,1,長按面板 SELECT 按鈕 設定 SLIDE4 按鈕 ON,SLIDE4 按鈕 ON,index_aligned,unmapped,KW-ALIAS-CLICK,manual,from step splitting parser v1; prefill_v1:ui_action_click,manual_only,tap,settings_button,pending,pending,pending,pending
CCU-232057-1,CCU-232057-1-S1,CCU-232057,1,1,長按面板 SELECT 按鈕 設定 SLIDE5 按鈕 ON,SLIDE5 按鈕 ON,index_aligned,unmapped,KW-ALIAS-CLICK,manual,from step splitting parser v1; prefill_v1:ui_action_click,manual_only,tap,settings_button,pending,pending,pending,pending
CCU-232058-1,CCU-232058-1-S1,CCU-232058,1,1,查看 APP,APP FRIDGE 有顯示,index_aligned,manual_only,KW-ALIAS-CHECK,manual,from step splitting parser v1; prefill_v1:ui_or_device_check,manual_only,tap,todo_alias,pending,pending,pending,pending
CCU-232059-1,CCU-232059-1-S1,CCU-232059,1,1,查看 APP,APP WATER PUMP 有顯示,index_aligned,manual_only,KW-ALIAS-CHECK,manual,from step splitting parser v1; prefill_v1:ui_or_device_check,manual_only,tap,todo_alias,pending,pending,pending,pending
CCU-232060-1,CCU-232060-1-S1,CCU-232060,1,1,查看 APP,TANK HEATER 有顯示,index_aligned,manual_only,KW-ALIAS-CHECK,manual,from step splitting parser v1; prefill_v1:ui_or_device_check,manual_only,tap,todo_alias,pending,pending,pending,pending
CCU-232061-1,CCU-232061-1-S1,CCU-232061,1,1,查看 APP,DOOR LOCK 有顯示,index_aligned,manual_only,KW-ALIAS-CHECK,manual,from step splitting parser v1; prefill_v1:ui_or_device_check,manual_only,tap,todo_alias,pending,pending,pending,pending
CCU-232062-1,CCU-232062-1-S1,CCU-232062,1,1,查看 APP,APP AUX1 有顯示,index_aligned,manual_only,KW-ALIAS-CHECK,manual,from step splitting parser v1; prefill_v1:ui_or_device_check,manual_only,tap,todo_alias,pending,pending,pending,pending
CCU-232064-1,CCU-232064-1-S1,CCU-232064,1,1,查看 APP,APP AUX2 有顯示,index_aligned,manual_only,KW-ALIAS-CHECK,manual,from step splitting parser v1; prefill_v1:ui_or_device_check,manual_only,tap,todo_alias,pending,pending,pending,pending
CCU-232065-1,CCU-232065-1-S1,CCU-232065,1,1,查看 APP,APP WATER HEATER ELECTRIC 有顯示,index_aligned,manual_only,KW-ALIAS-CHECK,manual,from step splitting parser v1; prefill_v1:ui_or_device_check,manual_only,tap,todo_alias,pending,pending,pending,pending
CCU-232066-1,CCU-232066-1-S1,CCU-232066,1,1,查看 APP,APP WATER HEATER GAS 有顯示,index_aligned,manual_only,KW-ALIAS-CHECK,manual,from step splitting parser v1; prefill_v1:ui_or_device_check,manual_only,tap,todo_alias,pending,pending,pending,pending
CCU-232067-1,CCU-232067-1-S1,CCU-232067,1,1,查看 APP,APP LIGHT1 有顯示,index_aligned,manual_only,KW-ALIAS-CHECK,manual,from step splitting parser v1; prefill_v1:ui_or_device_check,manual_only,tap,todo_alias,pending,pending,pending,pending
CCU-232068-1,CCU-232068-1-S1,CCU-232068,1,1,查看 APP,APP LIGHT2 有顯示,index_aligned,manual_only,KW-ALIAS-CHECK,manual,from step splitting parser v1; prefill_v1:ui_or_device_check,manual_only,tap,todo_alias,pending,pending,pending,pending
CCU-232069-1,CCU-232069-1-S1,CCU-232069,1,1,查看 APP,APP LIGHT3 有顯示,index_aligned,manual_only,KW-ALIAS-CHECK,manual,from step splitting parser v1; prefill_v1:ui_or_device_check,manual_only,tap,todo_alias,pending,pending,pending,pending
CCU-232070-1,CCU-232070-1-S1,CCU-232070,1,1,查看 APP,APP LIGHT4 有顯示,index_aligned,manual_only,KW-ALIAS-CHECK,manual,from step splitting parser v1; prefill_v1:ui_or_device_check,manual_only,tap,todo_alias,pending,pending,pending,pending
CCU-232071-1,CCU-232071-1-S1,CCU-232071,1,1,查看 APP,APP LIGHT5 有顯示,index_aligned,manual_only,KW-ALIAS-CHECK,manual,from step splitting parser v1; prefill_v1:ui_or_device_check,manual_only,tap,todo_alias,pending,pending,pending,pending
CCU-232072-1,CCU-232072-1-S1,CCU-232072,1,1,查看 APP,APP LIGHT6 有顯示,index_aligned,manual_only,KW-ALIAS-CHECK,manual,from step splitting parser v1; prefill_v1:ui_or_device_check,manual_only,tap,todo_alias,pending,pending,pending,pending
CCU-232073-1,CCU-232073-1-S1,CCU-232073,1,1,查看 APP,APP LIGHT7 有顯示,index_aligned,manual_only,KW-ALIAS-CHECK,manual,from step splitting parser v1; prefill_v1:ui_or_device_check,manual_only,tap,todo_alias,pending,pending,pending,pending
CCU-232074-1,CCU-232074-1-S1,CCU-232074,1,1,查看 APP,APP LIGHT8 有顯示,index_aligned,manual_only,KW-ALIAS-CHECK,manual,from step splitting parser v1; prefill_v1:ui_or_device_check,manual_only,tap,todo_alias,pending,pending,pending,pending
CCU-232075-1,CCU-232075-1-S1,CCU-232075,1,1,查看 APP,APP CLIMATE CONTROL 有顯示,index_aligned,manual_only,KW-ALIAS-CHECK,manual,from step splitting parser v1; prefill_v1:ui_or_device_check,manual_only,tap,todo_alias,pending,pending,pending,pending
CCU-232076-1,CCU-232076-1-S1,CCU-232076,1,1,查看 APP,APP AWNING1 有顯示,index_aligned,manual_only,KW-ALIAS-CHECK,manual,from step splitting parser v1; prefill_v1:ui_or_device_check,manual_only,tap,todo_alias,pending,pending,pending,pending
CCU-232077-1,CCU-232077-1-S1,CCU-232077,1,1,查看 APP,APP AWNING2 有顯示,index_aligned,manual_only,KW-ALIAS-CHECK,manual,from step splitting parser v1; prefill_v1:ui_or_device_check,manual_only,tap,todo_alias,pending,pending,pending,pending
CCU-232078-1,CCU-232078-1-S1,CCU-232078,1,1,查看 APP,APP SLIDE1 有顯示,index_aligned,manual_only,KW-ALIAS-CHECK,manual,from step splitting parser v1; prefill_v1:ui_or_device_check,manual_only,tap,todo_alias,pending,pending,pending,pending
CCU-232079-1,CCU-232079-1-S1,CCU-232079,1,1,查看 APP,APP SLIDE2 有顯示,index_aligned,manual_only,KW-ALIAS-CHECK,manual,from step splitting parser v1; prefill_v1:ui_or_device_check,manual_only,tap,todo_alias,pending,pending,pending,pending
CCU-232080-1,CCU-232080-1-S1,CCU-232080,1,1,查看 APP,APP SLIDE3 有顯示,index_aligned,manual_only,KW-ALIAS-CHECK,manual,from step splitting parser v1; prefill_v1:ui_or_device_check,manual_only,tap,todo_alias,pending,pending,pending,pending
CCU-232081-1,CCU-232081-1-S1,CCU-232081,1,1,查看 APP,APP SLIDE4 有顯示,index_aligned,manual_only,KW-ALIAS-CHECK,manual,from step splitting parser v1; prefill_v1:ui_or_device_check,manual_only,tap,todo_alias,pending,pending,pending,pending
CCU-232082-1,CCU-232082-1-S1,CCU-232082,1,1,查看 APP,APP SLIDE5 有顯示,index_aligned,manual_only,KW-ALIAS-CHECK,manual,from step splitting parser v1; prefill_v1:ui_or_device_check,manual_only,tap,todo_alias,pending,pending,pending,pending
CCU-232083-1,CCU-232083-1-S1,CCU-232083,1,1,長按面板 SELECT 按鈕,進入編輯模式,index_aligned,unmapped,KW-ALIAS-CLICK,manual,from step splitting parser v1; prefill_v1:ui_action_click,manual_only,tap,todo_alias,pending,pending,pending,pending
CCU-232084-1,CCU-232084-1-S1,CCU-232084,1,1,長按面板 SELECT 按鈕 設定 FRIDGE 按鈕 OFF,FRIDGE 按鈕 OFF,index_aligned,unmapped,KW-ALIAS-CLICK,manual,from step splitting parser v1; prefill_v1:ui_action_click,manual_only,tap,settings_button,pending,pending,pending,pending
CCU-232085-1,CCU-232085-1-S1,CCU-232085,1,1,長按面板 SELECT 按鈕 設定 WATER PUMP 按鈕 OFF,WATER PUMP 按鈕 OFF,index_aligned,unmapped,KW-ALIAS-CLICK,manual,from step splitting parser v1; prefill_v1:ui_action_click,manual_only,tap,settings_button,pending,pending,pending,pending
CCU-232086-1,CCU-232086-1-S1,CCU-232086,1,1,長按面板 SELECT 按鈕 設定 TANK HEATER 按鈕 OFF,TANK HEATER 按鈕 OFF,index_aligned,unmapped,KW-ALIAS-CLICK,manual,from step splitting parser v1; prefill_v1:ui_action_click,manual_only,tap,settings_button,pending,pending,pending,pending
CCU-232087-1,CCU-232087-1-S1,CCU-232087,1,1,長按面板 SELECT 按鈕 設定 DOOR LOCK 按鈕 OFF,DOOR LOCK 按鈕 OFF,index_aligned,unmapped,KW-ALIAS-CLICK,manual,from step splitting parser v1; prefill_v1:ui_action_click,manual_only,tap,settings_button,pending,pending,pending,pending
CCU-232088-1,CCU-232088-1-S1,CCU-232088,1,1,長按面板 SELECT 按鈕 設定 AUX1 按鈕 OFF,AUX1 按鈕 OFF,index_aligned,unmapped,KW-ALIAS-CLICK,manual,from step splitting parser v1; prefill_v1:ui_action_click,manual_only,tap,settings_button,pending,pending,pending,pending
CCU-232089-1,CCU-232089-1-S1,CCU-232089,1,1,長按面板 SELECT 按鈕 設定 AUX2 按鈕 OFF,AUX2 按鈕 OFF,index_aligned,unmapped,KW-ALIAS-CLICK,manual,from step splitting parser v1; prefill_v1:ui_action_click,manual_only,tap,settings_button,pending,pending,pending,pending
CCU-232090-1,CCU-232090-1-S1,CCU-232090,1,1,長按面板 SELECT 按鈕 設定 WATER HEATER ELECTRIC 按鈕 OFF,WATER HEATER ELECTRIC 按鈕 OFF,index_aligned,unmapped,KW-ALIAS-CLICK,manual,from step splitting parser v1; prefill_v1:ui_action_click,manual_only,tap,settings_button,pending,pending,pending,pending
CCU-232091-1,CCU-232091-1-S1,CCU-232091,1,1,長按面板 SELECT 按鈕 WATER HEATER GAS 按鈕 OFF,WATER HEATER GAS 按鈕 OFF,index_aligned,unmapped,KW-ALIAS-CLICK,manual,from step splitting parser v1; prefill_v1:ui_action_click,manual_only,tap,todo_alias,pending,pending,pending,pending
CCU-232092-1,CCU-232092-1-S1,CCU-232092,1,1,長按面板 SELECT 按鈕 設定 LIGHT1 按鈕 OFF,LIGHT1 按鈕 OFF,index_aligned,unmapped,KW-ALIAS-CLICK,manual,from step splitting parser v1; prefill_v1:ui_action_click,manual_only,tap,settings_button,pending,pending,pending,pending
CCU-232093-1,CCU-232093-1-S1,CCU-232093,1,1,長按面板 SELECT 按鈕 設定 LIGHT2 按鈕 OFF,LIGHT2 按鈕 OFF,index_aligned,unmapped,KW-ALIAS-CLICK,manual,from step splitting parser v1; prefill_v1:ui_action_click,manual_only,tap,settings_button,pending,pending,pending,pending
CCU-232094-1,CCU-232094-1-S1,CCU-232094,1,1,長按面板 SELECT 按鈕 設定 LIGHT3 按鈕 OFF,LIGHT3 按鈕 OFF,index_aligned,unmapped,KW-ALIAS-CLICK,manual,from step splitting parser v1; prefill_v1:ui_action_click,manual_only,tap,settings_button,pending,pending,pending,pending
CCU-232095-1,CCU-232095-1-S1,CCU-232095,1,1,長按面板 SELECT 按鈕 設定 LIGHT4 按鈕 OFF,LIGHT4 按鈕 OFF,index_aligned,unmapped,KW-ALIAS-CLICK,manual,from step splitting parser v1; prefill_v1:ui_action_click,manual_only,tap,settings_button,pending,pending,pending,pending
CCU-232096-1,CCU-232096-1-S1,CCU-232096,1,1,長按面板 SELECT 按鈕 設定 LIGHT5 按鈕 OFF,LIGHT5 按鈕 OFF,index_aligned,unmapped,KW-ALIAS-CLICK,manual,from step splitting parser v1; prefill_v1:ui_action_click,manual_only,tap,settings_button,pending,pending,pending,pending
CCU-232097-1,CCU-232097-1-S1,CCU-232097,1,1,長按面板 SELECT 按鈕 設定 LIGHT6 按鈕 OFF,LIGHT6 按鈕 OFF,index_aligned,unmapped,KW-ALIAS-CLICK,manual,from step splitting parser v1; prefill_v1:ui_action_click,manual_only,tap,settings_button,pending,pending,pending,pending
CCU-232098-1,CCU-232098-1-S1,CCU-232098,1,1,長按面板 SELECT 按鈕 設定 LIGHT7 按鈕 OFF,LIGHT7 按鈕 OFF,index_aligned,unmapped,KW-ALIAS-CLICK,manual,from step splitting parser v1; prefill_v1:ui_action_click,manual_only,tap,settings_button,pending,pending,pending,pending
CCU-232099-1,CCU-232099-1-S1,CCU-232099,1,1,長按面板 SELECT 按鈕 設定 LIGHT8 按鈕 OFF,LIGHT8 按鈕 OFF,index_aligned,unmapped,KW-ALIAS-CLICK,manual,from step splitting parser v1; prefill_v1:ui_action_click,manual_only,tap,settings_button,pending,pending,pending,pending
CCU-232100-1,CCU-232100-1-S1,CCU-232100,1,1,長按面板 SELECT 按鈕 設定 CLIMATE CONTROL 按鈕 OFF,CLIMATE CONTROL 按鈕 OFF,index_aligned,unmapped,KW-ALIAS-CLICK,manual,from step splitting parser v1; prefill_v1:ui_action_click,manual_only,tap,settings_button,pending,pending,pending,pending
CCU-232101-1,CCU-232101-1-S1,CCU-232101,1,1,長按面板 SELECT 按鈕 設定 AWNING1 按鈕 OFF,AWNING1 按鈕 OFF,index_aligned,unmapped,KW-ALIAS-CLICK,manual,from step splitting parser v1; prefill_v1:ui_action_click,manual_only,tap,settings_button,pending,pending,pending,pending
CCU-232102-1,CCU-232102-1-S1,CCU-232102,1,1,長按面板 SELECT 按鈕 設定 AWNING2 按鈕 OFF,AWNING2 按鈕 OFF,index_aligned,unmapped,KW-ALIAS-CLICK,manual,from step splitting parser v1; prefill_v1:ui_action_click,manual_only,tap,settings_button,pending,pending,pending,pending
CCU-232103-1,CCU-232103-1-S1,CCU-232103,1,1,長按面板 SELECT 按鈕 設定 SLIDE1 按鈕 OFF,SLIDE1 按鈕 OFF,index_aligned,unmapped,KW-ALIAS-CLICK,manual,from step splitting parser v1; prefill_v1:ui_action_click,manual_only,tap,settings_button,pending,pending,pending,pending
CCU-232104-1,CCU-232104-1-S1,CCU-232104,1,1,長按面板 SELECT 按鈕 設定 SLIDE2 按鈕 OFF,SLIDE2 按鈕 OFF,index_aligned,unmapped,KW-ALIAS-CLICK,manual,from step splitting parser v1; prefill_v1:ui_action_click,manual_only,tap,settings_button,pending,pending,pending,pending
CCU-232105-1,CCU-232105-1-S1,CCU-232105,1,1,長按面板 SELECT 按鈕 設定 SLIDE3 按鈕 OFF,SLIDE3 按鈕 OFF,index_aligned,unmapped,KW-ALIAS-CLICK,manual,from step splitting parser v1; prefill_v1:ui_action_click,manual_only,tap,settings_button,pending,pending,pending,pending
CCU-232106-1,CCU-232106-1-S1,CCU-232106,1,1,長按面板 SELECT 按鈕 設定 SLIDE4 按鈕 OFF,SLIDE4 按鈕 OFF,index_aligned,unmapped,KW-ALIAS-CLICK,manual,from step splitting parser v1; prefill_v1:ui_action_click,manual_only,tap,settings_button,pending,pending,pending,pending
CCU-232107-1,CCU-232107-1-S1,CCU-232107,1,1,長按面板 SELECT 按鈕 設定 SLIDE5 按鈕 OFF,SLIDE5 按鈕 OFF,index_aligned,unmapped,KW-ALIAS-CLICK,manual,from step splitting parser v1; prefill_v1:ui_action_click,manual_only,tap,settings_button,pending,pending,pending,pending
CCU-232108-1,CCU-232108-1-S1,CCU-232108,1,1,查看 APP,APP FRIDGE 無顯示,index_aligned,manual_only,KW-ALIAS-CHECK,manual,from step splitting parser v1; prefill_v1:ui_or_device_check,manual_only,tap,todo_alias,pending,pending,pending,pending
CCU-232109-1,CCU-232109-1-S1,CCU-232109,1,1,查看 APP,APP WATER PUMP 無顯示,index_aligned,manual_only,KW-ALIAS-CHECK,manual,from step splitting parser v1; prefill_v1:ui_or_device_check,manual_only,tap,todo_alias,pending,pending,pending,pending
CCU-232110-1,CCU-232110-1-S1,CCU-232110,1,1,查看 APP,TANK HEATER 無顯示,index_aligned,manual_only,KW-ALIAS-CHECK,manual,from step splitting parser v1; prefill_v1:ui_or_device_check,manual_only,tap,todo_alias,pending,pending,pending,pending
CCU-232111-1,CCU-232111-1-S1,CCU-232111,1,1,查看 APP,DOOR LOCK 無顯示,index_aligned,manual_only,KW-ALIAS-CHECK,manual,from step splitting parser v1; prefill_v1:ui_or_device_check,manual_only,tap,todo_alias,pending,pending,pending,pending
CCU-232112-1,CCU-232112-1-S1,CCU-232112,1,1,查看 APP,APP AUX1 無顯示,index_aligned,manual_only,KW-ALIAS-CHECK,manual,from step splitting parser v1; prefill_v1:ui_or_device_check,manual_only,tap,todo_alias,pending,pending,pending,pending
CCU-232113-1,CCU-232113-1-S1,CCU-232113,1,1,查看 APP,APP AUX2 無顯示,index_aligned,manual_only,KW-ALIAS-CHECK,manual,from step splitting parser v1; prefill_v1:ui_or_device_check,manual_only,tap,todo_alias,pending,pending,pending,pending
CCU-232114-1,CCU-232114-1-S1,CCU-232114,1,1,查看 APP,APP WATER HEATER ELECTRIC 無顯示,index_aligned,manual_only,KW-ALIAS-CHECK,manual,from step splitting parser v1; prefill_v1:ui_or_device_check,manual_only,tap,todo_alias,pending,pending,pending,pending
CCU-232115-1,CCU-232115-1-S1,CCU-232115,1,1,查看 APP,APP WATER HEATER GAS 無顯示,index_aligned,manual_only,KW-ALIAS-CHECK,manual,from step splitting parser v1; prefill_v1:ui_or_device_check,manual_only,tap,todo_alias,pending,pending,pending,pending
CCU-232116-1,CCU-232116-1-S1,CCU-232116,1,1,查看 APP,APP LIGHT1 無顯示,index_aligned,manual_only,KW-ALIAS-CHECK,manual,from step splitting parser v1; prefill_v1:ui_or_device_check,manual_only,tap,todo_alias,pending,pending,pending,pending
CCU-232117-1,CCU-232117-1-S1,CCU-232117,1,1,查看 APP,APP LIGHT2 無顯示,index_aligned,manual_only,KW-ALIAS-CHECK,manual,from step splitting parser v1; prefill_v1:ui_or_device_check,manual_only,tap,todo_alias,pending,pending,pending,pending
CCU-232118-1,CCU-232118-1-S1,CCU-232118,1,1,查看 APP,APP LIGHT3 無顯示,index_aligned,manual_only,KW-ALIAS-CHECK,manual,from step splitting parser v1; prefill_v1:ui_or_device_check,manual_only,tap,todo_alias,pending,pending,pending,pending
CCU-232119-1,CCU-232119-1-S1,CCU-232119,1,1,查看 APP,APP LIGHT4 無顯示,index_aligned,manual_only,KW-ALIAS-CHECK,manual,from step splitting parser v1; prefill_v1:ui_or_device_check,manual_only,tap,todo_alias,pending,pending,pending,pending
CCU-232120-1,CCU-232120-1-S1,CCU-232120,1,1,查看 APP,APP LIGHT5 無顯示,index_aligned,manual_only,KW-ALIAS-CHECK,manual,from step splitting parser v1; prefill_v1:ui_or_device_check,manual_only,tap,todo_alias,pending,pending,pending,pending
CCU-232121-1,CCU-232121-1-S1,CCU-232121,1,1,查看 APP,APP LIGHT6 無顯示,index_aligned,manual_only,KW-ALIAS-CHECK,manual,from step splitting parser v1; prefill_v1:ui_or_device_check,manual_only,tap,todo_alias,pending,pending,pending,pending
CCU-232122-1,CCU-232122-1-S1,CCU-232122,1,1,查看 APP,APP LIGHT7 無顯示,index_aligned,manual_only,KW-ALIAS-CHECK,manual,from step splitting parser v1; prefill_v1:ui_or_device_check,manual_only,tap,todo_alias,pending,pending,pending,pending
CCU-232123-1,CCU-232123-1-S1,CCU-232123,1,1,查看 APP,APP LIGHT8 無顯示,index_aligned,manual_only,KW-ALIAS-CHECK,manual,from step splitting parser v1; prefill_v1:ui_or_device_check,manual_only,tap,todo_alias,pending,pending,pending,pending
CCU-232124-1,CCU-232124-1-S1,CCU-232124,1,1,查看 APP,APP CLIMATE CONTROL 無顯示,index_aligned,manual_only,KW-ALIAS-CHECK,manual,from step splitting parser v1; prefill_v1:ui_or_device_check,manual_only,tap,todo_alias,pending,pending,pending,pending
CCU-232125-1,CCU-232125-1-S1,CCU-232125,1,1,查看 APP,APP AWNING1 無顯示,index_aligned,manual_only,KW-ALIAS-CHECK,manual,from step splitting parser v1; prefill_v1:ui_or_device_check,manual_only,tap,todo_alias,pending,pending,pending,pending
CCU-232126-1,CCU-232126-1-S1,CCU-232126,1,1,查看 APP,APP AWNING2 無顯示,index_aligned,manual_only,KW-ALIAS-CHECK,manual,from step splitting parser v1; prefill_v1:ui_or_device_check,manual_only,tap,todo_alias,pending,pending,pending,pending
CCU-232127-1,CCU-232127-1-S1,CCU-232127,1,1,查看 APP,APP SLIDE1 無顯示,index_aligned,manual_only,KW-ALIAS-CHECK,manual,from step splitting parser v1; prefill_v1:ui_or_device_check,manual_only,tap,todo_alias,pending,pending,pending,pending
CCU-232128-1,CCU-232128-1-S1,CCU-232128,1,1,查看 APP,APP SLIDE2 無顯示,index_aligned,manual_only,KW-ALIAS-CHECK,manual,from step splitting parser v1; prefill_v1:ui_or_device_check,manual_only,tap,todo_alias,pending,pending,pending,pending
CCU-232129-1,CCU-232129-1-S1,CCU-232129,1,1,查看 APP,APP SLIDE3 無顯示,index_aligned,manual_only,KW-ALIAS-CHECK,manual,from step splitting parser v1; prefill_v1:ui_or_device_check,manual_only,tap,todo_alias,pending,pending,pending,pending
CCU-232130-1,CCU-232130-1-S1,CCU-232130,1,1,查看 APP,APP SLIDE4 無顯示,index_aligned,manual_only,KW-ALIAS-CHECK,manual,from step splitting parser v1; prefill_v1:ui_or_device_check,manual_only,tap,todo_alias,pending,pending,pending,pending
CCU-232131-1,CCU-232131-1-S1,CCU-232131,1,1,查看 APP,APP SLIDE5 無顯示,index_aligned,manual_only,KW-ALIAS-CHECK,manual,from step splitting parser v1; prefill_v1:ui_or_device_check,manual_only,tap,todo_alias,pending,pending,pending,pending
CCU-210201-1,CCU-210201-1-S1,CCU-210201,1,1,步驟 1: power on device | 預期結果: MIC LED Green display normally,測試通過,index_aligned,unmapped,KW-ALIAS-DEVICE-STATE,manual,from step splitting parser v1; prefill_v2:device_state,manual_only,tap,todo_alias,pending,pending,pending,pending
CCU-210202-1,CCU-210202-1-S1,CCU-210202,1,1,enter setting,setting page display normally,index_aligned,unmapped,,,from step splitting parser v1,unmapped,input,todo_alias,pending,pending,pending,pending
CCU-210202-2,CCU-210202-2-S1,CCU-210202,2,1,setting scan,scan normally,index_aligned,unmapped,,,from step splitting parser v1,unmapped,tap,scan_button,pending,pending,pending,pending
CCU-231419-1,CCU-231419-1-S1,CCU-231419,1,1,實體線路操作水位偵測地線放入水瓶中,LCD FRESH 水位在高,expected_attached_to_first,unmapped,KW-ALIAS-DEVICE-WIRING,manual,from step splitting parser v1; prefill_v2:device_wiring,manual_only,tap,todo_alias,pending,pending,pending,pending
CCU-231419-1,CCU-231419-1-S2,CCU-231419,1,2,實體線路操作水位偵測橘色線路放進水瓶中,,expected_attached_to_first,unmapped,KW-ALIAS-DEVICE-WIRING,manual,from step splitting parser v1; prefill_v2:device_wiring,manual_only,tap,todo_alias,pending,pending,pending,pending
CCU-231420-1,CCU-231420-1-S1,CCU-231420,1,1,實體線路操作水位偵測地線放入水瓶中,LCD FRESH 水位在中,expected_attached_to_first,unmapped,KW-ALIAS-DEVICE-WIRING,manual,from step splitting parser v1; prefill_v2:device_wiring,manual_only,tap,todo_alias,pending,pending,pending,pending
CCU-231420-1,CCU-231420-1-S2,CCU-231420,1,2,實體線路操作水位偵測綠色線路放進水瓶中,,expected_attached_to_first,unmapped,KW-ALIAS-DEVICE-WIRING,manual,from step splitting parser v1; prefill_v2:device_wiring,manual_only,tap,todo_alias,pending,pending,pending,pending
CCU-231421-1,CCU-231421-1-S1,CCU-231421,1,1,實體線路操作水位偵測地線放入水瓶中,LCD FRESH 水位在低,expected_attached_to_first,unmapped,KW-ALIAS-DEVICE-WIRING,manual,from step splitting parser v1; prefill_v2:device_wiring,manual_only,tap,todo_alias,pending,pending,pending,pending
CCU-231421-1,CCU-231421-1-S2,CCU-231421,1,2,實體線路操作水位偵測黃色線路放進水瓶中,,expected_attached_to_first,unmapped,KW-ALIAS-DEVICE-WIRING,manual,from step splitting parser v1; prefill_v2:device_wiring,manual_only,tap,todo_alias,pending,pending,pending,pending
CCU-231422-1,CCU-231422-1-S1,CCU-231422,1,1,實體線路操作水位偵測地線放入水瓶中,LCD FRESH 水位是空的顯示 [ empty ],index_aligned,unmapped,KW-ALIAS-DEVICE-WIRING,manual,from step splitting parser v1; prefill_v2:device_wiring,manual_only,tap,todo_alias,pending,pending,pending,pending
CCU-231423-1,CCU-231423-1-S1,CCU-231423,1,1,實體線路操作水位偵測地線放入水瓶中,Android FRESH 水位在高,expected_attached_to_first,unmapped,KW-ALIAS-DEVICE-WIRING,manual,from step splitting parser v1; prefill_v2:device_wiring,manual_only,tap,todo_alias,pending,pending,pending,pending
CCU-231423-1,CCU-231423-1-S2,CCU-231423,1,2,實體線路操作水位偵測橘色線路放進水瓶中,,expected_attached_to_first,unmapped,KW-ALIAS-DEVICE-WIRING,manual,from step splitting parser v1; prefill_v2:device_wiring,manual_only,tap,todo_alias,pending,pending,pending,pending
CCU-231424-1,CCU-231424-1-S1,CCU-231424,1,1,實體線路操作水位偵測地線放入水瓶中,Android FRESH 水位在中,expected_attached_to_first,unmapped,KW-ALIAS-DEVICE-WIRING,manual,from step splitting parser v1; prefill_v2:device_wiring,manual_only,tap,todo_alias,pending,pending,pending,pending
CCU-231424-1,CCU-231424-1-S2,CCU-231424,1,2,實體線路操作水位偵測綠色線路放進水瓶中,,expected_attached_to_first,unmapped,KW-ALIAS-DEVICE-WIRING,manual,from step splitting parser v1; prefill_v2:device_wiring,manual_only,tap,todo_alias,pending,pending,pending,pending
CCU-231425-1,CCU-231425-1-S1,CCU-231425,1,1,實體線路操作水位偵測地線放入水瓶中,Android FRESH 水位在低,expected_attached_to_first,unmapped,KW-ALIAS-DEVICE-WIRING,manual,from step splitting parser v1; prefill_v2:device_wiring,manual_only,tap,todo_alias,pending,pending,pending,pending
CCU-231425-1,CCU-231425-1-S2,CCU-231425,1,2,實體線路操作水位偵測黃色線路放進水瓶中,,expected_attached_to_first,unmapped,KW-ALIAS-DEVICE-WIRING,manual,from step splitting parser v1; prefill_v2:device_wiring,manual_only,tap,todo_alias,pending,pending,pending,pending
CCU-231426-1,CCU-231426-1-S1,CCU-231426,1,1,實體線路操作水位偵測地線放入水瓶中,Android FRESH 水位是空的顯示 [ empty ],index_aligned,unmapped,KW-ALIAS-DEVICE-WIRING,manual,from step splitting parser v1; prefill_v2:device_wiring,manual_only,tap,todo_alias,pending,pending,pending,pending
CCU-231427-1,CCU-231427-1-S1,CCU-231427,1,1,實體線路操作水位偵測地線放入水瓶中,iOS FRESH 水位在高,expected_attached_to_first,unmapped,KW-ALIAS-DEVICE-WIRING,manual,from step splitting parser v1; prefill_v2:device_wiring,manual_only,tap,todo_alias,pending,pending,pending,pending
CCU-231427-1,CCU-231427-1-S2,CCU-231427,1,2,實體線路操作水位偵測橘色線路放進水瓶中,,expected_attached_to_first,unmapped,KW-ALIAS-DEVICE-WIRING,manual,from step splitting parser v1; prefill_v2:device_wiring,manual_only,tap,todo_alias,pending,pending,pending,pending
CCU-231428-1,CCU-231428-1-S1,CCU-231428,1,1,實體線路操作水位偵測地線放入水瓶中,iOS FRESH 水位在中,expected_attached_to_first,unmapped,KW-ALIAS-DEVICE-WIRING,manual,from step splitting parser v1; prefill_v2:device_wiring,manual_only,tap,todo_alias,pending,pending,pending,pending
CCU-231428-1,CCU-231428-1-S2,CCU-231428,1,2,實體線路操作水位偵測綠色線路放進水瓶中,,expected_attached_to_first,unmapped,KW-ALIAS-DEVICE-WIRING,manual,from step splitting parser v1; prefill_v2:device_wiring,manual_only,tap,todo_alias,pending,pending,pending,pending
CCU-231429-1,CCU-231429-1-S1,CCU-231429,1,1,實體線路操作水位偵測地線放入水瓶中,iOS FRESH 水位在低,expected_attached_to_first,unmapped,KW-ALIAS-DEVICE-WIRING,manual,from step splitting parser v1; prefill_v2:device_wiring,manual_only,tap,todo_alias,pending,pending,pending,pending
CCU-231429-1,CCU-231429-1-S2,CCU-231429,1,2,實體線路操作水位偵測黃色線路放進水瓶中,,expected_attached_to_first,unmapped,KW-ALIAS-DEVICE-WIRING,manual,from step splitting parser v1; prefill_v2:device_wiring,manual_only,tap,todo_alias,pending,pending,pending,pending
CCU-231430-1,CCU-231430-1-S1,CCU-231430,1,1,實體線路操作水位偵測地線放入水瓶中,iOS FRESH 水位是空的顯示 [ empty ],index_aligned,unmapped,KW-ALIAS-DEVICE-WIRING,manual,from step splitting parser v1; prefill_v2:device_wiring,manual_only,tap,todo_alias,pending,pending,pending,pending
CCU-231491-1,CCU-231491-1-S1,CCU-231491,1,1,實體線路操作水位偵測地線放入水瓶中,面板 FRESH 水位在高 [ 藍色燈 ],expected_attached_to_first,unmapped,KW-ALIAS-DEVICE-WIRING,manual,from step splitting parser v1; prefill_v2:device_wiring,manual_only,tap,todo_alias,pending,pending,pending,pending
CCU-231491-1,CCU-231491-1-S2,CCU-231491,1,2,實體線路操作水位偵測橘色線路放進水瓶中,,expected_attached_to_first,unmapped,KW-ALIAS-DEVICE-WIRING,manual,from step splitting parser v1; prefill_v2:device_wiring,manual_only,tap,todo_alias,pending,pending,pending,pending
CCU-231492-1,CCU-231492-1-S1,CCU-231492,1,1,實體線路操作水位偵測地線放入水瓶中,面板 FRESH 水位在中 [ 藍色燈 ],expected_attached_to_first,unmapped,KW-ALIAS-DEVICE-WIRING,manual,from step splitting parser v1; prefill_v2:device_wiring,manual_only,tap,todo_alias,pending,pending,pending,pending
CCU-231492-1,CCU-231492-1-S2,CCU-231492,1,2,實體線路操作水位偵測綠色線路放進水瓶中,,expected_attached_to_first,unmapped,KW-ALIAS-DEVICE-WIRING,manual,from step splitting parser v1; prefill_v2:device_wiring,manual_only,tap,todo_alias,pending,pending,pending,pending
CCU-231493-1,CCU-231493-1-S1,CCU-231493,1,1,實體線路操作水位偵測地線放入水瓶中,面板 FRESH 水位在低 [ 藍色燈 ],expected_attached_to_first,unmapped,KW-ALIAS-DEVICE-WIRING,manual,from step splitting parser v1; prefill_v2:device_wiring,manual_only,tap,todo_alias,pending,pending,pending,pending
CCU-231493-1,CCU-231493-1-S2,CCU-231493,1,2,實體線路操作水位偵測黃色線路放進水瓶中,,expected_attached_to_first,unmapped,KW-ALIAS-DEVICE-WIRING,manual,from step splitting parser v1; prefill_v2:device_wiring,manual_only,tap,todo_alias,pending,pending,pending,pending
CCU-231494-1,CCU-231494-1-S1,CCU-231494,1,1,實體線路操作水位偵測地線放入水瓶中,面板 FRESH 水位是空的顯示 [ 紅色燈 ],index_aligned,unmapped,KW-ALIAS-DEVICE-WIRING,manual,from step splitting parser v1; prefill_v2:device_wiring,manual_only,tap,todo_alias,pending,pending,pending,pending
CCU-231431-1,CCU-231431-1-S1,CCU-231431,1,1,實體線路操作水位偵測地線放入水瓶中,APP GRAY_1 水位在高 顯示 Full,expected_attached_to_first,unmapped,KW-ALIAS-DEVICE-WIRING,manual,from step splitting parser v1; prefill_v2:device_wiring,manual_only,tap,todo_alias,pending,pending,pending,pending
CCU-231431-1,CCU-231431-1-S2,CCU-231431,1,2,實體線路操作水位偵測橘色線路放進水瓶中,,expected_attached_to_first,unmapped,KW-ALIAS-DEVICE-WIRING,manual,from step splitting parser v1; prefill_v2:device_wiring,manual_only,tap,todo_alias,pending,pending,pending,pending
CCU-231432-1,CCU-231432-1-S1,CCU-231432,1,1,實體線路操作水位偵測地線放入水瓶中,LCD GRAY_1 水位在高,expected_attached_to_first,unmapped,KW-ALIAS-DEVICE-WIRING,manual,from step splitting parser v1; prefill_v2:device_wiring,manual_only,tap,todo_alias,pending,pending,pending,pending
CCU-231432-1,CCU-231432-1-S2,CCU-231432,1,2,實體線路操作水位偵測橘色線路放進水瓶中,,expected_attached_to_first,unmapped,KW-ALIAS-DEVICE-WIRING,manual,from step splitting parser v1; prefill_v2:device_wiring,manual_only,tap,todo_alias,pending,pending,pending,pending
CCU-231433-1,CCU-231433-1-S1,CCU-231433,1,1,實體線路操作水位偵測地線放入水瓶中,LCD GRAY_1 水位在中,expected_attached_to_first,unmapped,KW-ALIAS-DEVICE-WIRING,manual,from step splitting parser v1; prefill_v2:device_wiring,manual_only,tap,todo_alias,pending,pending,pending,pending
CCU-231433-1,CCU-231433-1-S2,CCU-231433,1,2,實體線路操作水位偵測綠色線路放進水瓶中,,expected_attached_to_first,unmapped,KW-ALIAS-DEVICE-WIRING,manual,from step splitting parser v1; prefill_v2:device_wiring,manual_only,tap,todo_alias,pending,pending,pending,pending
CCU-231434-1,CCU-231434-1-S1,CCU-231434,1,1,實體線路操作水位偵測地線放入水瓶中,LCD GRAY_1 水位在低,expected_attached_to_first,unmapped,KW-ALIAS-DEVICE-WIRING,manual,from step splitting parser v1; prefill_v2:device_wiring,manual_only,tap,todo_alias,pending,pending,pending,pending
CCU-231434-1,CCU-231434-1-S2,CCU-231434,1,2,實體線路操作水位偵測黃色線路放進水瓶中,,expected_attached_to_first,unmapped,KW-ALIAS-DEVICE-WIRING,manual,from step splitting parser v1; prefill_v2:device_wiring,manual_only,tap,todo_alias,pending,pending,pending,pending
CCU-231435-1,CCU-231435-1-S1,CCU-231435,1,1,實體線路操作水位偵測地線放入水瓶中,Android GRAY_1 水位在高 顯示 Full,expected_attached_to_first,unmapped,KW-ALIAS-DEVICE-WIRING,manual,from step splitting parser v1; prefill_v2:device_wiring,manual_only,tap,todo_alias,pending,pending,pending,pending
CCU-231435-1,CCU-231435-1-S2,CCU-231435,1,2,實體線路操作水位偵測橘色線路放進水瓶中,,expected_attached_to_first,unmapped,KW-ALIAS-DEVICE-WIRING,manual,from step splitting parser v1; prefill_v2:device_wiring,manual_only,tap,todo_alias,pending,pending,pending,pending
CCU-231436-1,CCU-231436-1-S1,CCU-231436,1,1,實體線路操作水位偵測地線放入水瓶中,Android GRAY_1 水位在高,expected_attached_to_first,unmapped,KW-ALIAS-DEVICE-WIRING,manual,from step splitting parser v1; prefill_v2:device_wiring,manual_only,tap,todo_alias,pending,pending,pending,pending
CCU-231436-1,CCU-231436-1-S2,CCU-231436,1,2,實體線路操作水位偵測橘色線路放進水瓶中,,expected_attached_to_first,unmapped,KW-ALIAS-DEVICE-WIRING,manual,from step splitting parser v1; prefill_v2:device_wiring,manual_only,tap,todo_alias,pending,pending,pending,pending
CCU-231437-1,CCU-231437-1-S1,CCU-231437,1,1,實體線路操作水位偵測地線放入水瓶中,Android GRAY_1 水位在中,expected_attached_to_first,unmapped,KW-ALIAS-DEVICE-WIRING,manual,from step splitting parser v1; prefill_v2:device_wiring,manual_only,tap,todo_alias,pending,pending,pending,pending
CCU-231437-1,CCU-231437-1-S2,CCU-231437,1,2,實體線路操作水位偵測綠色線路放進水瓶中,,expected_attached_to_first,unmapped,KW-ALIAS-DEVICE-WIRING,manual,from step splitting parser v1; prefill_v2:device_wiring,manual_only,tap,todo_alias,pending,pending,pending,pending
CCU-231438-1,CCU-231438-1-S1,CCU-231438,1,1,實體線路操作水位偵測地線放入水瓶中,Android GRAY_1 水位在低,expected_attached_to_first,unmapped,KW-ALIAS-DEVICE-WIRING,manual,from step splitting parser v1; prefill_v2:device_wiring,manual_only,tap,todo_alias,pending,pending,pending,pending
CCU-231438-1,CCU-231438-1-S2,CCU-231438,1,2,實體線路操作水位偵測黃色線路放進水瓶中,,expected_attached_to_first,unmapped,KW-ALIAS-DEVICE-WIRING,manual,from step splitting parser v1; prefill_v2:device_wiring,manual_only,tap,todo_alias,pending,pending,pending,pending
CCU-231439-1,CCU-231439-1-S1,CCU-231439,1,1,實體線路操作水位偵測地線放入水瓶中,iOS GRAY_1 水位在高 顯示 Full,expected_attached_to_first,unmapped,KW-ALIAS-DEVICE-WIRING,manual,from step splitting parser v1; prefill_v2:device_wiring,manual_only,tap,todo_alias,pending,pending,pending,pending
CCU-231439-1,CCU-231439-1-S2,CCU-231439,1,2,實體線路操作水位偵測橘色線路放進水瓶中,,expected_attached_to_first,unmapped,KW-ALIAS-DEVICE-WIRING,manual,from step splitting parser v1; prefill_v2:device_wiring,manual_only,tap,todo_alias,pending,pending,pending,pending
CCU-231440-1,CCU-231440-1-S1,CCU-231440,1,1,實體線路操作水位偵測地線放入水瓶中,iOS GRAY_1 水位在高,expected_attached_to_first,unmapped,KW-ALIAS-DEVICE-WIRING,manual,from step splitting parser v1; prefill_v2:device_wiring,manual_only,tap,todo_alias,pending,pending,pending,pending
CCU-231440-1,CCU-231440-1-S2,CCU-231440,1,2,實體線路操作水位偵測橘色線路放進水瓶中,,expected_attached_to_first,unmapped,KW-ALIAS-DEVICE-WIRING,manual,from step splitting parser v1; prefill_v2:device_wiring,manual_only,tap,todo_alias,pending,pending,pending,pending
CCU-231441-1,CCU-231441-1-S1,CCU-231441,1,1,實體線路操作水位偵測地線放入水瓶中,iOS GRAY_1 水位在中,expected_attached_to_first,unmapped,KW-ALIAS-DEVICE-WIRING,manual,from step splitting parser v1; prefill_v2:device_wiring,manual_only,tap,todo_alias,pending,pending,pending,pending
CCU-231441-1,CCU-231441-1-S2,CCU-231441,1,2,實體線路操作水位偵測綠色線路放進水瓶中,,expected_attached_to_first,unmapped,KW-ALIAS-DEVICE-WIRING,manual,from step splitting parser v1; prefill_v2:device_wiring,manual_only,tap,todo_alias,pending,pending,pending,pending
CCU-231442-1,CCU-231442-1-S1,CCU-231442,1,1,實體線路操作水位偵測地線放入水瓶中,iOS GRAY_1 水位在低,expected_attached_to_first,unmapped,KW-ALIAS-DEVICE-WIRING,manual,from step splitting parser v1; prefill_v2:device_wiring,manual_only,tap,todo_alias,pending,pending,pending,pending
CCU-231442-1,CCU-231442-1-S2,CCU-231442,1,2,實體線路操作水位偵測黃色線路放進水瓶中,,expected_attached_to_first,unmapped,KW-ALIAS-DEVICE-WIRING,manual,from step splitting parser v1; prefill_v2:device_wiring,manual_only,tap,todo_alias,pending,pending,pending,pending
CCU-231496-1,CCU-231496-1-S1,CCU-231496,1,1,實體線路操作水位偵測地線放入水瓶中,面板 GRAY_1 水位在高 [ 紅色燈 ],expected_attached_to_first,unmapped,KW-ALIAS-DEVICE-WIRING,manual,from step splitting parser v1; prefill_v2:device_wiring,manual_only,tap,todo_alias,pending,pending,pending,pending
CCU-231496-1,CCU-231496-1-S2,CCU-231496,1,2,實體線路操作水位偵測橘色線路放進水瓶中,,expected_attached_to_first,unmapped,KW-ALIAS-DEVICE-WIRING,manual,from step splitting parser v1; prefill_v2:device_wiring,manual_only,tap,todo_alias,pending,pending,pending,pending
CCU-231497-1,CCU-231497-1-S1,CCU-231497,1,1,實體線路操作水位偵測地線放入水瓶中,面板 GRAY_1 水位在中 [ 藍色燈 ],expected_attached_to_first,unmapped,KW-ALIAS-DEVICE-WIRING,manual,from step splitting parser v1; prefill_v2:device_wiring,manual_only,tap,todo_alias,pending,pending,pending,pending
CCU-231497-1,CCU-231497-1-S2,CCU-231497,1,2,實體線路操作水位偵測綠色線路放進水瓶中,,expected_attached_to_first,unmapped,KW-ALIAS-DEVICE-WIRING,manual,from step splitting parser v1; prefill_v2:device_wiring,manual_only,tap,todo_alias,pending,pending,pending,pending
CCU-231498-1,CCU-231498-1-S1,CCU-231498,1,1,實體線路操作水位偵測地線放入水瓶中,面板 GRAY_1 水位在低 [ 藍色燈 ],expected_attached_to_first,unmapped,KW-ALIAS-DEVICE-WIRING,manual,from step splitting parser v1; prefill_v2:device_wiring,manual_only,tap,todo_alias,pending,pending,pending,pending
CCU-231498-1,CCU-231498-1-S2,CCU-231498,1,2,實體線路操作水位偵測黃色線路放進水瓶中,,expected_attached_to_first,unmapped,KW-ALIAS-DEVICE-WIRING,manual,from step splitting parser v1; prefill_v2:device_wiring,manual_only,tap,todo_alias,pending,pending,pending,pending
CCU-231499-1,CCU-231499-1-S1,CCU-231499,1,1,實體線路操作水位偵測地線放入水瓶中,面板 GRAY_1 水位是空的顯示 [ 藍色燈 ],index_aligned,unmapped,KW-ALIAS-DEVICE-WIRING,manual,from step splitting parser v1; prefill_v2:device_wiring,manual_only,tap,todo_alias,pending,pending,pending,pending
CCU-231443-1,CCU-231443-1-S1,CCU-231443,1,1,實體線路操作水位偵測地線放入水瓶中,LCD BLACK_1 水位在高 顯示 Full,expected_attached_to_first,unmapped,KW-ALIAS-DEVICE-WIRING,manual,from step splitting parser v1; prefill_v2:device_wiring,manual_only,tap,todo_alias,pending,pending,pending,pending
CCU-231443-1,CCU-231443-1-S2,CCU-231443,1,2,實體線路操作水位偵測橘色線路放進水瓶中,,expected_attached_to_first,unmapped,KW-ALIAS-DEVICE-WIRING,manual,from step splitting parser v1; prefill_v2:device_wiring,manual_only,tap,todo_alias,pending,pending,pending,pending
CCU-231444-1,CCU-231444-1-S1,CCU-231444,1,1,實體線路操作水位偵測地線放入水瓶中,LCD BLACK_1 水位在高,expected_attached_to_first,unmapped,KW-ALIAS-DEVICE-WIRING,manual,from step splitting parser v1; prefill_v2:device_wiring,manual_only,tap,todo_alias,pending,pending,pending,pending
CCU-231444-1,CCU-231444-1-S2,CCU-231444,1,2,實體線路操作水位偵測橘色線路放進水瓶中,,expected_attached_to_first,unmapped,KW-ALIAS-DEVICE-WIRING,manual,from step splitting parser v1; prefill_v2:device_wiring,manual_only,tap,todo_alias,pending,pending,pending,pending
CCU-231445-1,CCU-231445-1-S1,CCU-231445,1,1,實體線路操作水位偵測地線放入水瓶中,LCD BLACK_1 水位在中,expected_attached_to_first,unmapped,KW-ALIAS-DEVICE-WIRING,manual,from step splitting parser v1; prefill_v2:device_wiring,manual_only,tap,todo_alias,pending,pending,pending,pending
CCU-231445-1,CCU-231445-1-S2,CCU-231445,1,2,實體線路操作水位偵測綠色線路放進水瓶中,,expected_attached_to_first,unmapped,KW-ALIAS-DEVICE-WIRING,manual,from step splitting parser v1; prefill_v2:device_wiring,manual_only,tap,todo_alias,pending,pending,pending,pending
CCU-231446-1,CCU-231446-1-S1,CCU-231446,1,1,實體線路操作水位偵測地線放入水瓶中,LCD BLACK_1 水位在低,expected_attached_to_first,unmapped,KW-ALIAS-DEVICE-WIRING,manual,from step splitting parser v1; prefill_v2:device_wiring,manual_only,tap,todo_alias,pending,pending,pending,pending
CCU-231446-1,CCU-231446-1-S2,CCU-231446,1,2,實體線路操作水位偵測黃色線路放進水瓶中,,expected_attached_to_first,unmapped,KW-ALIAS-DEVICE-WIRING,manual,from step splitting parser v1; prefill_v2:device_wiring,manual_only,tap,todo_alias,pending,pending,pending,pending
CCU-231447-1,CCU-231447-1-S1,CCU-231447,1,1,實體線路操作水位偵測地線放入水瓶中,Android BLACK_1 水位在高 顯示 Full,expected_attached_to_first,unmapped,KW-ALIAS-DEVICE-WIRING,manual,from step splitting parser v1; prefill_v2:device_wiring,manual_only,tap,todo_alias,pending,pending,pending,pending
CCU-231447-1,CCU-231447-1-S2,CCU-231447,1,2,實體線路操作水位偵測橘色線路放進水瓶中,,expected_attached_to_first,unmapped,KW-ALIAS-DEVICE-WIRING,manual,from step splitting parser v1; prefill_v2:device_wiring,manual_only,tap,todo_alias,pending,pending,pending,pending
CCU-231448-1,CCU-231448-1-S1,CCU-231448,1,1,實體線路操作水位偵測地線放入水瓶中,Android BLACK_1 水位在高,expected_attached_to_first,unmapped,KW-ALIAS-DEVICE-WIRING,manual,from step splitting parser v1; prefill_v2:device_wiring,manual_only,tap,todo_alias,pending,pending,pending,pending
CCU-231448-1,CCU-231448-1-S2,CCU-231448,1,2,實體線路操作水位偵測橘色線路放進水瓶中,,expected_attached_to_first,unmapped,KW-ALIAS-DEVICE-WIRING,manual,from step splitting parser v1; prefill_v2:device_wiring,manual_only,tap,todo_alias,pending,pending,pending,pending
CCU-231449-1,CCU-231449-1-S1,CCU-231449,1,1,實體線路操作水位偵測地線放入水瓶中,Android BLACK_1 水位在中,expected_attached_to_first,unmapped,KW-ALIAS-DEVICE-WIRING,manual,from step splitting parser v1; prefill_v2:device_wiring,manual_only,tap,todo_alias,pending,pending,pending,pending
CCU-231449-1,CCU-231449-1-S2,CCU-231449,1,2,實體線路操作水位偵測綠色線路放進水瓶中,,expected_attached_to_first,unmapped,KW-ALIAS-DEVICE-WIRING,manual,from step splitting parser v1; prefill_v2:device_wiring,manual_only,tap,todo_alias,pending,pending,pending,pending
CCU-231450-1,CCU-231450-1-S1,CCU-231450,1,1,實體線路操作水位偵測地線放入水瓶中,Android BLACK_1 水位在低,expected_attached_to_first,unmapped,KW-ALIAS-DEVICE-WIRING,manual,from step splitting parser v1; prefill_v2:device_wiring,manual_only,tap,todo_alias,pending,pending,pending,pending
CCU-231450-1,CCU-231450-1-S2,CCU-231450,1,2,實體線路操作水位偵測黃色線路放進水瓶中,,expected_attached_to_first,unmapped,KW-ALIAS-DEVICE-WIRING,manual,from step splitting parser v1; prefill_v2:device_wiring,manual_only,tap,todo_alias,pending,pending,pending,pending
CCU-231451-1,CCU-231451-1-S1,CCU-231451,1,1,實體線路操作水位偵測地線放入水瓶中,iOS BLACK_1 水位在高 顯示 Full,expected_attached_to_first,unmapped,KW-ALIAS-DEVICE-WIRING,manual,from step splitting parser v1; prefill_v2:device_wiring,manual_only,tap,todo_alias,pending,pending,pending,pending
CCU-231451-1,CCU-231451-1-S2,CCU-231451,1,2,實體線路操作水位偵測橘色線路放進水瓶中,,expected_attached_to_first,unmapped,KW-ALIAS-DEVICE-WIRING,manual,from step splitting parser v1; prefill_v2:device_wiring,manual_only,tap,todo_alias,pending,pending,pending,pending
CCU-231452-1,CCU-231452-1-S1,CCU-231452,1,1,實體線路操作水位偵測地線放入水瓶中,iOS BLACK_1 水位在高,expected_attached_to_first,unmapped,KW-ALIAS-DEVICE-WIRING,manual,from step splitting parser v1; prefill_v2:device_wiring,manual_only,tap,todo_alias,pending,pending,pending,pending
CCU-231452-1,CCU-231452-1-S2,CCU-231452,1,2,實體線路操作水位偵測橘色線路放進水瓶中,,expected_attached_to_first,unmapped,KW-ALIAS-DEVICE-WIRING,manual,from step splitting parser v1; prefill_v2:device_wiring,manual_only,tap,todo_alias,pending,pending,pending,pending
CCU-231453-1,CCU-231453-1-S1,CCU-231453,1,1,實體線路操作水位偵測地線放入水瓶中,iOS BLACK_1 水位在中,expected_attached_to_first,unmapped,KW-ALIAS-DEVICE-WIRING,manual,from step splitting parser v1; prefill_v2:device_wiring,manual_only,tap,todo_alias,pending,pending,pending,pending
CCU-231453-1,CCU-231453-1-S2,CCU-231453,1,2,實體線路操作水位偵測綠色線路放進水瓶中,,expected_attached_to_first,unmapped,KW-ALIAS-DEVICE-WIRING,manual,from step splitting parser v1; prefill_v2:device_wiring,manual_only,tap,todo_alias,pending,pending,pending,pending
CCU-231454-1,CCU-231454-1-S1,CCU-231454,1,1,實體線路操作水位偵測地線放入水瓶中,iOS BLACK_1 水位在低,expected_attached_to_first,unmapped,KW-ALIAS-DEVICE-WIRING,manual,from step splitting parser v1; prefill_v2:device_wiring,manual_only,tap,todo_alias,pending,pending,pending,pending
CCU-231454-1,CCU-231454-1-S2,CCU-231454,1,2,實體線路操作水位偵測黃色線路放進水瓶中,,expected_attached_to_first,unmapped,KW-ALIAS-DEVICE-WIRING,manual,from step splitting parser v1; prefill_v2:device_wiring,manual_only,tap,todo_alias,pending,pending,pending,pending
CCU-231500-1,CCU-231500-1-S1,CCU-231500,1,1,實體線路操作水位偵測地線放入水瓶中,面板 BLACK_1 水位在高 [ 紅色燈 ],expected_attached_to_first,unmapped,KW-ALIAS-DEVICE-WIRING,manual,from step splitting parser v1; prefill_v2:device_wiring,manual_only,tap,todo_alias,pending,pending,pending,pending
CCU-231500-1,CCU-231500-1-S2,CCU-231500,1,2,實體線路操作水位偵測橘色線路放進水瓶中,,expected_attached_to_first,unmapped,KW-ALIAS-DEVICE-WIRING,manual,from step splitting parser v1; prefill_v2:device_wiring,manual_only,tap,todo_alias,pending,pending,pending,pending
CCU-231501-1,CCU-231501-1-S1,CCU-231501,1,1,實體線路操作水位偵測地線放入水瓶中,面板 BLACK_1 水位在中 [ 藍色燈 ],expected_attached_to_first,unmapped,KW-ALIAS-DEVICE-WIRING,manual,from step splitting parser v1; prefill_v2:device_wiring,manual_only,tap,todo_alias,pending,pending,pending,pending
CCU-231501-1,CCU-231501-1-S2,CCU-231501,1,2,實體線路操作水位偵測綠色線路放進水瓶中,,expected_attached_to_first,unmapped,KW-ALIAS-DEVICE-WIRING,manual,from step splitting parser v1; prefill_v2:device_wiring,manual_only,tap,todo_alias,pending,pending,pending,pending
CCU-231502-1,CCU-231502-1-S1,CCU-231502,1,1,實體線路操作水位偵測地線放入水瓶中,面板 BLACK_1 水位在低 [ 藍色燈 ],expected_attached_to_first,unmapped,KW-ALIAS-DEVICE-WIRING,manual,from step splitting parser v1; prefill_v2:device_wiring,manual_only,tap,todo_alias,pending,pending,pending,pending
CCU-231502-1,CCU-231502-1-S2,CCU-231502,1,2,實體線路操作水位偵測黃色線路放進水瓶中,,expected_attached_to_first,unmapped,KW-ALIAS-DEVICE-WIRING,manual,from step splitting parser v1; prefill_v2:device_wiring,manual_only,tap,todo_alias,pending,pending,pending,pending
CCU-231503-1,CCU-231503-1-S1,CCU-231503,1,1,實體線路操作水位偵測地線放入水瓶中,面板 BLACK_1 水位是空的顯示 [ 藍色燈 ],index_aligned,unmapped,KW-ALIAS-DEVICE-WIRING,manual,from step splitting parser v1; prefill_v2:device_wiring,manual_only,tap,todo_alias,pending,pending,pending,pending
CCU-231455-1,CCU-231455-1-S1,CCU-231455,1,1,實體線路操作水位偵測地線放入水瓶中,LCD GRAY_2 水位在高 顯示 Full,expected_attached_to_first,unmapped,KW-ALIAS-DEVICE-WIRING,manual,from step splitting parser v1; prefill_v2:device_wiring,manual_only,tap,todo_alias,pending,pending,pending,pending
CCU-231455-1,CCU-231455-1-S2,CCU-231455,1,2,實體線路操作水位偵測橘色線路放進水瓶中,,expected_attached_to_first,unmapped,KW-ALIAS-DEVICE-WIRING,manual,from step splitting parser v1; prefill_v2:device_wiring,manual_only,tap,todo_alias,pending,pending,pending,pending
CCU-231456-1,CCU-231456-1-S1,CCU-231456,1,1,實體線路操作水位偵測地線放入水瓶中,LCD GRAY_2 水位在高,expected_attached_to_first,unmapped,KW-ALIAS-DEVICE-WIRING,manual,from step splitting parser v1; prefill_v2:device_wiring,manual_only,tap,todo_alias,pending,pending,pending,pending
CCU-231456-1,CCU-231456-1-S2,CCU-231456,1,2,實體線路操作水位偵測橘色線路放進水瓶中,,expected_attached_to_first,unmapped,KW-ALIAS-DEVICE-WIRING,manual,from step splitting parser v1; prefill_v2:device_wiring,manual_only,tap,todo_alias,pending,pending,pending,pending
CCU-231457-1,CCU-231457-1-S1,CCU-231457,1,1,實體線路操作水位偵測地線放入水瓶中,LCD GRAY_2 水位在中,expected_attached_to_first,unmapped,KW-ALIAS-DEVICE-WIRING,manual,from step splitting parser v1; prefill_v2:device_wiring,manual_only,tap,todo_alias,pending,pending,pending,pending
CCU-231457-1,CCU-231457-1-S2,CCU-231457,1,2,實體線路操作水位偵測綠色線路放進水瓶中,,expected_attached_to_first,unmapped,KW-ALIAS-DEVICE-WIRING,manual,from step splitting parser v1; prefill_v2:device_wiring,manual_only,tap,todo_alias,pending,pending,pending,pending
CCU-231458-1,CCU-231458-1-S1,CCU-231458,1,1,實體線路操作水位偵測地線放入水瓶中,LCD GRAY_2 水位在低,expected_attached_to_first,unmapped,KW-ALIAS-DEVICE-WIRING,manual,from step splitting parser v1; prefill_v2:device_wiring,manual_only,tap,todo_alias,pending,pending,pending,pending
CCU-231458-1,CCU-231458-1-S2,CCU-231458,1,2,實體線路操作水位偵測黃色線路放進水瓶中,,expected_attached_to_first,unmapped,KW-ALIAS-DEVICE-WIRING,manual,from step splitting parser v1; prefill_v2:device_wiring,manual_only,tap,todo_alias,pending,pending,pending,pending
CCU-231459-1,CCU-231459-1-S1,CCU-231459,1,1,實體線路操作水位偵測地線放入水瓶中,Android GRAY_2 水位在高 顯示 Full,expected_attached_to_first,unmapped,KW-ALIAS-DEVICE-WIRING,manual,from step splitting parser v1; prefill_v2:device_wiring,manual_only,tap,todo_alias,pending,pending,pending,pending
CCU-231459-1,CCU-231459-1-S2,CCU-231459,1,2,實體線路操作水位偵測橘色線路放進水瓶中,,expected_attached_to_first,unmapped,KW-ALIAS-DEVICE-WIRING,manual,from step splitting parser v1; prefill_v2:device_wiring,manual_only,tap,todo_alias,pending,pending,pending,pending
CCU-231460-1,CCU-231460-1-S1,CCU-231460,1,1,實體線路操作水位偵測地線放入水瓶中,Android GRAY_2 水位在高,expected_attached_to_first,unmapped,KW-ALIAS-DEVICE-WIRING,manual,from step splitting parser v1; prefill_v2:device_wiring,manual_only,tap,todo_alias,pending,pending,pending,pending
CCU-231460-1,CCU-231460-1-S2,CCU-231460,1,2,實體線路操作水位偵測橘色線路放進水瓶中,,expected_attached_to_first,unmapped,KW-ALIAS-DEVICE-WIRING,manual,from step splitting parser v1; prefill_v2:device_wiring,manual_only,tap,todo_alias,pending,pending,pending,pending
CCU-231461-1,CCU-231461-1-S1,CCU-231461,1,1,實體線路操作水位偵測地線放入水瓶中,Android GRAY_2 水位在中,expected_attached_to_first,unmapped,KW-ALIAS-DEVICE-WIRING,manual,from step splitting parser v1; prefill_v2:device_wiring,manual_only,tap,todo_alias,pending,pending,pending,pending
CCU-231461-1,CCU-231461-1-S2,CCU-231461,1,2,實體線路操作水位偵測綠色線路放進水瓶中,,expected_attached_to_first,unmapped,KW-ALIAS-DEVICE-WIRING,manual,from step splitting parser v1; prefill_v2:device_wiring,manual_only,tap,todo_alias,pending,pending,pending,pending
CCU-231462-1,CCU-231462-1-S1,CCU-231462,1,1,實體線路操作水位偵測地線放入水瓶中,Android GRAY_2 水位在低,expected_attached_to_first,unmapped,KW-ALIAS-DEVICE-WIRING,manual,from step splitting parser v1; prefill_v2:device_wiring,manual_only,tap,todo_alias,pending,pending,pending,pending
CCU-231462-1,CCU-231462-1-S2,CCU-231462,1,2,實體線路操作水位偵測黃色線路放進水瓶中,,expected_attached_to_first,unmapped,KW-ALIAS-DEVICE-WIRING,manual,from step splitting parser v1; prefill_v2:device_wiring,manual_only,tap,todo_alias,pending,pending,pending,pending
CCU-231463-1,CCU-231463-1-S1,CCU-231463,1,1,實體線路操作水位偵測地線放入水瓶中,iOS GRAY_2 水位在高 顯示 Full,expected_attached_to_first,unmapped,KW-ALIAS-DEVICE-WIRING,manual,from step splitting parser v1; prefill_v2:device_wiring,manual_only,tap,todo_alias,pending,pending,pending,pending
CCU-231463-1,CCU-231463-1-S2,CCU-231463,1,2,實體線路操作水位偵測橘色線路放進水瓶中,,expected_attached_to_first,unmapped,KW-ALIAS-DEVICE-WIRING,manual,from step splitting parser v1; prefill_v2:device_wiring,manual_only,tap,todo_alias,pending,pending,pending,pending
CCU-231464-1,CCU-231464-1-S1,CCU-231464,1,1,實體線路操作水位偵測地線放入水瓶中,iOS GRAY_2 水位在高,expected_attached_to_first,unmapped,KW-ALIAS-DEVICE-WIRING,manual,from step splitting parser v1; prefill_v2:device_wiring,manual_only,tap,todo_alias,pending,pending,pending,pending
CCU-231464-1,CCU-231464-1-S2,CCU-231464,1,2,實體線路操作水位偵測橘色線路放進水瓶中,,expected_attached_to_first,unmapped,KW-ALIAS-DEVICE-WIRING,manual,from step splitting parser v1; prefill_v2:device_wiring,manual_only,tap,todo_alias,pending,pending,pending,pending
CCU-231465-1,CCU-231465-1-S1,CCU-231465,1,1,實體線路操作水位偵測地線放入水瓶中,iOS GRAY_2 水位在中,expected_attached_to_first,unmapped,KW-ALIAS-DEVICE-WIRING,manual,from step splitting parser v1; prefill_v2:device_wiring,manual_only,tap,todo_alias,pending,pending,pending,pending
CCU-231465-1,CCU-231465-1-S2,CCU-231465,1,2,實體線路操作水位偵測綠色線路放進水瓶中,,expected_attached_to_first,unmapped,KW-ALIAS-DEVICE-WIRING,manual,from step splitting parser v1; prefill_v2:device_wiring,manual_only,tap,todo_alias,pending,pending,pending,pending
CCU-231466-1,CCU-231466-1-S1,CCU-231466,1,1,實體線路操作水位偵測地線放入水瓶中,iOS GRAY_2 水位在低,expected_attached_to_first,unmapped,KW-ALIAS-DEVICE-WIRING,manual,from step splitting parser v1; prefill_v2:device_wiring,manual_only,tap,todo_alias,pending,pending,pending,pending
CCU-231466-1,CCU-231466-1-S2,CCU-231466,1,2,實體線路操作水位偵測黃色線路放進水瓶中,,expected_attached_to_first,unmapped,KW-ALIAS-DEVICE-WIRING,manual,from step splitting parser v1; prefill_v2:device_wiring,manual_only,tap,todo_alias,pending,pending,pending,pending
CCU-231504-1,CCU-231504-1-S1,CCU-231504,1,1,實體線路操作水位偵測地線放入水瓶中,面板 GRAY_2 水位在高 [ 紅色燈 ],expected_attached_to_first,unmapped,KW-ALIAS-DEVICE-WIRING,manual,from step splitting parser v1; prefill_v2:device_wiring,manual_only,tap,todo_alias,pending,pending,pending,pending
CCU-231504-1,CCU-231504-1-S2,CCU-231504,1,2,實體線路操作水位偵測橘色線路放進水瓶中,,expected_attached_to_first,unmapped,KW-ALIAS-DEVICE-WIRING,manual,from step splitting parser v1; prefill_v2:device_wiring,manual_only,tap,todo_alias,pending,pending,pending,pending
CCU-231505-1,CCU-231505-1-S1,CCU-231505,1,1,實體線路操作水位偵測地線放入水瓶中,面板 GRAY_2 水位在中 [ 藍色燈 ],expected_attached_to_first,unmapped,KW-ALIAS-DEVICE-WIRING,manual,from step splitting parser v1; prefill_v2:device_wiring,manual_only,tap,todo_alias,pending,pending,pending,pending
CCU-231505-1,CCU-231505-1-S2,CCU-231505,1,2,實體線路操作水位偵測綠色線路放進水瓶中,,expected_attached_to_first,unmapped,KW-ALIAS-DEVICE-WIRING,manual,from step splitting parser v1; prefill_v2:device_wiring,manual_only,tap,todo_alias,pending,pending,pending,pending
CCU-231506-1,CCU-231506-1-S1,CCU-231506,1,1,實體線路操作水位偵測地線放入水瓶中,面板 GRAY_2 水位在低 [ 藍色燈 ],expected_attached_to_first,unmapped,KW-ALIAS-DEVICE-WIRING,manual,from step splitting parser v1; prefill_v2:device_wiring,manual_only,tap,todo_alias,pending,pending,pending,pending
CCU-231506-1,CCU-231506-1-S2,CCU-231506,1,2,實體線路操作水位偵測黃色線路放進水瓶中,,expected_attached_to_first,unmapped,KW-ALIAS-DEVICE-WIRING,manual,from step splitting parser v1; prefill_v2:device_wiring,manual_only,tap,todo_alias,pending,pending,pending,pending
CCU-231507-1,CCU-231507-1-S1,CCU-231507,1,1,實體線路操作水位偵測地線放入水瓶中,面板 GRAY_2 水位是空的顯示 [ 藍色燈 ],index_aligned,unmapped,KW-ALIAS-DEVICE-WIRING,manual,from step splitting parser v1; prefill_v2:device_wiring,manual_only,tap,todo_alias,pending,pending,pending,pending
CCU-231467-1,CCU-231467-1-S1,CCU-231467,1,1,實體線路操作水位偵測地線放入水瓶中,LCD GRAY_3 水位在高 顯示 Full,expected_attached_to_first,unmapped,KW-ALIAS-DEVICE-WIRING,manual,from step splitting parser v1; prefill_v2:device_wiring,manual_only,tap,todo_alias,pending,pending,pending,pending
CCU-231467-1,CCU-231467-1-S2,CCU-231467,1,2,實體線路操作水位偵測橘色線路放進水瓶中,,expected_attached_to_first,unmapped,KW-ALIAS-DEVICE-WIRING,manual,from step splitting parser v1; prefill_v2:device_wiring,manual_only,tap,todo_alias,pending,pending,pending,pending
CCU-231468-1,CCU-231468-1-S1,CCU-231468,1,1,實體線路操作水位偵測地線放入水瓶中,LCD GRAY_3 水位在高,expected_attached_to_first,unmapped,KW-ALIAS-DEVICE-WIRING,manual,from step splitting parser v1; prefill_v2:device_wiring,manual_only,tap,todo_alias,pending,pending,pending,pending
CCU-231468-1,CCU-231468-1-S2,CCU-231468,1,2,實體線路操作水位偵測橘色線路放進水瓶中,,expected_attached_to_first,unmapped,KW-ALIAS-DEVICE-WIRING,manual,from step splitting parser v1; prefill_v2:device_wiring,manual_only,tap,todo_alias,pending,pending,pending,pending
CCU-231469-1,CCU-231469-1-S1,CCU-231469,1,1,實體線路操作水位偵測地線放入水瓶中,LCD GRAY_3 水位在中,expected_attached_to_first,unmapped,KW-ALIAS-DEVICE-WIRING,manual,from step splitting parser v1; prefill_v2:device_wiring,manual_only,tap,todo_alias,pending,pending,pending,pending
CCU-231469-1,CCU-231469-1-S2,CCU-231469,1,2,實體線路操作水位偵測綠色線路放進水瓶中,,expected_attached_to_first,unmapped,KW-ALIAS-DEVICE-WIRING,manual,from step splitting parser v1; prefill_v2:device_wiring,manual_only,tap,todo_alias,pending,pending,pending,pending
CCU-231470-1,CCU-231470-1-S1,CCU-231470,1,1,實體線路操作水位偵測地線放入水瓶中,LCD GRAY_3 水位在低,expected_attached_to_first,unmapped,KW-ALIAS-DEVICE-WIRING,manual,from step splitting parser v1; prefill_v2:device_wiring,manual_only,tap,todo_alias,pending,pending,pending,pending
CCU-231470-1,CCU-231470-1-S2,CCU-231470,1,2,實體線路操作水位偵測黃色線路放進水瓶中,,expected_attached_to_first,unmapped,KW-ALIAS-DEVICE-WIRING,manual,from step splitting parser v1; prefill_v2:device_wiring,manual_only,tap,todo_alias,pending,pending,pending,pending
CCU-231471-1,CCU-231471-1-S1,CCU-231471,1,1,實體線路操作水位偵測地線放入水瓶中,Android GRAY_3 水位在高 顯示 Full,expected_attached_to_first,unmapped,KW-ALIAS-DEVICE-WIRING,manual,from step splitting parser v1; prefill_v2:device_wiring,manual_only,tap,todo_alias,pending,pending,pending,pending
CCU-231471-1,CCU-231471-1-S2,CCU-231471,1,2,實體線路操作水位偵測橘色線路放進水瓶中,,expected_attached_to_first,unmapped,KW-ALIAS-DEVICE-WIRING,manual,from step splitting parser v1; prefill_v2:device_wiring,manual_only,tap,todo_alias,pending,pending,pending,pending
CCU-231472-1,CCU-231472-1-S1,CCU-231472,1,1,實體線路操作水位偵測地線放入水瓶中,Android GRAY_3 水位在高,expected_attached_to_first,unmapped,KW-ALIAS-DEVICE-WIRING,manual,from step splitting parser v1; prefill_v2:device_wiring,manual_only,tap,todo_alias,pending,pending,pending,pending
CCU-231472-1,CCU-231472-1-S2,CCU-231472,1,2,實體線路操作水位偵測橘色線路放進水瓶中,,expected_attached_to_first,unmapped,KW-ALIAS-DEVICE-WIRING,manual,from step splitting parser v1; prefill_v2:device_wiring,manual_only,tap,todo_alias,pending,pending,pending,pending
CCU-231473-1,CCU-231473-1-S1,CCU-231473,1,1,實體線路操作水位偵測地線放入水瓶中,Android GRAY_3 水位在中,expected_attached_to_first,unmapped,KW-ALIAS-DEVICE-WIRING,manual,from step splitting parser v1; prefill_v2:device_wiring,manual_only,tap,todo_alias,pending,pending,pending,pending
CCU-231473-1,CCU-231473-1-S2,CCU-231473,1,2,實體線路操作水位偵測綠色線路放進水瓶中,,expected_attached_to_first,unmapped,KW-ALIAS-DEVICE-WIRING,manual,from step splitting parser v1; prefill_v2:device_wiring,manual_only,tap,todo_alias,pending,pending,pending,pending
CCU-231474-1,CCU-231474-1-S1,CCU-231474,1,1,實體線路操作水位偵測地線放入水瓶中,Android GRAY_3 水位在低,expected_attached_to_first,unmapped,KW-ALIAS-DEVICE-WIRING,manual,from step splitting parser v1; prefill_v2:device_wiring,manual_only,tap,todo_alias,pending,pending,pending,pending
CCU-231474-1,CCU-231474-1-S2,CCU-231474,1,2,實體線路操作水位偵測黃色線路放進水瓶中,,expected_attached_to_first,unmapped,KW-ALIAS-DEVICE-WIRING,manual,from step splitting parser v1; prefill_v2:device_wiring,manual_only,tap,todo_alias,pending,pending,pending,pending
CCU-231475-1,CCU-231475-1-S1,CCU-231475,1,1,實體線路操作水位偵測地線放入水瓶中,iOS GRAY_3 水位在高 顯示 Full,expected_attached_to_first,unmapped,KW-ALIAS-DEVICE-WIRING,manual,from step splitting parser v1; prefill_v2:device_wiring,manual_only,tap,todo_alias,pending,pending,pending,pending
CCU-231475-1,CCU-231475-1-S2,CCU-231475,1,2,實體線路操作水位偵測橘色線路放進水瓶中,,expected_attached_to_first,unmapped,KW-ALIAS-DEVICE-WIRING,manual,from step splitting parser v1; prefill_v2:device_wiring,manual_only,tap,todo_alias,pending,pending,pending,pending
CCU-231476-1,CCU-231476-1-S1,CCU-231476,1,1,實體線路操作水位偵測地線放入水瓶中,iOS GRAY_3 水位在高,expected_attached_to_first,unmapped,KW-ALIAS-DEVICE-WIRING,manual,from step splitting parser v1; prefill_v2:device_wiring,manual_only,tap,todo_alias,pending,pending,pending,pending
CCU-231476-1,CCU-231476-1-S2,CCU-231476,1,2,實體線路操作水位偵測橘色線路放進水瓶中,,expected_attached_to_first,unmapped,KW-ALIAS-DEVICE-WIRING,manual,from step splitting parser v1; prefill_v2:device_wiring,manual_only,tap,todo_alias,pending,pending,pending,pending
CCU-231477-1,CCU-231477-1-S1,CCU-231477,1,1,實體線路操作水位偵測地線放入水瓶中,iOS GRAY_3 水位在中,expected_attached_to_first,unmapped,KW-ALIAS-DEVICE-WIRING,manual,from step splitting parser v1; prefill_v2:device_wiring,manual_only,tap,todo_alias,pending,pending,pending,pending
CCU-231477-1,CCU-231477-1-S2,CCU-231477,1,2,實體線路操作水位偵測綠色線路放進水瓶中,,expected_attached_to_first,unmapped,KW-ALIAS-DEVICE-WIRING,manual,from step splitting parser v1; prefill_v2:device_wiring,manual_only,tap,todo_alias,pending,pending,pending,pending
CCU-231478-1,CCU-231478-1-S1,CCU-231478,1,1,實體線路操作水位偵測地線放入水瓶中,iOS GRAY_3 水位在低,expected_attached_to_first,unmapped,KW-ALIAS-DEVICE-WIRING,manual,from step splitting parser v1; prefill_v2:device_wiring,manual_only,tap,todo_alias,pending,pending,pending,pending
CCU-231478-1,CCU-231478-1-S2,CCU-231478,1,2,實體線路操作水位偵測黃色線路放進水瓶中,,expected_attached_to_first,unmapped,KW-ALIAS-DEVICE-WIRING,manual,from step splitting parser v1; prefill_v2:device_wiring,manual_only,tap,todo_alias,pending,pending,pending,pending
CCU-231508-1,CCU-231508-1-S1,CCU-231508,1,1,實體線路操作水位偵測地線放入水瓶中,面板 GRAY_3 水位在高 [ 紅色燈 ],expected_attached_to_first,unmapped,KW-ALIAS-DEVICE-WIRING,manual,from step splitting parser v1; prefill_v2:device_wiring,manual_only,tap,todo_alias,pending,pending,pending,pending
CCU-231508-1,CCU-231508-1-S2,CCU-231508,1,2,實體線路操作水位偵測橘色線路放進水瓶中,,expected_attached_to_first,unmapped,KW-ALIAS-DEVICE-WIRING,manual,from step splitting parser v1; prefill_v2:device_wiring,manual_only,tap,todo_alias,pending,pending,pending,pending
CCU-231509-1,CCU-231509-1-S1,CCU-231509,1,1,實體線路操作水位偵測地線放入水瓶中,面板 GRAY_3 水位在中 [ 藍色燈 ],expected_attached_to_first,unmapped,KW-ALIAS-DEVICE-WIRING,manual,from step splitting parser v1; prefill_v2:device_wiring,manual_only,tap,todo_alias,pending,pending,pending,pending
CCU-231509-1,CCU-231509-1-S2,CCU-231509,1,2,實體線路操作水位偵測綠色線路放進水瓶中,,expected_attached_to_first,unmapped,KW-ALIAS-DEVICE-WIRING,manual,from step splitting parser v1; prefill_v2:device_wiring,manual_only,tap,todo_alias,pending,pending,pending,pending
CCU-231510-1,CCU-231510-1-S1,CCU-231510,1,1,實體線路操作水位偵測地線放入水瓶中,面板 GRAY_3 水位在低 [ 藍色燈 ],expected_attached_to_first,unmapped,KW-ALIAS-DEVICE-WIRING,manual,from step splitting parser v1; prefill_v2:device_wiring,manual_only,tap,todo_alias,pending,pending,pending,pending
CCU-231510-1,CCU-231510-1-S2,CCU-231510,1,2,實體線路操作水位偵測黃色線路放進水瓶中,,expected_attached_to_first,unmapped,KW-ALIAS-DEVICE-WIRING,manual,from step splitting parser v1; prefill_v2:device_wiring,manual_only,tap,todo_alias,pending,pending,pending,pending
CCU-231511-1,CCU-231511-1-S1,CCU-231511,1,1,實體線路操作水位偵測地線放入水瓶中,面板 GRAY_3 水位是空的顯示 [ 藍色燈 ],index_aligned,unmapped,KW-ALIAS-DEVICE-WIRING,manual,from step splitting parser v1; prefill_v2:device_wiring,manual_only,tap,todo_alias,pending,pending,pending,pending
CCU-231479-1,CCU-231479-1-S1,CCU-231479,1,1,實體線路操作水位偵測地線放入水瓶中,LCD BLACK_2 水位在高 顯示 Full,expected_attached_to_first,unmapped,KW-ALIAS-DEVICE-WIRING,manual,from step splitting parser v1; prefill_v2:device_wiring,manual_only,tap,todo_alias,pending,pending,pending,pending
CCU-231479-1,CCU-231479-1-S2,CCU-231479,1,2,實體線路操作水位偵測橘色線路放進水瓶中,,expected_attached_to_first,unmapped,KW-ALIAS-DEVICE-WIRING,manual,from step splitting parser v1; prefill_v2:device_wiring,manual_only,tap,todo_alias,pending,pending,pending,pending
CCU-231480-1,CCU-231480-1-S1,CCU-231480,1,1,實體線路操作水位偵測地線放入水瓶中,LCD BLACK_2 水位在高,expected_attached_to_first,unmapped,KW-ALIAS-DEVICE-WIRING,manual,from step splitting parser v1; prefill_v2:device_wiring,manual_only,tap,todo_alias,pending,pending,pending,pending
CCU-231480-1,CCU-231480-1-S2,CCU-231480,1,2,實體線路操作水位偵測橘色線路放進水瓶中,,expected_attached_to_first,unmapped,KW-ALIAS-DEVICE-WIRING,manual,from step splitting parser v1; prefill_v2:device_wiring,manual_only,tap,todo_alias,pending,pending,pending,pending
CCU-231481-1,CCU-231481-1-S1,CCU-231481,1,1,實體線路操作水位偵測地線放入水瓶中,LCD BLACK_2 水位在中,expected_attached_to_first,unmapped,KW-ALIAS-DEVICE-WIRING,manual,from step splitting parser v1; prefill_v2:device_wiring,manual_only,tap,todo_alias,pending,pending,pending,pending
CCU-231481-1,CCU-231481-1-S2,CCU-231481,1,2,實體線路操作水位偵測綠色線路放進水瓶中,,expected_attached_to_first,unmapped,KW-ALIAS-DEVICE-WIRING,manual,from step splitting parser v1; prefill_v2:device_wiring,manual_only,tap,todo_alias,pending,pending,pending,pending
CCU-231482-1,CCU-231482-1-S1,CCU-231482,1,1,實體線路操作水位偵測地線放入水瓶中,LCD BLACK_2 水位在低,expected_attached_to_first,unmapped,KW-ALIAS-DEVICE-WIRING,manual,from step splitting parser v1; prefill_v2:device_wiring,manual_only,tap,todo_alias,pending,pending,pending,pending
CCU-231482-1,CCU-231482-1-S2,CCU-231482,1,2,實體線路操作水位偵測黃色線路放進水瓶中,,expected_attached_to_first,unmapped,KW-ALIAS-DEVICE-WIRING,manual,from step splitting parser v1; prefill_v2:device_wiring,manual_only,tap,todo_alias,pending,pending,pending,pending
CCU-231483-1,CCU-231483-1-S1,CCU-231483,1,1,實體線路操作水位偵測地線放入水瓶中,Android BLACK_2 水位在高 顯示 Full,expected_attached_to_first,unmapped,KW-ALIAS-DEVICE-WIRING,manual,from step splitting parser v1; prefill_v2:device_wiring,manual_only,tap,todo_alias,pending,pending,pending,pending
CCU-231483-1,CCU-231483-1-S2,CCU-231483,1,2,實體線路操作水位偵測橘色線路放進水瓶中,,expected_attached_to_first,unmapped,KW-ALIAS-DEVICE-WIRING,manual,from step splitting parser v1; prefill_v2:device_wiring,manual_only,tap,todo_alias,pending,pending,pending,pending
CCU-231484-1,CCU-231484-1-S1,CCU-231484,1,1,實體線路操作水位偵測地線放入水瓶中,Android BLACK_2 水位在高,expected_attached_to_first,unmapped,KW-ALIAS-DEVICE-WIRING,manual,from step splitting parser v1; prefill_v2:device_wiring,manual_only,tap,todo_alias,pending,pending,pending,pending
CCU-231484-1,CCU-231484-1-S2,CCU-231484,1,2,實體線路操作水位偵測橘色線路放進水瓶中,,expected_attached_to_first,unmapped,KW-ALIAS-DEVICE-WIRING,manual,from step splitting parser v1; prefill_v2:device_wiring,manual_only,tap,todo_alias,pending,pending,pending,pending
CCU-231485-1,CCU-231485-1-S1,CCU-231485,1,1,實體線路操作水位偵測地線放入水瓶中,Android BLACK_2 水位在中,expected_attached_to_first,unmapped,KW-ALIAS-DEVICE-WIRING,manual,from step splitting parser v1; prefill_v2:device_wiring,manual_only,tap,todo_alias,pending,pending,pending,pending
CCU-231485-1,CCU-231485-1-S2,CCU-231485,1,2,實體線路操作水位偵測綠色線路放進水瓶中,,expected_attached_to_first,unmapped,KW-ALIAS-DEVICE-WIRING,manual,from step splitting parser v1; prefill_v2:device_wiring,manual_only,tap,todo_alias,pending,pending,pending,pending
CCU-231486-1,CCU-231486-1-S1,CCU-231486,1,1,實體線路操作水位偵測地線放入水瓶中,Android BLACK_2 水位在低,expected_attached_to_first,unmapped,KW-ALIAS-DEVICE-WIRING,manual,from step splitting parser v1; prefill_v2:device_wiring,manual_only,tap,todo_alias,pending,pending,pending,pending
CCU-231486-1,CCU-231486-1-S2,CCU-231486,1,2,實體線路操作水位偵測黃色線路放進水瓶中,,expected_attached_to_first,unmapped,KW-ALIAS-DEVICE-WIRING,manual,from step splitting parser v1; prefill_v2:device_wiring,manual_only,tap,todo_alias,pending,pending,pending,pending
CCU-231487-1,CCU-231487-1-S1,CCU-231487,1,1,實體線路操作水位偵測地線放入水瓶中,iOS BLACK_2 水位在高 顯示 Full,expected_attached_to_first,unmapped,KW-ALIAS-DEVICE-WIRING,manual,from step splitting parser v1; prefill_v2:device_wiring,manual_only,tap,todo_alias,pending,pending,pending,pending
CCU-231487-1,CCU-231487-1-S2,CCU-231487,1,2,實體線路操作水位偵測橘色線路放進水瓶中,,expected_attached_to_first,unmapped,KW-ALIAS-DEVICE-WIRING,manual,from step splitting parser v1; prefill_v2:device_wiring,manual_only,tap,todo_alias,pending,pending,pending,pending
CCU-231488-1,CCU-231488-1-S1,CCU-231488,1,1,實體線路操作水位偵測地線放入水瓶中,iOS BLACK_2 水位在高,expected_attached_to_first,unmapped,KW-ALIAS-DEVICE-WIRING,manual,from step splitting parser v1; prefill_v2:device_wiring,manual_only,tap,todo_alias,pending,pending,pending,pending
CCU-231488-1,CCU-231488-1-S2,CCU-231488,1,2,實體線路操作水位偵測橘色線路放進水瓶中,,expected_attached_to_first,unmapped,KW-ALIAS-DEVICE-WIRING,manual,from step splitting parser v1; prefill_v2:device_wiring,manual_only,tap,todo_alias,pending,pending,pending,pending
CCU-231489-1,CCU-231489-1-S1,CCU-231489,1,1,實體線路操作水位偵測地線放入水瓶中,iOS BLACK_2 水位在中,expected_attached_to_first,unmapped,KW-ALIAS-DEVICE-WIRING,manual,from step splitting parser v1; prefill_v2:device_wiring,manual_only,tap,todo_alias,pending,pending,pending,pending
CCU-231489-1,CCU-231489-1-S2,CCU-231489,1,2,實體線路操作水位偵測綠色線路放進水瓶中,,expected_attached_to_first,unmapped,KW-ALIAS-DEVICE-WIRING,manual,from step splitting parser v1; prefill_v2:device_wiring,manual_only,tap,todo_alias,pending,pending,pending,pending
CCU-231490-1,CCU-231490-1-S1,CCU-231490,1,1,實體線路操作水位偵測地線放入水瓶中,iOS BLACK_2 水位在低,expected_attached_to_first,unmapped,KW-ALIAS-DEVICE-WIRING,manual,from step splitting parser v1; prefill_v2:device_wiring,manual_only,tap,todo_alias,pending,pending,pending,pending
CCU-231490-1,CCU-231490-1-S2,CCU-231490,1,2,實體線路操作水位偵測黃色線路放進水瓶中,,expected_attached_to_first,unmapped,KW-ALIAS-DEVICE-WIRING,manual,from step splitting parser v1; prefill_v2:device_wiring,manual_only,tap,todo_alias,pending,pending,pending,pending
CCU-231512-1,CCU-231512-1-S1,CCU-231512,1,1,實體線路操作水位偵測地線放入水瓶中,面板 BLACK_2 水位在高 [ 紅色燈 ],expected_attached_to_first,unmapped,KW-ALIAS-DEVICE-WIRING,manual,from step splitting parser v1; prefill_v2:device_wiring,manual_only,tap,todo_alias,pending,pending,pending,pending
CCU-231512-1,CCU-231512-1-S2,CCU-231512,1,2,實體線路操作水位偵測橘色線路放進水瓶中,,expected_attached_to_first,unmapped,KW-ALIAS-DEVICE-WIRING,manual,from step splitting parser v1; prefill_v2:device_wiring,manual_only,tap,todo_alias,pending,pending,pending,pending
CCU-231513-1,CCU-231513-1-S1,CCU-231513,1,1,實體線路操作水位偵測地線放入水瓶中,面板 BLACK_2 水位在中 [ 藍色燈 ],expected_attached_to_first,unmapped,KW-ALIAS-DEVICE-WIRING,manual,from step splitting parser v1; prefill_v2:device_wiring,manual_only,tap,todo_alias,pending,pending,pending,pending
CCU-231513-1,CCU-231513-1-S2,CCU-231513,1,2,實體線路操作水位偵測綠色線路放進水瓶中,,expected_attached_to_first,unmapped,KW-ALIAS-DEVICE-WIRING,manual,from step splitting parser v1; prefill_v2:device_wiring,manual_only,tap,todo_alias,pending,pending,pending,pending
CCU-231514-1,CCU-231514-1-S1,CCU-231514,1,1,實體線路操作水位偵測地線放入水瓶中,面板 BLACK_2 水位在低 [ 藍色燈 ],expected_attached_to_first,unmapped,KW-ALIAS-DEVICE-WIRING,manual,from step splitting parser v1; prefill_v2:device_wiring,manual_only,tap,todo_alias,pending,pending,pending,pending
CCU-231514-1,CCU-231514-1-S2,CCU-231514,1,2,實體線路操作水位偵測黃色線路放進水瓶中,,expected_attached_to_first,unmapped,KW-ALIAS-DEVICE-WIRING,manual,from step splitting parser v1; prefill_v2:device_wiring,manual_only,tap,todo_alias,pending,pending,pending,pending
CCU-231515-1,CCU-231515-1-S1,CCU-231515,1,1,實體線路操作水位偵測地線放入水瓶中,面板 BLACK_2 水位是空的顯示 [ 藍色燈 ],index_aligned,unmapped,KW-ALIAS-DEVICE-WIRING,manual,from step splitting parser v1; prefill_v2:device_wiring,manual_only,tap,todo_alias,pending,pending,pending,pending
CCU-232132-1,CCU-232132-1-S1,CCU-232132,1,1,長按面板 SELECT 按鈕,進入編輯模式,index_aligned,unmapped,KW-ALIAS-CLICK,manual,from step splitting parser v1; prefill_v1:ui_action_click,manual_only,tap,todo_alias,pending,pending,pending,pending
CCU-232133-1,CCU-232133-1-S1,CCU-232133,1,1,長按面板 SELECT 按鈕 設定 WATER HEATER ELECTRIC 按鈕 ON,WATER HEATER ELECTRIC 按鈕 ON,index_aligned,unmapped,KW-ALIAS-CLICK,manual,from step splitting parser v1; prefill_v1:ui_action_click,manual_only,tap,settings_button,pending,pending,pending,pending
CCU-232134-1,CCU-232134-1-S1,CCU-232134,1,1,長按面板 SELECT 按鈕 設定 WATER HEATER GAS 按鈕 ON,WATER HEATER GAS 按鈕 ON,index_aligned,unmapped,KW-ALIAS-CLICK,manual,from step splitting parser v1; prefill_v1:ui_action_click,manual_only,tap,settings_button,pending,pending,pending,pending
CCU-232135-1,CCU-232135-1-S1,CCU-232135,1,1,長按面板 SELECT 按鈕 設定 LIGHT1 按鈕 ON,LIGHT1 按鈕 ON,index_aligned,unmapped,KW-ALIAS-CLICK,manual,from step splitting parser v1; prefill_v1:ui_action_click,manual_only,tap,settings_button,pending,pending,pending,pending
CCU-232136-1,CCU-232136-1-S1,CCU-232136,1,1,長按面板 SELECT 按鈕 設定 LIGHT2 按鈕 ON,LIGHT2 按鈕 ON,index_aligned,unmapped,KW-ALIAS-CLICK,manual,from step splitting parser v1; prefill_v1:ui_action_click,manual_only,tap,settings_button,pending,pending,pending,pending
CCU-232137-1,CCU-232137-1-S1,CCU-232137,1,1,長按面板 SELECT 按鈕 設定 LIGHT3 按鈕 ON,LIGHT3 按鈕 ON,index_aligned,unmapped,KW-ALIAS-CLICK,manual,from step splitting parser v1; prefill_v1:ui_action_click,manual_only,tap,settings_button,pending,pending,pending,pending
CCU-232138-1,CCU-232138-1-S1,CCU-232138,1,1,長按面板 SELECT 按鈕 設定 TANK HEATER 按鈕 ON,TANK HEATER 按鈕 ON,index_aligned,unmapped,KW-ALIAS-CLICK,manual,from step splitting parser v1; prefill_v1:ui_action_click,manual_only,tap,settings_button,pending,pending,pending,pending
CCU-232139-1,CCU-232139-1-S1,CCU-232139,1,1,長按面板 SELECT 按鈕 設定 WATER PUMP 按鈕 ON,WATER PUMP 按鈕 ON,index_aligned,unmapped,KW-ALIAS-CLICK,manual,from step splitting parser v1; prefill_v1:ui_action_click,manual_only,tap,settings_button,pending,pending,pending,pending
CCU-232140-1,CCU-232140-1-S1,CCU-232140,1,1,長按面板 SELECT 按鈕 設定 LIGHT4 按鈕 ON,LIGHT4 按鈕 ON,index_aligned,unmapped,KW-ALIAS-CLICK,manual,from step splitting parser v1; prefill_v1:ui_action_click,manual_only,tap,settings_button,pending,pending,pending,pending
CCU-232141-1,CCU-232141-1-S1,CCU-232141,1,1,長按面板 SELECT 按鈕 設定 LIGHT5 按鈕 ON,LIGHT5 按鈕 ON,index_aligned,unmapped,KW-ALIAS-CLICK,manual,from step splitting parser v1; prefill_v1:ui_action_click,manual_only,tap,settings_button,pending,pending,pending,pending
CCU-232142-1,CCU-232142-1-S1,CCU-232142,1,1,長按面板 SELECT 按鈕 設定 LIGHT6 按鈕 ON,LIGHT6 按鈕 ON,index_aligned,unmapped,KW-ALIAS-CLICK,manual,from step splitting parser v1; prefill_v1:ui_action_click,manual_only,tap,settings_button,pending,pending,pending,pending
CCU-232143-1,CCU-232143-1-S1,CCU-232143,1,1,長按面板 SELECT 按鈕 設定 FRIDGE 按鈕 ON,FRIDGE 按鈕 ON,index_aligned,unmapped,KW-ALIAS-CLICK,manual,from step splitting parser v1; prefill_v1:ui_action_click,manual_only,tap,settings_button,pending,pending,pending,pending
CCU-232144-1,CCU-232144-1-S1,CCU-232144,1,1,長按面板 SELECT 按鈕 設定 AWNING1 按鈕 ON,AWNING1 按鈕 ON,index_aligned,unmapped,KW-ALIAS-CLICK,manual,from step splitting parser v1; prefill_v1:ui_action_click,manual_only,tap,settings_button,pending,pending,pending,pending
CCU-232145-1,CCU-232145-1-S1,CCU-232145,1,1,長按面板 SELECT 按鈕 設定 AWNING2 按鈕 ON,AWNING2 按鈕 ON,index_aligned,unmapped,KW-ALIAS-CLICK,manual,from step splitting parser v1; prefill_v1:ui_action_click,manual_only,tap,settings_button,pending,pending,pending,pending
CCU-232146-1,CCU-232146-1-S1,CCU-232146,1,1,長按面板 SELECT 按鈕 設定 SLIDE1 按鈕 ON,SLIDE1 按鈕 ON,index_aligned,unmapped,KW-ALIAS-CLICK,manual,from step splitting parser v1; prefill_v1:ui_action_click,manual_only,tap,settings_button,pending,pending,pending,pending
CCU-232147-1,CCU-232147-1-S1,CCU-232147,1,1,長按面板 SELECT 按鈕 設定 SLIDE2 按鈕 ON,SLIDE2 按鈕 ON,index_aligned,unmapped,KW-ALIAS-CLICK,manual,from step splitting parser v1; prefill_v1:ui_action_click,manual_only,tap,settings_button,pending,pending,pending,pending
CCU-232148-1,CCU-232148-1-S1,CCU-232148,1,1,長按面板 SELECT 按鈕 設定 SLIDE3 按鈕 ON,SLIDE3 按鈕 ON,index_aligned,unmapped,KW-ALIAS-CLICK,manual,from step splitting parser v1; prefill_v1:ui_action_click,manual_only,tap,settings_button,pending,pending,pending,pending
CCU-232149-1,CCU-232149-1-S1,CCU-232149,1,1,長按面板 SELECT 按鈕 設定 SLIDE4 按鈕 ON,SLIDE4 按鈕 ON,index_aligned,unmapped,KW-ALIAS-CLICK,manual,from step splitting parser v1; prefill_v1:ui_action_click,manual_only,tap,settings_button,pending,pending,pending,pending
CCU-232150-1,CCU-232150-1-S1,CCU-232150,1,1,長按面板 SELECT 按鈕 設定 SLIDE5 按鈕 ON,SLIDE5 按鈕 ON,index_aligned,unmapped,KW-ALIAS-CLICK,manual,from step splitting parser v1; prefill_v1:ui_action_click,manual_only,tap,settings_button,pending,pending,pending,pending
CCU-232151-1,CCU-232151-1-S1,CCU-232151,1,1,長按面板 SELECT 按鈕 設定 GRAY2 水位顯示 ON,GRAY2 水位顯示 ON,index_aligned,unmapped,KW-ALIAS-CLICK,manual,from step splitting parser v1; prefill_v1:ui_action_click,manual_only,tap,settings_button,pending,pending,pending,pending
CCU-232152-1,CCU-232152-1-S1,CCU-232152,1,1,長按面板 SELECT 按鈕 設定 GRAY3 水位顯示 ON,GRAY3 水位顯示 ON,index_aligned,unmapped,KW-ALIAS-CLICK,manual,from step splitting parser v1; prefill_v1:ui_action_click,manual_only,tap,settings_button,pending,pending,pending,pending
CCU-232153-1,CCU-232153-1-S1,CCU-232153,1,1,長按面板 SELECT 按鈕 設定 BLACK2 水位顯示 ON,BLACK2 水位顯示 ON,index_aligned,unmapped,KW-ALIAS-CLICK,manual,from step splitting parser v1; prefill_v1:ui_action_click,manual_only,tap,settings_button,pending,pending,pending,pending
CCU-232154-1,CCU-232154-1-S1,CCU-232154,1,1,長按面板 SELECT 按鈕 設定 WiFi 燈 ON,WiFi 燈 ON,index_aligned,unmapped,KW-ALIAS-CLICK,manual,from step splitting parser v1; prefill_v1:ui_action_click,manual_only,tap,wifi_status_label,pending,pending,pending,pending
CCU-232155-1,CCU-232155-1-S1,CCU-232155,1,1,查看 APP,WATER HEATER ELECTRIC 有顯示,index_aligned,manual_only,KW-ALIAS-CHECK,manual,from step splitting parser v1; prefill_v1:ui_or_device_check,manual_only,tap,todo_alias,pending,pending,pending,pending
CCU-232156-1,CCU-232156-1-S1,CCU-232156,1,1,查看 APP,WATER HEATER GAS 有顯示,index_aligned,manual_only,KW-ALIAS-CHECK,manual,from step splitting parser v1; prefill_v1:ui_or_device_check,manual_only,tap,todo_alias,pending,pending,pending,pending
CCU-232157-1,CCU-232157-1-S1,CCU-232157,1,1,查看 APP,LIGHT1 有顯示,index_aligned,manual_only,KW-ALIAS-CHECK,manual,from step splitting parser v1; prefill_v1:ui_or_device_check,manual_only,tap,todo_alias,pending,pending,pending,pending
CCU-232158-1,CCU-232158-1-S1,CCU-232158,1,1,查看 APP,LIGHT2 有顯示,index_aligned,manual_only,KW-ALIAS-CHECK,manual,from step splitting parser v1; prefill_v1:ui_or_device_check,manual_only,tap,todo_alias,pending,pending,pending,pending
CCU-232159-1,CCU-232159-1-S1,CCU-232159,1,1,查看 APP,LIGHT3 有顯示,index_aligned,manual_only,KW-ALIAS-CHECK,manual,from step splitting parser v1; prefill_v1:ui_or_device_check,manual_only,tap,todo_alias,pending,pending,pending,pending
CCU-232160-1,CCU-232160-1-S1,CCU-232160,1,1,查看 APP,TANK HEATER 有顯示,index_aligned,manual_only,KW-ALIAS-CHECK,manual,from step splitting parser v1; prefill_v1:ui_or_device_check,manual_only,tap,todo_alias,pending,pending,pending,pending
CCU-232161-1,CCU-232161-1-S1,CCU-232161,1,1,查看 APP,WATER PUMP 有顯示,index_aligned,manual_only,KW-ALIAS-CHECK,manual,from step splitting parser v1; prefill_v1:ui_or_device_check,manual_only,tap,todo_alias,pending,pending,pending,pending
CCU-232162-1,CCU-232162-1-S1,CCU-232162,1,1,查看 APP,LIGHT4 有顯示,index_aligned,manual_only,KW-ALIAS-CHECK,manual,from step splitting parser v1; prefill_v1:ui_or_device_check,manual_only,tap,todo_alias,pending,pending,pending,pending
CCU-232163-1,CCU-232163-1-S1,CCU-232163,1,1,查看 APP,LIGHT5 有顯示,index_aligned,manual_only,KW-ALIAS-CHECK,manual,from step splitting parser v1; prefill_v1:ui_or_device_check,manual_only,tap,todo_alias,pending,pending,pending,pending
CCU-232164-1,CCU-232164-1-S1,CCU-232164,1,1,查看 APP,LIGHT6 有顯示,index_aligned,manual_only,KW-ALIAS-CHECK,manual,from step splitting parser v1; prefill_v1:ui_or_device_check,manual_only,tap,todo_alias,pending,pending,pending,pending
CCU-232165-1,CCU-232165-1-S1,CCU-232165,1,1,查看 APP,FRIDGE 有顯示,index_aligned,manual_only,KW-ALIAS-CHECK,manual,from step splitting parser v1; prefill_v1:ui_or_device_check,manual_only,tap,todo_alias,pending,pending,pending,pending
CCU-232166-1,CCU-232166-1-S1,CCU-232166,1,1,查看 APP,AWNING1 有顯示,index_aligned,manual_only,KW-ALIAS-CHECK,manual,from step splitting parser v1; prefill_v1:ui_or_device_check,manual_only,tap,todo_alias,pending,pending,pending,pending
CCU-232167-1,CCU-232167-1-S1,CCU-232167,1,1,查看 APP,AWNING2 有顯示,index_aligned,manual_only,KW-ALIAS-CHECK,manual,from step splitting parser v1; prefill_v1:ui_or_device_check,manual_only,tap,todo_alias,pending,pending,pending,pending
CCU-232168-1,CCU-232168-1-S1,CCU-232168,1,1,查看 APP,SLIDE1 有顯示,index_aligned,manual_only,KW-ALIAS-CHECK,manual,from step splitting parser v1; prefill_v1:ui_or_device_check,manual_only,tap,todo_alias,pending,pending,pending,pending
CCU-232169-1,CCU-232169-1-S1,CCU-232169,1,1,查看 APP,SLIDE2 有顯示,index_aligned,manual_only,KW-ALIAS-CHECK,manual,from step splitting parser v1; prefill_v1:ui_or_device_check,manual_only,tap,todo_alias,pending,pending,pending,pending
CCU-232170-1,CCU-232170-1-S1,CCU-232170,1,1,查看 APP,SLIDE3 有顯示,index_aligned,manual_only,KW-ALIAS-CHECK,manual,from step splitting parser v1; prefill_v1:ui_or_device_check,manual_only,tap,todo_alias,pending,pending,pending,pending
CCU-232171-1,CCU-232171-1-S1,CCU-232171,1,1,查看 APP,SLIDE4 有顯示,index_aligned,manual_only,KW-ALIAS-CHECK,manual,from step splitting parser v1; prefill_v1:ui_or_device_check,manual_only,tap,todo_alias,pending,pending,pending,pending
CCU-232172-1,CCU-232172-1-S1,CCU-232172,1,1,查看 APP,SLIDE5 有顯示,index_aligned,manual_only,KW-ALIAS-CHECK,manual,from step splitting parser v1; prefill_v1:ui_or_device_check,manual_only,tap,todo_alias,pending,pending,pending,pending
CCU-232173-1,CCU-232173-1-S1,CCU-232173,1,1,查看 APP,GRAY2 有顯示,index_aligned,manual_only,KW-ALIAS-CHECK,manual,from step splitting parser v1; prefill_v1:ui_or_device_check,manual_only,tap,todo_alias,pending,pending,pending,pending
CCU-232174-1,CCU-232174-1-S1,CCU-232174,1,1,查看 APP,GRAY3 有顯示,index_aligned,manual_only,KW-ALIAS-CHECK,manual,from step splitting parser v1; prefill_v1:ui_or_device_check,manual_only,tap,todo_alias,pending,pending,pending,pending
CCU-232175-1,CCU-232175-1-S1,CCU-232175,1,1,查看 APP,BLACK2 有顯示,index_aligned,manual_only,KW-ALIAS-CHECK,manual,from step splitting parser v1; prefill_v1:ui_or_device_check,manual_only,tap,todo_alias,pending,pending,pending,pending
CCU-232176-1,CCU-232176-1-S1,CCU-232176,1,1,查看 APP,WiFi 有顯示,index_aligned,manual_only,KW-ALIAS-CHECK,manual,from step splitting parser v1; prefill_v1:ui_or_device_check,manual_only,tap,wifi_status_label,pending,pending,pending,pending
CCU-232177-1,CCU-232177-1-S1,CCU-232177,1,1,長按面板 SELECT 按鈕,進入編輯模式,index_aligned,unmapped,KW-ALIAS-CLICK,manual,from step splitting parser v1; prefill_v1:ui_action_click,manual_only,tap,todo_alias,pending,pending,pending,pending
CCU-232178-1,CCU-232178-1-S1,CCU-232178,1,1,長按面板 SELECT 按鈕 設定 WATER HEATER ELECTRIC 按鈕 OFF,WATER HEATER ELECTRIC 按鈕 OFF,index_aligned,unmapped,KW-ALIAS-CLICK,manual,from step splitting parser v1; prefill_v1:ui_action_click,manual_only,tap,settings_button,pending,pending,pending,pending
CCU-232179-1,CCU-232179-1-S1,CCU-232179,1,1,長按面板 SELECT 按鈕 設定 WATER HEATER GAS 按鈕 OFF,WATER HEATER GAS 按鈕 OFF,index_aligned,unmapped,KW-ALIAS-CLICK,manual,from step splitting parser v1; prefill_v1:ui_action_click,manual_only,tap,settings_button,pending,pending,pending,pending
CCU-232180-1,CCU-232180-1-S1,CCU-232180,1,1,長按面板 SELECT 按鈕 設定 LIGHT1 按鈕 OFF,LIGHT1 按鈕 OFF,index_aligned,unmapped,KW-ALIAS-CLICK,manual,from step splitting parser v1; prefill_v1:ui_action_click,manual_only,tap,settings_button,pending,pending,pending,pending
CCU-232181-1,CCU-232181-1-S1,CCU-232181,1,1,長按面板 SELECT 按鈕 設定 LIGHT2 按鈕 OFF,LIGHT2 按鈕 OFF,index_aligned,unmapped,KW-ALIAS-CLICK,manual,from step splitting parser v1; prefill_v1:ui_action_click,manual_only,tap,settings_button,pending,pending,pending,pending
CCU-232182-1,CCU-232182-1-S1,CCU-232182,1,1,長按面板 SELECT 按鈕 設定 LIGHT3 按鈕 OFF,LIGHT3 按鈕 OFF,index_aligned,unmapped,KW-ALIAS-CLICK,manual,from step splitting parser v1; prefill_v1:ui_action_click,manual_only,tap,settings_button,pending,pending,pending,pending
CCU-232183-1,CCU-232183-1-S1,CCU-232183,1,1,長按面板 SELECT 按鈕 設定 TANK HEATER 按鈕 OFF,TANK HEATER 按鈕 OFF,index_aligned,unmapped,KW-ALIAS-CLICK,manual,from step splitting parser v1; prefill_v1:ui_action_click,manual_only,tap,settings_button,pending,pending,pending,pending
CCU-232184-1,CCU-232184-1-S1,CCU-232184,1,1,長按面板 SELECT 按鈕 設定 WATER PUMP 按鈕 OFF,WATER PUMP 按鈕 OFF,index_aligned,unmapped,KW-ALIAS-CLICK,manual,from step splitting parser v1; prefill_v1:ui_action_click,manual_only,tap,settings_button,pending,pending,pending,pending
CCU-232185-1,CCU-232185-1-S1,CCU-232185,1,1,長按面板 SELECT 按鈕 設定 LIGHT4 按鈕 OFF,LIGHT4 按鈕 OFF,index_aligned,unmapped,KW-ALIAS-CLICK,manual,from step splitting parser v1; prefill_v1:ui_action_click,manual_only,tap,settings_button,pending,pending,pending,pending
CCU-232186-1,CCU-232186-1-S1,CCU-232186,1,1,長按面板 SELECT 按鈕 設定 LIGHT5 按鈕 OFF,LIGHT5 按鈕 OFF,index_aligned,unmapped,KW-ALIAS-CLICK,manual,from step splitting parser v1; prefill_v1:ui_action_click,manual_only,tap,settings_button,pending,pending,pending,pending
CCU-232187-1,CCU-232187-1-S1,CCU-232187,1,1,長按面板 SELECT 按鈕 設定 LIGHT6 按鈕 OFF,LIGHT6 按鈕 OFF,index_aligned,unmapped,KW-ALIAS-CLICK,manual,from step splitting parser v1; prefill_v1:ui_action_click,manual_only,tap,settings_button,pending,pending,pending,pending
CCU-232188-1,CCU-232188-1-S1,CCU-232188,1,1,長按面板 SELECT 按鈕 設定 FRIDGE 按鈕 OFF,FRIDGE 按鈕 OFF,index_aligned,unmapped,KW-ALIAS-CLICK,manual,from step splitting parser v1; prefill_v1:ui_action_click,manual_only,tap,settings_button,pending,pending,pending,pending
CCU-232189-1,CCU-232189-1-S1,CCU-232189,1,1,長按面板 SELECT 按鈕 設定 AWNING1 按鈕 OFF,AWNING1 按鈕 OFF,index_aligned,unmapped,KW-ALIAS-CLICK,manual,from step splitting parser v1; prefill_v1:ui_action_click,manual_only,tap,settings_button,pending,pending,pending,pending
CCU-232190-1,CCU-232190-1-S1,CCU-232190,1,1,長按面板 SELECT 按鈕 設定 AWNING2 按鈕 OFF,AWNING2 按鈕 OFF,index_aligned,unmapped,KW-ALIAS-CLICK,manual,from step splitting parser v1; prefill_v1:ui_action_click,manual_only,tap,settings_button,pending,pending,pending,pending
CCU-232191-1,CCU-232191-1-S1,CCU-232191,1,1,長按面板 SELECT 按鈕 設定 SLIDE1 按鈕 OFF,SLIDE1 按鈕 OFF,index_aligned,unmapped,KW-ALIAS-CLICK,manual,from step splitting parser v1; prefill_v1:ui_action_click,manual_only,tap,settings_button,pending,pending,pending,pending
CCU-232192-1,CCU-232192-1-S1,CCU-232192,1,1,長按面板 SELECT 按鈕 設定 SLIDE2 按鈕 OFF,SLIDE2 按鈕 OFF,index_aligned,unmapped,KW-ALIAS-CLICK,manual,from step splitting parser v1; prefill_v1:ui_action_click,manual_only,tap,settings_button,pending,pending,pending,pending
CCU-232193-1,CCU-232193-1-S1,CCU-232193,1,1,長按面板 SELECT 按鈕 設定 SLIDE3 按鈕 OFF,SLIDE3 按鈕 OFF,index_aligned,unmapped,KW-ALIAS-CLICK,manual,from step splitting parser v1; prefill_v1:ui_action_click,manual_only,tap,settings_button,pending,pending,pending,pending
CCU-232194-1,CCU-232194-1-S1,CCU-232194,1,1,長按面板 SELECT 按鈕 設定 SLIDE4 按鈕 OFF,SLIDE4 按鈕 OFF,index_aligned,unmapped,KW-ALIAS-CLICK,manual,from step splitting parser v1; prefill_v1:ui_action_click,manual_only,tap,settings_button,pending,pending,pending,pending
CCU-232195-1,CCU-232195-1-S1,CCU-232195,1,1,長按面板 SELECT 按鈕 設定 SLIDE5 按鈕 OFF,SLIDE5 按鈕 OFF,index_aligned,unmapped,KW-ALIAS-CLICK,manual,from step splitting parser v1; prefill_v1:ui_action_click,manual_only,tap,settings_button,pending,pending,pending,pending
CCU-232196-1,CCU-232196-1-S1,CCU-232196,1,1,長按面板 SELECT 按鈕 設定 GRAY2 水位顯示 OFF,GRAY2 水位顯示 OFF,index_aligned,unmapped,KW-ALIAS-CLICK,manual,from step splitting parser v1; prefill_v1:ui_action_click,manual_only,tap,settings_button,pending,pending,pending,pending
CCU-232197-1,CCU-232197-1-S1,CCU-232197,1,1,長按面板 SELECT 按鈕 設定 GRAY3 水位顯示 OFF,GRAY3 水位顯示 OFF,index_aligned,unmapped,KW-ALIAS-CLICK,manual,from step splitting parser v1; prefill_v1:ui_action_click,manual_only,tap,settings_button,pending,pending,pending,pending
CCU-232198-1,CCU-232198-1-S1,CCU-232198,1,1,長按面板 SELECT 按鈕 設定 BLACK2 水位顯示 OFF,BLACK2 水位顯示 OFF,index_aligned,unmapped,KW-ALIAS-CLICK,manual,from step splitting parser v1; prefill_v1:ui_action_click,manual_only,tap,settings_button,pending,pending,pending,pending
CCU-232199-1,CCU-232199-1-S1,CCU-232199,1,1,長按面板 SELECT 按鈕 設定 WiFi 燈 OFF,WiFi 燈 OFF,index_aligned,unmapped,KW-ALIAS-CLICK,manual,from step splitting parser v1; prefill_v1:ui_action_click,manual_only,tap,wifi_status_label,pending,pending,pending,pending
CCU-232200-1,CCU-232200-1-S1,CCU-232200,1,1,查看 APP,WATER HEATER ELECTRIC 無顯示,index_aligned,manual_only,KW-ALIAS-CHECK,manual,from step splitting parser v1; prefill_v1:ui_or_device_check,manual_only,tap,todo_alias,pending,pending,pending,pending
CCU-232201-1,CCU-232201-1-S1,CCU-232201,1,1,查看 APP,WATER HEATER GAS 無顯示,index_aligned,manual_only,KW-ALIAS-CHECK,manual,from step splitting parser v1; prefill_v1:ui_or_device_check,manual_only,tap,todo_alias,pending,pending,pending,pending
CCU-232202-1,CCU-232202-1-S1,CCU-232202,1,1,查看 APP,LIGHT1 無顯示,index_aligned,manual_only,KW-ALIAS-CHECK,manual,from step splitting parser v1; prefill_v1:ui_or_device_check,manual_only,tap,todo_alias,pending,pending,pending,pending
CCU-232203-1,CCU-232203-1-S1,CCU-232203,1,1,查看 APP,LIGHT2 無顯示,index_aligned,manual_only,KW-ALIAS-CHECK,manual,from step splitting parser v1; prefill_v1:ui_or_device_check,manual_only,tap,todo_alias,pending,pending,pending,pending
CCU-232204-1,CCU-232204-1-S1,CCU-232204,1,1,查看 APP,LIGHT3 無顯示,index_aligned,manual_only,KW-ALIAS-CHECK,manual,from step splitting parser v1; prefill_v1:ui_or_device_check,manual_only,tap,todo_alias,pending,pending,pending,pending
CCU-232205-1,CCU-232205-1-S1,CCU-232205,1,1,查看 APP,TANK HEATER 無顯示,index_aligned,manual_only,KW-ALIAS-CHECK,manual,from step splitting parser v1; prefill_v1:ui_or_device_check,manual_only,tap,todo_alias,pending,pending,pending,pending
CCU-232206-1,CCU-232206-1-S1,CCU-232206,1,1,查看 APP,WATER PUMP 無顯示,index_aligned,manual_only,KW-ALIAS-CHECK,manual,from step splitting parser v1; prefill_v1:ui_or_device_check,manual_only,tap,todo_alias,pending,pending,pending,pending
CCU-232207-1,CCU-232207-1-S1,CCU-232207,1,1,查看 APP,LIGHT4 無顯示,index_aligned,manual_only,KW-ALIAS-CHECK,manual,from step splitting parser v1; prefill_v1:ui_or_device_check,manual_only,tap,todo_alias,pending,pending,pending,pending
CCU-232208-1,CCU-232208-1-S1,CCU-232208,1,1,查看 APP,LIGHT5 無顯示,index_aligned,manual_only,KW-ALIAS-CHECK,manual,from step splitting parser v1; prefill_v1:ui_or_device_check,manual_only,tap,todo_alias,pending,pending,pending,pending
CCU-232209-1,CCU-232209-1-S1,CCU-232209,1,1,查看 APP,LIGHT6 無顯示,index_aligned,manual_only,KW-ALIAS-CHECK,manual,from step splitting parser v1; prefill_v1:ui_or_device_check,manual_only,tap,todo_alias,pending,pending,pending,pending
CCU-232210-1,CCU-232210-1-S1,CCU-232210,1,1,查看 APP,FRIDGE 無顯示,index_aligned,manual_only,KW-ALIAS-CHECK,manual,from step splitting parser v1; prefill_v1:ui_or_device_check,manual_only,tap,todo_alias,pending,pending,pending,pending
CCU-232211-1,CCU-232211-1-S1,CCU-232211,1,1,查看 APP,AWNING1 無顯示,index_aligned,manual_only,KW-ALIAS-CHECK,manual,from step splitting parser v1; prefill_v1:ui_or_device_check,manual_only,tap,todo_alias,pending,pending,pending,pending
CCU-232212-1,CCU-232212-1-S1,CCU-232212,1,1,查看 APP,AWNING2 無顯示,index_aligned,manual_only,KW-ALIAS-CHECK,manual,from step splitting parser v1; prefill_v1:ui_or_device_check,manual_only,tap,todo_alias,pending,pending,pending,pending
CCU-232213-1,CCU-232213-1-S1,CCU-232213,1,1,查看 APP,SLIDE1 無顯示,index_aligned,manual_only,KW-ALIAS-CHECK,manual,from step splitting parser v1; prefill_v1:ui_or_device_check,manual_only,tap,todo_alias,pending,pending,pending,pending
CCU-232214-1,CCU-232214-1-S1,CCU-232214,1,1,查看 APP,SLIDE2 無顯示,index_aligned,manual_only,KW-ALIAS-CHECK,manual,from step splitting parser v1; prefill_v1:ui_or_device_check,manual_only,tap,todo_alias,pending,pending,pending,pending
CCU-232215-1,CCU-232215-1-S1,CCU-232215,1,1,查看 APP,SLIDE3 無顯示,index_aligned,manual_only,KW-ALIAS-CHECK,manual,from step splitting parser v1; prefill_v1:ui_or_device_check,manual_only,tap,todo_alias,pending,pending,pending,pending
CCU-232216-1,CCU-232216-1-S1,CCU-232216,1,1,查看 APP,SLIDE4 無顯示,index_aligned,manual_only,KW-ALIAS-CHECK,manual,from step splitting parser v1; prefill_v1:ui_or_device_check,manual_only,tap,todo_alias,pending,pending,pending,pending
CCU-232217-1,CCU-232217-1-S1,CCU-232217,1,1,查看 APP,SLIDE5 無顯示,index_aligned,manual_only,KW-ALIAS-CHECK,manual,from step splitting parser v1; prefill_v1:ui_or_device_check,manual_only,tap,todo_alias,pending,pending,pending,pending
CCU-232218-1,CCU-232218-1-S1,CCU-232218,1,1,查看 APP,GRAY2 無顯示,index_aligned,manual_only,KW-ALIAS-CHECK,manual,from step splitting parser v1; prefill_v1:ui_or_device_check,manual_only,tap,todo_alias,pending,pending,pending,pending
CCU-232219-1,CCU-232219-1-S1,CCU-232219,1,1,查看 APP,GRAY3 無顯示,index_aligned,manual_only,KW-ALIAS-CHECK,manual,from step splitting parser v1; prefill_v1:ui_or_device_check,manual_only,tap,todo_alias,pending,pending,pending,pending
CCU-232220-1,CCU-232220-1-S1,CCU-232220,1,1,查看 APP,BLACK2 無顯示,index_aligned,manual_only,KW-ALIAS-CHECK,manual,from step splitting parser v1; prefill_v1:ui_or_device_check,manual_only,tap,todo_alias,pending,pending,pending,pending
CCU-232221-1,CCU-232221-1-S1,CCU-232221,1,1,查看 APP,WiFi 無顯示,index_aligned,manual_only,KW-ALIAS-CHECK,manual,from step splitting parser v1; prefill_v1:ui_or_device_check,manual_only,tap,wifi_status_label,pending,pending,pending,pending
CCU-143-1,CCU-143-1-S1,CCU-143,1,1,點擊 上下左右,動作流程需符合 [tlInlineImage]2[/tlInlineImage],index_aligned,manual_only,KW-ALIAS-CLICK,manual,from step splitting parser v1; prefill_v1:ui_action_click,manual_only,tap,todo_alias,pending,pending,pending,pending
CCU-143-2,CCU-143-2-S1,CCU-143,2,1,idle 7 sec,動作流程符合附件,index_aligned,unmapped,,,from step splitting parser v1,unmapped,tap,todo_alias,pending,pending,pending,pending
CCU-143-3,CCU-143-3-S1,CCU-143,3,1,"設定 ""mode & fan""",動作流程符合附件,index_aligned,manual_only,KW-ALIAS-SET,manual,from step splitting parser v1; prefill_v1:set_or_select,manual_only,tap,settings_button,pending,pending,pending,pending
CCU-143-4,CCU-143-4-S1,CCU-143,4,1,"設定 ""temp""",動作流程符合附件,index_aligned,manual_only,KW-ALIAS-SET,manual,from step splitting parser v1; prefill_v1:set_or_select,manual_only,tap,settings_button,pending,pending,pending,pending
CCU-143-5,CCU-143-5-S1,CCU-143,5,1,"回到 “options""",符合附件,index_aligned,unmapped,KW-ALIAS-NAVIGATION,manual,from step splitting parser v1; prefill_v2:navigation_flow,manual_only,tap,todo_alias,pending,pending,pending,pending
CCU-143-6,CCU-143-6-S1,CCU-143,6,1,短按 及 長按,動作正確,index_aligned,unmapped,KW-ALIAS-CLICK,manual,from step splitting parser v1; prefill_v1:ui_action_click,manual_only,tap,todo_alias,pending,pending,pending,pending
CCU-174-1,CCU-174-1-S1,CCU-174,1,1,步驟 1: 點擊按鈕 | 預期結果: 1. 介面顯示 一個選取方塊,測試通過,index_aligned,unmapped,,,from step splitting parser v1,unmapped,tap,todo_alias,pending,pending,pending,pending
CCU-176-1,CCU-176-1-S1,CCU-176,1,1,"步驟 1: 無動作 | 預期結果: 1. 應選取 ""ZONE 1""溫度數值",測試通過,index_aligned,unmapped,,,from step splitting parser v1,unmapped,tap,todo_alias,pending,pending,pending,pending
CCU-177-1,CCU-177-1-S1,CCU-177,1,1,長按 上下 增加設定數值,長按 上下 連續增加設定數值,index_aligned,unmapped,KW-ALIAS-CLICK,manual,from step splitting parser v1; prefill_v1:ui_action_click,manual_only,tap,settings_button,pending,pending,pending,pending
CCU-177-1,CCU-177-1-S2,CCU-177,1,2,長按 上下 增加設定數值,點擊 上下 增加設定數值+/- 1,index_aligned,unmapped,KW-ALIAS-CLICK,manual,from step splitting parser v1; prefill_v1:ui_action_click,manual_only,tap,settings_button,pending,pending,pending,pending
CCU-177-1,CCU-177-1-S3,CCU-177,1,3,長按 上下 增加設定數值,點擊 左右 切換 ZONE,index_aligned,unmapped,KW-ALIAS-CLICK,manual,from step splitting parser v1; prefill_v1:ui_action_click,manual_only,tap,settings_button,pending,pending,pending,pending
CCU-177-1,CCU-177-1-S4,CCU-177,1,4,長按 上下 增加設定數值,"點擊 “SEL"" 儲存設定",index_aligned,unmapped,KW-ALIAS-CLICK,manual,from step splitting parser v1; prefill_v1:ui_action_click,manual_only,tap,save_button,pending,pending,pending,pending
CCU-177-1,CCU-177-1-S5,CCU-177,1,5,長按 上下 增加設定數值,點擊 “BACK” 不儲存回到主選單 顯示正常,index_aligned,unmapped,KW-ALIAS-CLICK,manual,from step splitting parser v1; prefill_v1:ui_action_click,manual_only,tap,back_button,pending,pending,pending,pending
CCU-177-1,CCU-177-1-S6,CCU-177,1,6,長按 上下 增加設定數值,閒置7秒 回到主選單 不選取物件 顯示正常,index_aligned,unmapped,KW-ALIAS-CLICK,manual,from step splitting parser v1; prefill_v1:ui_action_click,manual_only,tap,settings_button,pending,pending,pending,pending
CCU-177-2,CCU-177-2-S1,CCU-177,2,1,點擊 上下 增加設定數值,長按 上下 連續增加設定數值,index_aligned,manual_only,KW-ALIAS-CLICK,manual,from step splitting parser v1; prefill_v1:ui_action_click,manual_only,tap,settings_button,pending,pending,pending,pending
CCU-177-2,CCU-177-2-S2,CCU-177,2,2,點擊 上下 增加設定數值,點擊 上下 增加設定數值+/- 1,index_aligned,manual_only,KW-ALIAS-CLICK,manual,from step splitting parser v1; prefill_v1:ui_action_click,manual_only,tap,settings_button,pending,pending,pending,pending
CCU-177-2,CCU-177-2-S3,CCU-177,2,3,點擊 上下 增加設定數值,點擊 左右 切換 ZONE,index_aligned,manual_only,KW-ALIAS-CLICK,manual,from step splitting parser v1; prefill_v1:ui_action_click,manual_only,tap,settings_button,pending,pending,pending,pending
CCU-177-2,CCU-177-2-S4,CCU-177,2,4,點擊 上下 增加設定數值,"點擊 “SEL"" 儲存設定",index_aligned,manual_only,KW-ALIAS-CLICK,manual,from step splitting parser v1; prefill_v1:ui_action_click,manual_only,tap,save_button,pending,pending,pending,pending
CCU-177-2,CCU-177-2-S5,CCU-177,2,5,點擊 上下 增加設定數值,點擊 “BACK” 不儲存回到主選單 顯示正常,index_aligned,manual_only,KW-ALIAS-CLICK,manual,from step splitting parser v1; prefill_v1:ui_action_click,manual_only,tap,back_button,pending,pending,pending,pending
CCU-177-2,CCU-177-2-S6,CCU-177,2,6,點擊 上下 增加設定數值,閒置7秒 回到主選單 不選取物件 顯示正常,index_aligned,manual_only,KW-ALIAS-CLICK,manual,from step splitting parser v1; prefill_v1:ui_action_click,manual_only,tap,settings_button,pending,pending,pending,pending
CCU-177-3,CCU-177-3-S1,CCU-177,3,1,點擊 左右 切換 ZONE,長按 上下 連續增加設定數值,index_aligned,manual_only,KW-ALIAS-CLICK,manual,from step splitting parser v1; prefill_v1:ui_action_click,manual_only,tap,settings_button,pending,pending,pending,pending
CCU-177-3,CCU-177-3-S2,CCU-177,3,2,點擊 左右 切換 ZONE,點擊 上下 增加設定數值+/- 1,index_aligned,manual_only,KW-ALIAS-CLICK,manual,from step splitting parser v1; prefill_v1:ui_action_click,manual_only,tap,settings_button,pending,pending,pending,pending
CCU-177-3,CCU-177-3-S3,CCU-177,3,3,點擊 左右 切換 ZONE,點擊 左右 切換 ZONE,index_aligned,manual_only,KW-ALIAS-CLICK,manual,from step splitting parser v1; prefill_v1:ui_action_click,manual_only,tap,todo_alias,pending,pending,pending,pending
CCU-177-3,CCU-177-3-S4,CCU-177,3,4,點擊 左右 切換 ZONE,"點擊 “SEL"" 儲存設定",index_aligned,manual_only,KW-ALIAS-CLICK,manual,from step splitting parser v1; prefill_v1:ui_action_click,manual_only,tap,save_button,pending,pending,pending,pending
CCU-177-3,CCU-177-3-S5,CCU-177,3,5,點擊 左右 切換 ZONE,點擊 “BACK” 不儲存回到主選單 顯示正常,index_aligned,manual_only,KW-ALIAS-CLICK,manual,from step splitting parser v1; prefill_v1:ui_action_click,manual_only,tap,back_button,pending,pending,pending,pending
CCU-177-3,CCU-177-3-S6,CCU-177,3,6,點擊 左右 切換 ZONE,閒置7秒 回到主選單 不選取物件 顯示正常,index_aligned,manual_only,KW-ALIAS-CLICK,manual,from step splitting parser v1; prefill_v1:ui_action_click,manual_only,tap,todo_alias,pending,pending,pending,pending
CCU-177-4,CCU-177-4-S1,CCU-177,4,1,"點擊 “SEL"" 儲存設定",長按 上下 連續增加設定數值,index_aligned,manual_only,KW-ALIAS-CLICK,manual,from step splitting parser v1; prefill_v1:ui_action_click,manual_only,tap,save_button,pending,pending,pending,pending
CCU-177-4,CCU-177-4-S2,CCU-177,4,2,"點擊 “SEL"" 儲存設定",點擊 上下 增加設定數值+/- 1,index_aligned,manual_only,KW-ALIAS-CLICK,manual,from step splitting parser v1; prefill_v1:ui_action_click,manual_only,tap,save_button,pending,pending,pending,pending
CCU-177-4,CCU-177-4-S3,CCU-177,4,3,"點擊 “SEL"" 儲存設定",點擊 左右 切換 ZONE,index_aligned,manual_only,KW-ALIAS-CLICK,manual,from step splitting parser v1; prefill_v1:ui_action_click,manual_only,tap,save_button,pending,pending,pending,pending
CCU-177-4,CCU-177-4-S4,CCU-177,4,4,"點擊 “SEL"" 儲存設定","點擊 “SEL"" 儲存設定",index_aligned,manual_only,KW-ALIAS-CLICK,manual,from step splitting parser v1; prefill_v1:ui_action_click,manual_only,tap,save_button,pending,pending,pending,pending
CCU-177-4,CCU-177-4-S5,CCU-177,4,5,"點擊 “SEL"" 儲存設定",點擊 “BACK” 不儲存回到主選單 顯示正常,index_aligned,manual_only,KW-ALIAS-CLICK,manual,from step splitting parser v1; prefill_v1:ui_action_click,manual_only,tap,back_button,pending,pending,pending,pending
CCU-177-4,CCU-177-4-S6,CCU-177,4,6,"點擊 “SEL"" 儲存設定",閒置7秒 回到主選單 不選取物件 顯示正常,index_aligned,manual_only,KW-ALIAS-CLICK,manual,from step splitting parser v1; prefill_v1:ui_action_click,manual_only,tap,save_button,pending,pending,pending,pending
CCU-177-5,CCU-177-5-S1,CCU-177,5,1,點擊 “BACK” 不儲存回到主選單,長按 上下 連續增加設定數值,index_aligned,manual_only,KW-ALIAS-CLICK,manual,from step splitting parser v1; prefill_v1:ui_action_click,manual_only,tap,back_button,pending,pending,pending,pending
CCU-177-5,CCU-177-5-S2,CCU-177,5,2,點擊 “BACK” 不儲存回到主選單,點擊 上下 增加設定數值+/- 1,index_aligned,manual_only,KW-ALIAS-CLICK,manual,from step splitting parser v1; prefill_v1:ui_action_click,manual_only,tap,back_button,pending,pending,pending,pending
CCU-177-5,CCU-177-5-S3,CCU-177,5,3,點擊 “BACK” 不儲存回到主選單,點擊 左右 切換 ZONE,index_aligned,manual_only,KW-ALIAS-CLICK,manual,from step splitting parser v1; prefill_v1:ui_action_click,manual_only,tap,back_button,pending,pending,pending,pending
CCU-177-5,CCU-177-5-S4,CCU-177,5,4,點擊 “BACK” 不儲存回到主選單,"點擊 “SEL"" 儲存設定",index_aligned,manual_only,KW-ALIAS-CLICK,manual,from step splitting parser v1; prefill_v1:ui_action_click,manual_only,tap,back_button,pending,pending,pending,pending
CCU-177-5,CCU-177-5-S5,CCU-177,5,5,點擊 “BACK” 不儲存回到主選單,點擊 “BACK” 不儲存回到主選單 顯示正常,index_aligned,manual_only,KW-ALIAS-CLICK,manual,from step splitting parser v1; prefill_v1:ui_action_click,manual_only,tap,back_button,pending,pending,pending,pending
CCU-177-5,CCU-177-5-S6,CCU-177,5,6,點擊 “BACK” 不儲存回到主選單,閒置7秒 回到主選單 不選取物件 顯示正常,index_aligned,manual_only,KW-ALIAS-CLICK,manual,from step splitting parser v1; prefill_v1:ui_action_click,manual_only,tap,back_button,pending,pending,pending,pending
CCU-177-6,CCU-177-6-S1,CCU-177,6,1,閒置7秒 回到主選單 不選取物件,長按 上下 連續增加設定數值,index_aligned,unmapped,KW-ALIAS-NAVIGATION,manual,from step splitting parser v1; prefill_v2:navigation_flow,manual_only,tap,settings_button,pending,pending,pending,pending
CCU-177-6,CCU-177-6-S2,CCU-177,6,2,閒置7秒 回到主選單 不選取物件,點擊 上下 增加設定數值+/- 1,index_aligned,unmapped,KW-ALIAS-NAVIGATION,manual,from step splitting parser v1; prefill_v2:navigation_flow,manual_only,tap,settings_button,pending,pending,pending,pending
CCU-177-6,CCU-177-6-S3,CCU-177,6,3,閒置7秒 回到主選單 不選取物件,點擊 左右 切換 ZONE,index_aligned,unmapped,KW-ALIAS-NAVIGATION,manual,from step splitting parser v1; prefill_v2:navigation_flow,manual_only,tap,todo_alias,pending,pending,pending,pending
CCU-177-6,CCU-177-6-S4,CCU-177,6,4,閒置7秒 回到主選單 不選取物件,"點擊 “SEL"" 儲存設定",index_aligned,unmapped,KW-ALIAS-NAVIGATION,manual,from step splitting parser v1; prefill_v2:navigation_flow,manual_only,tap,save_button,pending,pending,pending,pending
CCU-177-6,CCU-177-6-S5,CCU-177,6,5,閒置7秒 回到主選單 不選取物件,點擊 “BACK” 不儲存回到主選單 顯示正常,index_aligned,unmapped,KW-ALIAS-NAVIGATION,manual,from step splitting parser v1; prefill_v2:navigation_flow,manual_only,tap,back_button,pending,pending,pending,pending
CCU-177-6,CCU-177-6-S6,CCU-177,6,6,閒置7秒 回到主選單 不選取物件,閒置7秒 回到主選單 不選取物件 顯示正常,index_aligned,unmapped,KW-ALIAS-NAVIGATION,manual,from step splitting parser v1; prefill_v2:navigation_flow,manual_only,tap,todo_alias,pending,pending,pending,pending
CCU-178-1,CCU-178-1-S1,CCU-178,1,1,點擊 上下 會切換 模式及風速,點擊 上下 會切換 模式及風速,index_aligned,manual_only,KW-ALIAS-CLICK,manual,from step splitting parser v1; prefill_v1:ui_action_click,manual_only,tap,todo_alias,pending,pending,pending,pending
CCU-178-1,CCU-178-1-S2,CCU-178,1,2,點擊 上下 會切換 模式及風速,點擊 左右 會切換 模式及風速 的 模式,index_aligned,manual_only,KW-ALIAS-CLICK,manual,from step splitting parser v1; prefill_v1:ui_action_click,manual_only,tap,todo_alias,pending,pending,pending,pending
CCU-178-1,CCU-178-1-S3,CCU-178,1,3,點擊 上下 會切換 模式及風速,點擊 “SEL” 設定選取的物件,index_aligned,manual_only,KW-ALIAS-CLICK,manual,from step splitting parser v1; prefill_v1:ui_action_click,manual_only,tap,settings_button,pending,pending,pending,pending
CCU-178-1,CCU-178-1-S4,CCU-178,1,4,點擊 上下 會切換 模式及風速,雙擊 “SEL” 回到主選單,index_aligned,manual_only,KW-ALIAS-CLICK,manual,from step splitting parser v1; prefill_v1:ui_action_click,manual_only,tap,todo_alias,pending,pending,pending,pending
CCU-178-1,CCU-178-1-S5,CCU-178,1,5,點擊 上下 會切換 模式及風速,點擊 “BACK”回到主選單,index_aligned,manual_only,KW-ALIAS-CLICK,manual,from step splitting parser v1; prefill_v1:ui_action_click,manual_only,tap,back_button,pending,pending,pending,pending
CCU-178-1,CCU-178-1-S6,CCU-178,1,6,點擊 上下 會切換 模式及風速,閒置7秒 回到 主選單 不選取任何物件,index_aligned,manual_only,KW-ALIAS-CLICK,manual,from step splitting parser v1; prefill_v1:ui_action_click,manual_only,tap,todo_alias,pending,pending,pending,pending
CCU-178-2,CCU-178-2-S1,CCU-178,2,1,點擊 左右 會切換 模式及風速 的 模式,點擊 上下 會切換 模式及風速,index_aligned,manual_only,KW-ALIAS-CLICK,manual,from step splitting parser v1; prefill_v1:ui_action_click,manual_only,tap,todo_alias,pending,pending,pending,pending
CCU-178-2,CCU-178-2-S2,CCU-178,2,2,點擊 左右 會切換 模式及風速 的 模式,點擊 左右 會切換 模式及風速 的 模式,index_aligned,manual_only,KW-ALIAS-CLICK,manual,from step splitting parser v1; prefill_v1:ui_action_click,manual_only,tap,todo_alias,pending,pending,pending,pending
CCU-178-2,CCU-178-2-S3,CCU-178,2,3,點擊 左右 會切換 模式及風速 的 模式,點擊 “SEL” 設定選取的物件,index_aligned,manual_only,KW-ALIAS-CLICK,manual,from step splitting parser v1; prefill_v1:ui_action_click,manual_only,tap,settings_button,pending,pending,pending,pending
CCU-178-2,CCU-178-2-S4,CCU-178,2,4,點擊 左右 會切換 模式及風速 的 模式,雙擊 “SEL” 回到主選單,index_aligned,manual_only,KW-ALIAS-CLICK,manual,from step splitting parser v1; prefill_v1:ui_action_click,manual_only,tap,todo_alias,pending,pending,pending,pending
CCU-178-2,CCU-178-2-S5,CCU-178,2,5,點擊 左右 會切換 模式及風速 的 模式,點擊 “BACK”回到主選單,index_aligned,manual_only,KW-ALIAS-CLICK,manual,from step splitting parser v1; prefill_v1:ui_action_click,manual_only,tap,back_button,pending,pending,pending,pending
CCU-178-2,CCU-178-2-S6,CCU-178,2,6,點擊 左右 會切換 模式及風速 的 模式,閒置7秒 回到 主選單 不選取任何物件,index_aligned,manual_only,KW-ALIAS-CLICK,manual,from step splitting parser v1; prefill_v1:ui_action_click,manual_only,tap,todo_alias,pending,pending,pending,pending
CCU-178-3,CCU-178-3-S1,CCU-178,3,1,點擊 “SEL” 設定選取的物件,點擊 上下 會切換 模式及風速,index_aligned,manual_only,KW-ALIAS-CLICK,manual,from step splitting parser v1; prefill_v1:ui_action_click,manual_only,tap,settings_button,pending,pending,pending,pending
CCU-178-3,CCU-178-3-S2,CCU-178,3,2,點擊 “SEL” 設定選取的物件,點擊 左右 會切換 模式及風速 的 模式,index_aligned,manual_only,KW-ALIAS-CLICK,manual,from step splitting parser v1; prefill_v1:ui_action_click,manual_only,tap,settings_button,pending,pending,pending,pending
CCU-178-3,CCU-178-3-S3,CCU-178,3,3,點擊 “SEL” 設定選取的物件,點擊 “SEL” 設定選取的物件,index_aligned,manual_only,KW-ALIAS-CLICK,manual,from step splitting parser v1; prefill_v1:ui_action_click,manual_only,tap,settings_button,pending,pending,pending,pending
CCU-178-3,CCU-178-3-S4,CCU-178,3,4,點擊 “SEL” 設定選取的物件,雙擊 “SEL” 回到主選單,index_aligned,manual_only,KW-ALIAS-CLICK,manual,from step splitting parser v1; prefill_v1:ui_action_click,manual_only,tap,settings_button,pending,pending,pending,pending
CCU-178-3,CCU-178-3-S5,CCU-178,3,5,點擊 “SEL” 設定選取的物件,點擊 “BACK”回到主選單,index_aligned,manual_only,KW-ALIAS-CLICK,manual,from step splitting parser v1; prefill_v1:ui_action_click,manual_only,tap,back_button,pending,pending,pending,pending
CCU-178-3,CCU-178-3-S6,CCU-178,3,6,點擊 “SEL” 設定選取的物件,閒置7秒 回到 主選單 不選取任何物件,index_aligned,manual_only,KW-ALIAS-CLICK,manual,from step splitting parser v1; prefill_v1:ui_action_click,manual_only,tap,settings_button,pending,pending,pending,pending
CCU-178-4,CCU-178-4-S1,CCU-178,4,1,雙擊 “SEL” 回到主選單,點擊 上下 會切換 模式及風速,index_aligned,unmapped,KW-ALIAS-NAVIGATION,manual,from step splitting parser v1; prefill_v2:navigation_flow,manual_only,tap,todo_alias,pending,pending,pending,pending
CCU-178-4,CCU-178-4-S2,CCU-178,4,2,雙擊 “SEL” 回到主選單,點擊 左右 會切換 模式及風速 的 模式,index_aligned,unmapped,KW-ALIAS-NAVIGATION,manual,from step splitting parser v1; prefill_v2:navigation_flow,manual_only,tap,todo_alias,pending,pending,pending,pending
CCU-178-4,CCU-178-4-S3,CCU-178,4,3,雙擊 “SEL” 回到主選單,點擊 “SEL” 設定選取的物件,index_aligned,unmapped,KW-ALIAS-NAVIGATION,manual,from step splitting parser v1; prefill_v2:navigation_flow,manual_only,tap,settings_button,pending,pending,pending,pending
CCU-178-4,CCU-178-4-S4,CCU-178,4,4,雙擊 “SEL” 回到主選單,雙擊 “SEL” 回到主選單,index_aligned,unmapped,KW-ALIAS-NAVIGATION,manual,from step splitting parser v1; prefill_v2:navigation_flow,manual_only,tap,todo_alias,pending,pending,pending,pending
CCU-178-4,CCU-178-4-S5,CCU-178,4,5,雙擊 “SEL” 回到主選單,點擊 “BACK”回到主選單,index_aligned,unmapped,KW-ALIAS-NAVIGATION,manual,from step splitting parser v1; prefill_v2:navigation_flow,manual_only,tap,back_button,pending,pending,pending,pending
CCU-178-4,CCU-178-4-S6,CCU-178,4,6,雙擊 “SEL” 回到主選單,閒置7秒 回到 主選單 不選取任何物件,index_aligned,unmapped,KW-ALIAS-NAVIGATION,manual,from step splitting parser v1; prefill_v2:navigation_flow,manual_only,tap,todo_alias,pending,pending,pending,pending
CCU-178-5,CCU-178-5-S1,CCU-178,5,1,點擊 “BACK”回到主選單,點擊 上下 會切換 模式及風速,index_aligned,manual_only,KW-ALIAS-CLICK,manual,from step splitting parser v1; prefill_v1:ui_action_click,manual_only,tap,back_button,pending,pending,pending,pending
CCU-178-5,CCU-178-5-S2,CCU-178,5,2,點擊 “BACK”回到主選單,點擊 左右 會切換 模式及風速 的 模式,index_aligned,manual_only,KW-ALIAS-CLICK,manual,from step splitting parser v1; prefill_v1:ui_action_click,manual_only,tap,back_button,pending,pending,pending,pending
CCU-178-5,CCU-178-5-S3,CCU-178,5,3,點擊 “BACK”回到主選單,點擊 “SEL” 設定選取的物件,index_aligned,manual_only,KW-ALIAS-CLICK,manual,from step splitting parser v1; prefill_v1:ui_action_click,manual_only,tap,back_button,pending,pending,pending,pending
CCU-178-5,CCU-178-5-S4,CCU-178,5,4,點擊 “BACK”回到主選單,雙擊 “SEL” 回到主選單,index_aligned,manual_only,KW-ALIAS-CLICK,manual,from step splitting parser v1; prefill_v1:ui_action_click,manual_only,tap,back_button,pending,pending,pending,pending
CCU-178-5,CCU-178-5-S5,CCU-178,5,5,點擊 “BACK”回到主選單,點擊 “BACK”回到主選單,index_aligned,manual_only,KW-ALIAS-CLICK,manual,from step splitting parser v1; prefill_v1:ui_action_click,manual_only,tap,back_button,pending,pending,pending,pending
CCU-178-5,CCU-178-5-S6,CCU-178,5,6,點擊 “BACK”回到主選單,閒置7秒 回到 主選單 不選取任何物件,index_aligned,manual_only,KW-ALIAS-CLICK,manual,from step splitting parser v1; prefill_v1:ui_action_click,manual_only,tap,back_button,pending,pending,pending,pending
CCU-178-6,CCU-178-6-S1,CCU-178,6,1,閒置7秒 回到 主選單 不選取任何物件,點擊 上下 會切換 模式及風速,index_aligned,unmapped,KW-ALIAS-NAVIGATION,manual,from step splitting parser v1; prefill_v2:navigation_flow,manual_only,tap,todo_alias,pending,pending,pending,pending
CCU-178-6,CCU-178-6-S2,CCU-178,6,2,閒置7秒 回到 主選單 不選取任何物件,點擊 左右 會切換 模式及風速 的 模式,index_aligned,unmapped,KW-ALIAS-NAVIGATION,manual,from step splitting parser v1; prefill_v2:navigation_flow,manual_only,tap,todo_alias,pending,pending,pending,pending
CCU-178-6,CCU-178-6-S3,CCU-178,6,3,閒置7秒 回到 主選單 不選取任何物件,點擊 “SEL” 設定選取的物件,index_aligned,unmapped,KW-ALIAS-NAVIGATION,manual,from step splitting parser v1; prefill_v2:navigation_flow,manual_only,tap,settings_button,pending,pending,pending,pending
CCU-178-6,CCU-178-6-S4,CCU-178,6,4,閒置7秒 回到 主選單 不選取任何物件,雙擊 “SEL” 回到主選單,index_aligned,unmapped,KW-ALIAS-NAVIGATION,manual,from step splitting parser v1; prefill_v2:navigation_flow,manual_only,tap,todo_alias,pending,pending,pending,pending
CCU-178-6,CCU-178-6-S5,CCU-178,6,5,閒置7秒 回到 主選單 不選取任何物件,點擊 “BACK”回到主選單,index_aligned,unmapped,KW-ALIAS-NAVIGATION,manual,from step splitting parser v1; prefill_v2:navigation_flow,manual_only,tap,back_button,pending,pending,pending,pending
CCU-178-6,CCU-178-6-S6,CCU-178,6,6,閒置7秒 回到 主選單 不選取任何物件,閒置7秒 回到 主選單 不選取任何物件,index_aligned,unmapped,KW-ALIAS-NAVIGATION,manual,from step splitting parser v1; prefill_v2:navigation_flow,manual_only,tap,todo_alias,pending,pending,pending,pending
CCU-180-1,CCU-180-1-S1,CCU-180,1,1,步驟 1: 無動作計時三分鐘 | 預期結果: LCD背光自動關閉,測試通過,index_aligned,unmapped,KW-ALIAS-DEVICE-STATE,manual,from step splitting parser v1; prefill_v2:device_state,manual_only,tap,todo_alias,pending,pending,pending,pending
CCU-181-1,CCU-181-1-S1,CCU-181,1,1,步驟 1: 點擊 IOT面板 的 HVAC按鈕 | 預期結果:,測試通過,expected_attached_to_first,unmapped,,,from step splitting parser v1,unmapped,tap,todo_alias,pending,pending,pending,pending
CCU-181-1,CCU-181-1-S2,CCU-181,1,2,IOT面板HVAC按鈕由藍轉白,,expected_attached_to_first,unmapped,,,from step splitting parser v1,unmapped,tap,todo_alias,pending,pending,pending,pending
CCU-181-1,CCU-181-1-S3,CCU-181,1,3,LCD面板 mode & fan default = OFF & LOW 與 上一次設定切換,,expected_attached_to_first,unmapped,KW-ALIAS-DEVICE-STATE,manual,from step splitting parser v1; prefill_v2:device_state,manual_only,tap,settings_button,pending,pending,pending,pending
CCU-182-1,CCU-182-1-S1,CCU-182,1,1,步驟 1: 選取進入option | 預期結果: 選取方塊 外框為白色 選定為白底黑字,測試通過,index_aligned,unmapped,,,from step splitting parser v1,unmapped,tap,todo_alias,pending,pending,pending,pending
CCU-183-1,CCU-183-1-S1,CCU-183,1,1,點擊進入Options頁面,快捷功能,index_aligned,manual_only,KW-ALIAS-CLICK,manual,from step splitting parser v1; prefill_v1:ui_action_click,manual_only,tap,todo_alias,pending,pending,pending,pending
CCU-183-1,CCU-183-1-S2,CCU-183,1,2,點擊進入Options頁面,預設值為 Llight 1,index_aligned,manual_only,KW-ALIAS-CLICK,manual,from step splitting parser v1; prefill_v1:ui_action_click,manual_only,tap,todo_alias,pending,pending,pending,pending
CCU-183-1,CCU-183-1-S3,CCU-183,1,3,點擊進入Options頁面,設定後 與 Light 3 互動,index_aligned,manual_only,KW-ALIAS-CLICK,manual,from step splitting parser v1; prefill_v1:ui_action_click,manual_only,tap,settings_button,pending,pending,pending,pending
CCU-183-2,CCU-183-2-S1,CCU-183,2,1,點擊 進入A 點擊 Light 1 設定到 Light 3,快捷功能,index_aligned,manual_only,KW-ALIAS-CLICK,manual,from step splitting parser v1; prefill_v1:ui_action_click,manual_only,tap,settings_button,pending,pending,pending,pending
CCU-183-2,CCU-183-2-S2,CCU-183,2,2,點擊 進入A 點擊 Light 1 設定到 Light 3,預設值為 Llight 1,index_aligned,manual_only,KW-ALIAS-CLICK,manual,from step splitting parser v1; prefill_v1:ui_action_click,manual_only,tap,settings_button,pending,pending,pending,pending
CCU-183-2,CCU-183-2-S3,CCU-183,2,3,點擊 進入A 點擊 Light 1 設定到 Light 3,設定後 與 Light 3 互動,index_aligned,manual_only,KW-ALIAS-CLICK,manual,from step splitting parser v1; prefill_v1:ui_action_click,manual_only,tap,settings_button,pending,pending,pending,pending
CCU-184-1,CCU-184-1-S1,CCU-184,1,1,點擊進入Options頁面,快捷功能,index_aligned,manual_only,KW-ALIAS-CLICK,manual,from step splitting parser v1; prefill_v1:ui_action_click,manual_only,tap,todo_alias,pending,pending,pending,pending
CCU-184-1,CCU-184-1-S2,CCU-184,1,2,點擊進入Options頁面,預設值為 Llight 2,index_aligned,manual_only,KW-ALIAS-CLICK,manual,from step splitting parser v1; prefill_v1:ui_action_click,manual_only,tap,todo_alias,pending,pending,pending,pending
CCU-184-1,CCU-184-1-S3,CCU-184,1,3,點擊進入Options頁面,設定後 與 Light 4 互動,index_aligned,manual_only,KW-ALIAS-CLICK,manual,from step splitting parser v1; prefill_v1:ui_action_click,manual_only,tap,settings_button,pending,pending,pending,pending
CCU-184-2,CCU-184-2-S1,CCU-184,2,1,點擊 進入B 點擊 Light 2 設定到 Light 4,快捷功能,index_aligned,manual_only,KW-ALIAS-CLICK,manual,from step splitting parser v1; prefill_v1:ui_action_click,manual_only,tap,settings_button,pending,pending,pending,pending
CCU-184-2,CCU-184-2-S2,CCU-184,2,2,點擊 進入B 點擊 Light 2 設定到 Light 4,預設值為 Llight 2,index_aligned,manual_only,KW-ALIAS-CLICK,manual,from step splitting parser v1; prefill_v1:ui_action_click,manual_only,tap,settings_button,pending,pending,pending,pending
CCU-184-2,CCU-184-2-S3,CCU-184,2,3,點擊 進入B 點擊 Light 2 設定到 Light 4,設定後 與 Light 4 互動,index_aligned,manual_only,KW-ALIAS-CLICK,manual,from step splitting parser v1; prefill_v1:ui_action_click,manual_only,tap,settings_button,pending,pending,pending,pending
CCU-185-1,CCU-185-1-S1,CCU-185,1,1,點擊進入Options頁面,兩個暖氣裝置是否正常輸出,index_aligned,manual_only,KW-ALIAS-CLICK,manual,from step splitting parser v1; prefill_v1:ui_action_click,manual_only,tap,todo_alias,pending,pending,pending,pending
CCU-185-2,CCU-185-2-S1,CCU-185,2,1,進入Heating,兩個暖氣裝置是否正常輸出,index_aligned,unmapped,,,from step splitting parser v1,unmapped,tap,todo_alias,pending,pending,pending,pending
CCU-185-3,CCU-185-3-S1,CCU-185,3,1,點擊 Furnace + Heat Strip,兩個暖氣裝置是否正常輸出,index_aligned,manual_only,KW-ALIAS-CLICK,manual,from step splitting parser v1; prefill_v1:ui_action_click,manual_only,tap,todo_alias,pending,pending,pending,pending
CCU-185-4,CCU-185-4-S1,CCU-185,4,1,開啟暖氣,兩個暖氣裝置是否正常輸出,index_aligned,unmapped,KW-ALIAS-OPEN,manual,from step splitting parser v1; prefill_v1:open_or_enable,manual_only,tap,todo_alias,pending,pending,pending,pending
CCU-186-1,CCU-186-1-S1,CCU-186,1,1,點擊進入Options頁面,Furnace暖氣裝置是否正常輸出,index_aligned,manual_only,KW-ALIAS-CLICK,manual,from step splitting parser v1; prefill_v1:ui_action_click,manual_only,tap,todo_alias,pending,pending,pending,pending
CCU-186-2,CCU-186-2-S1,CCU-186,2,1,進入Heating,Furnace暖氣裝置是否正常輸出,index_aligned,unmapped,,,from step splitting parser v1,unmapped,tap,todo_alias,pending,pending,pending,pending
CCU-186-3,CCU-186-3-S1,CCU-186,3,1,點擊 Furnace,Furnace暖氣裝置是否正常輸出,index_aligned,manual_only,KW-ALIAS-CLICK,manual,from step splitting parser v1; prefill_v1:ui_action_click,manual_only,tap,todo_alias,pending,pending,pending,pending
CCU-186-4,CCU-186-4-S1,CCU-186,4,1,開啟暖氣,Furnace暖氣裝置是否正常輸出,index_aligned,unmapped,KW-ALIAS-OPEN,manual,from step splitting parser v1; prefill_v1:open_or_enable,manual_only,tap,todo_alias,pending,pending,pending,pending
CCU-187-1,CCU-187-1-S1,CCU-187,1,1,點擊進入Options頁面,Heat Strip暖氣裝置是否正常輸出,index_aligned,manual_only,KW-ALIAS-CLICK,manual,from step splitting parser v1; prefill_v1:ui_action_click,manual_only,tap,todo_alias,pending,pending,pending,pending
CCU-187-2,CCU-187-2-S1,CCU-187,2,1,進入Heating,Heat Strip暖氣裝置是否正常輸出,index_aligned,unmapped,,,from step splitting parser v1,unmapped,tap,todo_alias,pending,pending,pending,pending
CCU-187-3,CCU-187-3-S1,CCU-187,3,1,點擊 Heat Strip,Heat Strip暖氣裝置是否正常輸出,index_aligned,manual_only,KW-ALIAS-CLICK,manual,from step splitting parser v1; prefill_v1:ui_action_click,manual_only,tap,todo_alias,pending,pending,pending,pending
CCU-187-4,CCU-187-4-S1,CCU-187,4,1,開啟暖氣,Heat Strip暖氣裝置是否正常輸出,index_aligned,unmapped,KW-ALIAS-OPEN,manual,from step splitting parser v1; prefill_v1:open_or_enable,manual_only,tap,todo_alias,pending,pending,pending,pending
CCU-188-1,CCU-188-1-S1,CCU-188,1,1,點擊 進入 Config,對應的Tank 與主業面上方刻度表 開啟關閉相同,index_aligned,manual_only,KW-ALIAS-CLICK,manual,from step splitting parser v1; prefill_v1:ui_action_click,manual_only,tap,todo_alias,pending,pending,pending,pending
CCU-188-2,CCU-188-2-S1,CCU-188,2,1,點擊 Gray2 enable / enable,對應的Tank 與主業面上方刻度表 開啟關閉相同,index_aligned,manual_only,KW-ALIAS-CLICK,manual,from step splitting parser v1; prefill_v1:ui_action_click,manual_only,tap,todo_alias,pending,pending,pending,pending
CCU-188-3,CCU-188-3-S1,CCU-188,3,1,點擊 Gray3 enable / enable,對應的Tank 與主業面上方刻度表 開啟關閉相同,index_aligned,manual_only,KW-ALIAS-CLICK,manual,from step splitting parser v1; prefill_v1:ui_action_click,manual_only,tap,todo_alias,pending,pending,pending,pending
CCU-188-4,CCU-188-4-S1,CCU-188,4,1,點擊 Black2 enable / enable,對應的Tank 與主業面上方刻度表 開啟關閉相同,index_aligned,manual_only,KW-ALIAS-CLICK,manual,from step splitting parser v1; prefill_v1:ui_action_click,manual_only,tap,todo_alias,pending,pending,pending,pending
CCU-188-5,CCU-188-5-S1,CCU-188,5,1,點擊 Zone2 enable / enable,對應的Tank 與主業面上方刻度表 開啟關閉相同,index_aligned,manual_only,KW-ALIAS-CLICK,manual,from step splitting parser v1; prefill_v1:ui_action_click,manual_only,tap,todo_alias,pending,pending,pending,pending
CCU-189-1,CCU-189-1-S1,CCU-189,1,1,點擊進入Options頁面,是否與燒入版本相同,index_aligned,manual_only,KW-ALIAS-CLICK,manual,from step splitting parser v1; prefill_v1:ui_action_click,manual_only,tap,todo_alias,pending,pending,pending,pending
CCU-189-2,CCU-189-2-S1,CCU-189,2,1,進入version,是否與燒入版本相同,index_aligned,unmapped,,,from step splitting parser v1,unmapped,tap,todo_alias,pending,pending,pending,pending
CCU-231043-1,CCU-231043-1-S1,CCU-231043,1,1,LCD 主頁 FRESH,FRESH 顯示正常,index_aligned,unmapped,KW-ALIAS-DEVICE-STATE,manual,from step splitting parser v1; prefill_v2:device_state,manual_only,tap,todo_alias,pending,pending,pending,pending
CCU-231044-1,CCU-231044-1-S1,CCU-231044,1,1,LCD 主頁 GRAY,GRAY 顯示正常,index_aligned,unmapped,KW-ALIAS-DEVICE-STATE,manual,from step splitting parser v1; prefill_v2:device_state,manual_only,tap,todo_alias,pending,pending,pending,pending
CCU-231045-1,CCU-231045-1-S1,CCU-231045,1,1,LCD 主頁 BLACK,BLACK 顯示正常,index_aligned,unmapped,KW-ALIAS-DEVICE-STATE,manual,from step splitting parser v1; prefill_v2:device_state,manual_only,tap,todo_alias,pending,pending,pending,pending
CCU-231046-1,CCU-231046-1-S1,CCU-231046,1,1,LCD 主頁 GRAY_2,GRAY_2 顯示正常,index_aligned,unmapped,KW-ALIAS-DEVICE-STATE,manual,from step splitting parser v1; prefill_v2:device_state,manual_only,tap,todo_alias,pending,pending,pending,pending
CCU-231047-1,CCU-231047-1-S1,CCU-231047,1,1,LCD 主頁 GRAY_3,GRAY_3 顯示正常,index_aligned,unmapped,KW-ALIAS-DEVICE-STATE,manual,from step splitting parser v1; prefill_v2:device_state,manual_only,tap,todo_alias,pending,pending,pending,pending
CCU-231048-1,CCU-231048-1-S1,CCU-231048,1,1,LCD 主頁 BLACK_2,BLACK_2 顯示正常,index_aligned,unmapped,KW-ALIAS-DEVICE-STATE,manual,from step splitting parser v1; prefill_v2:device_state,manual_only,tap,todo_alias,pending,pending,pending,pending
CCU-231049-1,CCU-231049-1-S1,CCU-231049,1,1,點擊進入Options頁面,LCD 首頁 GRAY2 顯示正常,expected_attached_to_first,unmapped,KW-ALIAS-CLICK,manual,from step splitting parser v1; prefill_v1:ui_action_click,manual_only,tap,home_title,pending,pending,pending,pending
CCU-231049-1,CCU-231049-1-S2,CCU-231049,1,2,選取 Config,,expected_attached_to_first,unmapped,,,from step splitting parser v1,unmapped,tap,todo_alias,pending,pending,pending,pending
CCU-231049-1,CCU-231049-1-S3,CCU-231049,1,3,將 Gray2 選取為 Enable,,expected_attached_to_first,unmapped,,,from step splitting parser v1,unmapped,tap,todo_alias,pending,pending,pending,pending
CCU-231050-1,CCU-231050-1-S1,CCU-231050,1,1,點擊進入Options頁面,LCD 首頁 GRAY2 不顯示,expected_attached_to_first,unmapped,KW-ALIAS-CLICK,manual,from step splitting parser v1; prefill_v1:ui_action_click,manual_only,tap,home_title,pending,pending,pending,pending
CCU-231050-1,CCU-231050-1-S2,CCU-231050,1,2,選取 Config,,expected_attached_to_first,unmapped,,,from step splitting parser v1,unmapped,tap,todo_alias,pending,pending,pending,pending
CCU-231050-1,CCU-231050-1-S3,CCU-231050,1,3,將 Gray2 選取為 Disable,,expected_attached_to_first,unmapped,,,from step splitting parser v1,unmapped,tap,todo_alias,pending,pending,pending,pending
CCU-231051-1,CCU-231051-1-S1,CCU-231051,1,1,點擊進入Options頁面,LCD 首頁 GRAY3 顯示正常,expected_attached_to_first,unmapped,KW-ALIAS-CLICK,manual,from step splitting parser v1; prefill_v1:ui_action_click,manual_only,tap,home_title,pending,pending,pending,pending
CCU-231051-1,CCU-231051-1-S2,CCU-231051,1,2,選取 Config,,expected_attached_to_first,unmapped,,,from step splitting parser v1,unmapped,tap,todo_alias,pending,pending,pending,pending
CCU-231051-1,CCU-231051-1-S3,CCU-231051,1,3,將 Gray3 選取為 Enable,,expected_attached_to_first,unmapped,,,from step splitting parser v1,unmapped,tap,todo_alias,pending,pending,pending,pending
CCU-231052-1,CCU-231052-1-S1,CCU-231052,1,1,點擊進入Options頁面,LCD 首頁 GRAY3 不顯示,expected_attached_to_first,unmapped,KW-ALIAS-CLICK,manual,from step splitting parser v1; prefill_v1:ui_action_click,manual_only,tap,home_title,pending,pending,pending,pending
CCU-231052-1,CCU-231052-1-S2,CCU-231052,1,2,選取 Config,,expected_attached_to_first,unmapped,,,from step splitting parser v1,unmapped,tap,todo_alias,pending,pending,pending,pending
CCU-231052-1,CCU-231052-1-S3,CCU-231052,1,3,將 Gray3 選取為 Enable,,expected_attached_to_first,unmapped,,,from step splitting parser v1,unmapped,tap,todo_alias,pending,pending,pending,pending
CCU-231053-1,CCU-231053-1-S1,CCU-231053,1,1,點擊進入Options頁面,LCD 首頁 Black2 顯示正常,expected_attached_to_first,unmapped,KW-ALIAS-CLICK,manual,from step splitting parser v1; prefill_v1:ui_action_click,manual_only,tap,home_title,pending,pending,pending,pending
CCU-231053-1,CCU-231053-1-S2,CCU-231053,1,2,選取 Config,,expected_attached_to_first,unmapped,,,from step splitting parser v1,unmapped,tap,todo_alias,pending,pending,pending,pending
CCU-231053-1,CCU-231053-1-S3,CCU-231053,1,3,將 Black2 選取為 Enable,,expected_attached_to_first,unmapped,,,from step splitting parser v1,unmapped,tap,todo_alias,pending,pending,pending,pending
CCU-231054-1,CCU-231054-1-S1,CCU-231054,1,1,點擊進入Options頁面,LCD 首頁 Black2 不顯示,expected_attached_to_first,unmapped,KW-ALIAS-CLICK,manual,from step splitting parser v1; prefill_v1:ui_action_click,manual_only,tap,home_title,pending,pending,pending,pending
CCU-231054-1,CCU-231054-1-S2,CCU-231054,1,2,選取 Config,,expected_attached_to_first,unmapped,,,from step splitting parser v1,unmapped,tap,todo_alias,pending,pending,pending,pending
CCU-231054-1,CCU-231054-1-S3,CCU-231054,1,3,將 Black2 選取為 Enable,,expected_attached_to_first,unmapped,,,from step splitting parser v1,unmapped,tap,todo_alias,pending,pending,pending,pending
CCU-230989-1,CCU-230989-1-S1,CCU-230989,1,1,APP 完成連線,APP 連線成功,index_aligned,unmapped,,,from step splitting parser v1,unmapped,tap,success_message,pending,pending,pending,pending
CCU-230989-2,CCU-230989-2-S1,CCU-230989,2,1,Light 1 修改成 Living Room,Lcd light 1 的名稱會改變成 Living Room,index_aligned,unmapped,KW-ALIAS-DEVICE-STATE,manual,from step splitting parser v1; prefill_v2:device_state,manual_only,tap,todo_alias,pending,pending,pending,pending
CCU-191-1,CCU-191-1-S1,CCU-191,1,1,APP 完成連線,APP 連線成功,index_aligned,unmapped,,,from step splitting parser v1,unmapped,tap,success_message,pending,pending,pending,pending
CCU-191-2,CCU-191-2-S1,CCU-191,2,1,Light 2 修改成 Kitchen,Lcd light 2 的名稱會改變成 Kitchen,index_aligned,unmapped,KW-ALIAS-DEVICE-STATE,manual,from step splitting parser v1; prefill_v2:device_state,manual_only,tap,todo_alias,pending,pending,pending,pending
CCU-230991-1,CCU-230991-1-S1,CCU-230991,1,1,APP 完成連線,APP 連線成功,index_aligned,unmapped,,,from step splitting parser v1,unmapped,tap,success_message,pending,pending,pending,pending
CCU-230991-2,CCU-230991-2-S1,CCU-230991,2,1,Light 3 修改成 Bedroom,Lcd light 3 的名稱會改變成 Bedroom,index_aligned,unmapped,KW-ALIAS-DEVICE-STATE,manual,from step splitting parser v1; prefill_v2:device_state,manual_only,tap,todo_alias,pending,pending,pending,pending
CCU-230992-1,CCU-230992-1-S1,CCU-230992,1,1,APP 完成連線,APP 連線成功,index_aligned,unmapped,,,from step splitting parser v1,unmapped,tap,success_message,pending,pending,pending,pending
CCU-230992-2,CCU-230992-2-S1,CCU-230992,2,1,Light 4 修改成 Exterior,Lcd light 4 的名稱會改變成 Exterior,index_aligned,unmapped,KW-ALIAS-DEVICE-STATE,manual,from step splitting parser v1; prefill_v2:device_state,manual_only,tap,todo_alias,pending,pending,pending,pending
CCU-230993-1,CCU-230993-1-S1,CCU-230993,1,1,APP 完成連線,APP 連線成功,index_aligned,unmapped,,,from step splitting parser v1,unmapped,tap,success_message,pending,pending,pending,pending
CCU-230993-2,CCU-230993-2-S1,CCU-230993,2,1,Light 5 修改成 Bathroom,Lcd light 5 的名稱會改變成 Bathroom,index_aligned,unmapped,KW-ALIAS-DEVICE-STATE,manual,from step splitting parser v1; prefill_v2:device_state,manual_only,tap,todo_alias,pending,pending,pending,pending
CCU-230994-1,CCU-230994-1-S1,CCU-230994,1,1,APP 完成連線,APP 連線成功,index_aligned,unmapped,,,from step splitting parser v1,unmapped,tap,success_message,pending,pending,pending,pending
CCU-230994-2,CCU-230994-2-S1,CCU-230994,2,1,Light 6 修改成 Garage,Lcd light 6 的名稱會改變成 Garage,index_aligned,unmapped,KW-ALIAS-DEVICE-STATE,manual,from step splitting parser v1; prefill_v2:device_state,manual_only,tap,todo_alias,pending,pending,pending,pending
CCU-230995-1,CCU-230995-1-S1,CCU-230995,1,1,APP 完成連線,APP 連線成功,index_aligned,unmapped,,,from step splitting parser v1,unmapped,tap,success_message,pending,pending,pending,pending
CCU-230995-2,CCU-230995-2-S1,CCU-230995,2,1,Light 7 修改成 Galley,Lcd light 7 的名稱會改變成 Galley,index_aligned,unmapped,KW-ALIAS-DEVICE-STATE,manual,from step splitting parser v1; prefill_v2:device_state,manual_only,tap,todo_alias,pending,pending,pending,pending
CCU-230996-1,CCU-230996-1-S1,CCU-230996,1,1,APP 完成連線,APP 連線成功,index_aligned,unmapped,,,from step splitting parser v1,unmapped,tap,success_message,pending,pending,pending,pending
CCU-230996-2,CCU-230996-2-S1,CCU-230996,2,1,Light 8 修改成 Dinette,Lcd light 8 的名稱會改變成 Dinette,index_aligned,unmapped,KW-ALIAS-DEVICE-STATE,manual,from step splitting parser v1; prefill_v2:device_state,manual_only,tap,todo_alias,pending,pending,pending,pending
CCU-192-1,CCU-192-1-S1,CCU-192,1,1,APP 完成連線,APP 連線成功,index_aligned,unmapped,,,from step splitting parser v1,unmapped,tap,success_message,pending,pending,pending,pending
CCU-192-2,CCU-192-2-S1,CCU-192,2,1,"呼叫 ""Living Room light on""",Light 1 開啟,index_aligned,unmapped,KW-ALIAS-VOICE,manual,from step splitting parser v1; prefill_v1:voice_trigger,manual_only,tap,todo_alias,pending,pending,pending,pending
CCU-231055-1,CCU-231055-1-S1,CCU-231055,1,1,APP 完成連線,APP 連線成功,index_aligned,unmapped,,,from step splitting parser v1,unmapped,tap,success_message,pending,pending,pending,pending
CCU-231055-3,CCU-231055-3-S1,CCU-231055,3,1,"呼叫 ""Living Room light off""",Light 1 關閉,index_aligned,unmapped,KW-ALIAS-VOICE,manual,from step splitting parser v1; prefill_v1:voice_trigger,manual_only,tap,todo_alias,pending,pending,pending,pending
CCU-230997-1,CCU-230997-1-S1,CCU-230997,1,1,APP 完成連線,APP 連線成功,index_aligned,unmapped,,,from step splitting parser v1,unmapped,tap,success_message,pending,pending,pending,pending
CCU-230997-2,CCU-230997-2-S1,CCU-230997,2,1,"呼叫 ""Kitchen light on""",Light 2 開啟,index_aligned,unmapped,KW-ALIAS-VOICE,manual,from step splitting parser v1; prefill_v1:voice_trigger,manual_only,tap,todo_alias,pending,pending,pending,pending
CCU-231056-1,CCU-231056-1-S1,CCU-231056,1,1,APP 完成連線,APP 連線成功,index_aligned,unmapped,,,from step splitting parser v1,unmapped,tap,success_message,pending,pending,pending,pending
CCU-231056-3,CCU-231056-3-S1,CCU-231056,3,1,"呼叫 ""Kitchen light off""",Light 2 關閉,index_aligned,unmapped,KW-ALIAS-VOICE,manual,from step splitting parser v1; prefill_v1:voice_trigger,manual_only,tap,todo_alias,pending,pending,pending,pending
CCU-230998-1,CCU-230998-1-S1,CCU-230998,1,1,APP 完成連線,APP 連線成功,index_aligned,unmapped,,,from step splitting parser v1,unmapped,tap,success_message,pending,pending,pending,pending
CCU-230998-2,CCU-230998-2-S1,CCU-230998,2,1,"呼叫 ""Bedroom light on""",Light 3 開啟,index_aligned,unmapped,KW-ALIAS-VOICE,manual,from step splitting parser v1; prefill_v1:voice_trigger,manual_only,tap,todo_alias,pending,pending,pending,pending
CCU-231057-1,CCU-231057-1-S1,CCU-231057,1,1,APP 完成連線,APP 連線成功,index_aligned,unmapped,,,from step splitting parser v1,unmapped,tap,success_message,pending,pending,pending,pending
CCU-231057-3,CCU-231057-3-S1,CCU-231057,3,1,"呼叫 ""Bedroom light off""",Light 3 關閉,index_aligned,unmapped,KW-ALIAS-VOICE,manual,from step splitting parser v1; prefill_v1:voice_trigger,manual_only,tap,todo_alias,pending,pending,pending,pending
CCU-230999-1,CCU-230999-1-S1,CCU-230999,1,1,APP 完成連線,APP 連線成功,index_aligned,unmapped,,,from step splitting parser v1,unmapped,tap,success_message,pending,pending,pending,pending
CCU-230999-2,CCU-230999-2-S1,CCU-230999,2,1,"呼叫 ""Exterior light on""",Light 4 開啟,index_aligned,unmapped,KW-ALIAS-VOICE,manual,from step splitting parser v1; prefill_v1:voice_trigger,manual_only,tap,todo_alias,pending,pending,pending,pending
CCU-231058-1,CCU-231058-1-S1,CCU-231058,1,1,APP 完成連線,APP 連線成功,index_aligned,unmapped,,,from step splitting parser v1,unmapped,tap,success_message,pending,pending,pending,pending
CCU-231058-3,CCU-231058-3-S1,CCU-231058,3,1,"呼叫 ""Exterio light off""",Light 4 關閉,index_aligned,unmapped,KW-ALIAS-VOICE,manual,from step splitting parser v1; prefill_v1:voice_trigger,manual_only,tap,todo_alias,pending,pending,pending,pending
CCU-231000-1,CCU-231000-1-S1,CCU-231000,1,1,APP 完成連線,APP 連線成功,index_aligned,unmapped,,,from step splitting parser v1,unmapped,tap,success_message,pending,pending,pending,pending
CCU-231000-2,CCU-231000-2-S1,CCU-231000,2,1,"呼叫 ""Bathroom light on""",Light 5 開啟,index_aligned,unmapped,KW-ALIAS-VOICE,manual,from step splitting parser v1; prefill_v1:voice_trigger,manual_only,tap,todo_alias,pending,pending,pending,pending
CCU-231059-1,CCU-231059-1-S1,CCU-231059,1,1,APP 完成連線,APP 連線成功,index_aligned,unmapped,,,from step splitting parser v1,unmapped,tap,success_message,pending,pending,pending,pending
CCU-231059-3,CCU-231059-3-S1,CCU-231059,3,1,"呼叫 ""Bathroom light off""",Light 5 關閉,index_aligned,unmapped,KW-ALIAS-VOICE,manual,from step splitting parser v1; prefill_v1:voice_trigger,manual_only,tap,todo_alias,pending,pending,pending,pending
CCU-231001-1,CCU-231001-1-S1,CCU-231001,1,1,APP 完成連線,APP 連線成功,index_aligned,unmapped,,,from step splitting parser v1,unmapped,tap,success_message,pending,pending,pending,pending
CCU-231001-2,CCU-231001-2-S1,CCU-231001,2,1,"呼叫 ""Garage light on""",Light 6 開啟,index_aligned,unmapped,KW-ALIAS-VOICE,manual,from step splitting parser v1; prefill_v1:voice_trigger,manual_only,tap,todo_alias,pending,pending,pending,pending
CCU-231060-1,CCU-231060-1-S1,CCU-231060,1,1,APP 完成連線,APP 連線成功,index_aligned,unmapped,,,from step splitting parser v1,unmapped,tap,success_message,pending,pending,pending,pending
CCU-231060-3,CCU-231060-3-S1,CCU-231060,3,1,"呼叫 ""Garage light off""",Light 6 關閉,index_aligned,unmapped,KW-ALIAS-VOICE,manual,from step splitting parser v1; prefill_v1:voice_trigger,manual_only,tap,todo_alias,pending,pending,pending,pending
CCU-231002-1,CCU-231002-1-S1,CCU-231002,1,1,APP 完成連線,APP 連線成功,index_aligned,unmapped,,,from step splitting parser v1,unmapped,tap,success_message,pending,pending,pending,pending
CCU-231002-2,CCU-231002-2-S1,CCU-231002,2,1,"呼叫 ""Galley light on""",Light 7 開啟,index_aligned,unmapped,KW-ALIAS-VOICE,manual,from step splitting parser v1; prefill_v1:voice_trigger,manual_only,tap,todo_alias,pending,pending,pending,pending
CCU-231061-1,CCU-231061-1-S1,CCU-231061,1,1,APP 完成連線,APP 連線成功,index_aligned,unmapped,,,from step splitting parser v1,unmapped,tap,success_message,pending,pending,pending,pending
CCU-231061-3,CCU-231061-3-S1,CCU-231061,3,1,"呼叫 ""Galley light off""",Light 7 關閉,index_aligned,unmapped,KW-ALIAS-VOICE,manual,from step splitting parser v1; prefill_v1:voice_trigger,manual_only,tap,todo_alias,pending,pending,pending,pending
CCU-231003-1,CCU-231003-1-S1,CCU-231003,1,1,APP 完成連線,APP 連線成功,index_aligned,unmapped,,,from step splitting parser v1,unmapped,tap,success_message,pending,pending,pending,pending
CCU-231003-2,CCU-231003-2-S1,CCU-231003,2,1,"呼叫 ""Dinette light on""",Light 8 開啟,index_aligned,unmapped,KW-ALIAS-VOICE,manual,from step splitting parser v1; prefill_v1:voice_trigger,manual_only,tap,todo_alias,pending,pending,pending,pending
CCU-231062-1,CCU-231062-1-S1,CCU-231062,1,1,APP 完成連線,APP 連線成功,index_aligned,unmapped,,,from step splitting parser v1,unmapped,tap,success_message,pending,pending,pending,pending
CCU-231062-3,CCU-231062-3-S1,CCU-231062,3,1,"呼叫 ""Dinette light off""",Light 8 關閉,index_aligned,unmapped,KW-ALIAS-VOICE,manual,from step splitting parser v1; prefill_v1:voice_trigger,manual_only,tap,todo_alias,pending,pending,pending,pending
CCU-230988-1,CCU-230988-1-S1,CCU-230988,1,1,"呼叫 ""Turn on Living Room""",Light 1 開啟,index_aligned,unmapped,KW-ALIAS-VOICE,manual,from step splitting parser v1; prefill_v1:voice_trigger,manual_only,tap,todo_alias,pending,pending,pending,pending
CCU-231063-2,CCU-231063-2-S1,CCU-231063,2,1,"呼叫 ""Trun off Living Room""",Light 1 關閉,index_aligned,unmapped,KW-ALIAS-VOICE,manual,from step splitting parser v1; prefill_v1:voice_trigger,manual_only,tap,todo_alias,pending,pending,pending,pending
CCU-231004-1,CCU-231004-1-S1,CCU-231004,1,1,"呼叫 ""Turn on Kitchen""",Light 2 開啟,index_aligned,unmapped,KW-ALIAS-VOICE,manual,from step splitting parser v1; prefill_v1:voice_trigger,manual_only,tap,todo_alias,pending,pending,pending,pending
CCU-231064-2,CCU-231064-2-S1,CCU-231064,2,1,"呼叫 ""Trun off Kitchen""",Light 2 關閉,index_aligned,unmapped,KW-ALIAS-VOICE,manual,from step splitting parser v1; prefill_v1:voice_trigger,manual_only,tap,todo_alias,pending,pending,pending,pending
CCU-231005-1,CCU-231005-1-S1,CCU-231005,1,1,"呼叫 ""Turn on Bedroom""",Light 3 開啟,index_aligned,unmapped,KW-ALIAS-VOICE,manual,from step splitting parser v1; prefill_v1:voice_trigger,manual_only,tap,todo_alias,pending,pending,pending,pending
CCU-231065-2,CCU-231065-2-S1,CCU-231065,2,1,"呼叫 ""Trun off Bedroom""",Light 3 關閉,index_aligned,unmapped,KW-ALIAS-VOICE,manual,from step splitting parser v1; prefill_v1:voice_trigger,manual_only,tap,todo_alias,pending,pending,pending,pending
CCU-231006-1,CCU-231006-1-S1,CCU-231006,1,1,"呼叫 ""Turn on Exterior""",Light 4 開啟,index_aligned,unmapped,KW-ALIAS-VOICE,manual,from step splitting parser v1; prefill_v1:voice_trigger,manual_only,tap,todo_alias,pending,pending,pending,pending
CCU-231066-2,CCU-231066-2-S1,CCU-231066,2,1,"呼叫 ""Trun off Exterior""",Light 4 關閉,index_aligned,unmapped,KW-ALIAS-VOICE,manual,from step splitting parser v1; prefill_v1:voice_trigger,manual_only,tap,todo_alias,pending,pending,pending,pending
CCU-231007-1,CCU-231007-1-S1,CCU-231007,1,1,"呼叫 ""Turn on Bathroom""",Light 5 開啟,index_aligned,unmapped,KW-ALIAS-VOICE,manual,from step splitting parser v1; prefill_v1:voice_trigger,manual_only,tap,todo_alias,pending,pending,pending,pending
CCU-231067-2,CCU-231067-2-S1,CCU-231067,2,1,"呼叫 ""Trun off Bathroom""",Light 5 關閉,index_aligned,unmapped,KW-ALIAS-VOICE,manual,from step splitting parser v1; prefill_v1:voice_trigger,manual_only,tap,todo_alias,pending,pending,pending,pending
CCU-231008-1,CCU-231008-1-S1,CCU-231008,1,1,"呼叫 ""Turn on Garage""",Light 6 開啟,index_aligned,unmapped,KW-ALIAS-VOICE,manual,from step splitting parser v1; prefill_v1:voice_trigger,manual_only,tap,todo_alias,pending,pending,pending,pending
CCU-231068-2,CCU-231068-2-S1,CCU-231068,2,1,"呼叫 ""Trun off Garage""",Light 6 關閉,index_aligned,unmapped,KW-ALIAS-VOICE,manual,from step splitting parser v1; prefill_v1:voice_trigger,manual_only,tap,todo_alias,pending,pending,pending,pending
CCU-231009-1,CCU-231009-1-S1,CCU-231009,1,1,"呼叫 ""Turn on Galley""",Light 7 開啟,index_aligned,unmapped,KW-ALIAS-VOICE,manual,from step splitting parser v1; prefill_v1:voice_trigger,manual_only,tap,todo_alias,pending,pending,pending,pending
CCU-231069-2,CCU-231069-2-S1,CCU-231069,2,1,"呼叫 ""Trun off Galley""",Light 7 關閉,index_aligned,unmapped,KW-ALIAS-VOICE,manual,from step splitting parser v1; prefill_v1:voice_trigger,manual_only,tap,todo_alias,pending,pending,pending,pending
CCU-231010-1,CCU-231010-1-S1,CCU-231010,1,1,"呼叫 ""Turn on Dinette""",Light 8 開啟,index_aligned,unmapped,KW-ALIAS-VOICE,manual,from step splitting parser v1; prefill_v1:voice_trigger,manual_only,tap,todo_alias,pending,pending,pending,pending
CCU-231070-2,CCU-231070-2-S1,CCU-231070,2,1,"呼叫 ""Trun off Dinette""",Light 8 關閉,index_aligned,unmapped,KW-ALIAS-VOICE,manual,from step splitting parser v1; prefill_v1:voice_trigger,manual_only,tap,todo_alias,pending,pending,pending,pending
CCU-190-1,CCU-190-1-S1,CCU-190,1,1,APP 完成連線,APP 連線成功,index_aligned,unmapped,,,from step splitting parser v1,unmapped,tap,success_message,pending,pending,pending,pending
CCU-190-2,CCU-190-2-S1,CCU-190,2,1,Light 1 修改成 Living Room,Lcd light 1 的名稱會改變成 Living Room,index_aligned,unmapped,KW-ALIAS-DEVICE-STATE,manual,from step splitting parser v1; prefill_v2:device_state,manual_only,tap,todo_alias,pending,pending,pending,pending
CCU-231011-1,CCU-231011-1-S1,CCU-231011,1,1,APP 完成連線,APP 連線成功,index_aligned,unmapped,,,from step splitting parser v1,unmapped,tap,success_message,pending,pending,pending,pending
CCU-231011-2,CCU-231011-2-S1,CCU-231011,2,1,Light 2 修改成 Kitchen,Lcd light 2 的名稱會改變成 Kitchen,index_aligned,unmapped,KW-ALIAS-DEVICE-STATE,manual,from step splitting parser v1; prefill_v2:device_state,manual_only,tap,todo_alias,pending,pending,pending,pending
CCU-231012-1,CCU-231012-1-S1,CCU-231012,1,1,APP 完成連線,APP 連線成功,index_aligned,unmapped,,,from step splitting parser v1,unmapped,tap,success_message,pending,pending,pending,pending
CCU-231012-2,CCU-231012-2-S1,CCU-231012,2,1,Light 3 修改成 Bedroom,Lcd light 3 的名稱會改變成 Bedroom,index_aligned,unmapped,KW-ALIAS-DEVICE-STATE,manual,from step splitting parser v1; prefill_v2:device_state,manual_only,tap,todo_alias,pending,pending,pending,pending
CCU-231013-1,CCU-231013-1-S1,CCU-231013,1,1,APP 完成連線,APP 連線成功,index_aligned,unmapped,,,from step splitting parser v1,unmapped,tap,success_message,pending,pending,pending,pending
CCU-231013-2,CCU-231013-2-S1,CCU-231013,2,1,Light 4 修改成 Exterior,Lcd light 4 的名稱會改變成 Exterior,index_aligned,unmapped,KW-ALIAS-DEVICE-STATE,manual,from step splitting parser v1; prefill_v2:device_state,manual_only,tap,todo_alias,pending,pending,pending,pending
CCU-231014-1,CCU-231014-1-S1,CCU-231014,1,1,APP 完成連線,APP 連線成功,index_aligned,unmapped,,,from step splitting parser v1,unmapped,tap,success_message,pending,pending,pending,pending
CCU-231014-2,CCU-231014-2-S1,CCU-231014,2,1,Light 5 修改成 Bathroom,Lcd light 5 的名稱會改變成 Bathroom,index_aligned,unmapped,KW-ALIAS-DEVICE-STATE,manual,from step splitting parser v1; prefill_v2:device_state,manual_only,tap,todo_alias,pending,pending,pending,pending
CCU-231015-1,CCU-231015-1-S1,CCU-231015,1,1,APP 完成連線,APP 連線成功,index_aligned,unmapped,,,from step splitting parser v1,unmapped,tap,success_message,pending,pending,pending,pending
CCU-231015-2,CCU-231015-2-S1,CCU-231015,2,1,Light 6 修改成 Garage,Lcd light 6 的名稱會改變成 Garage,index_aligned,unmapped,KW-ALIAS-DEVICE-STATE,manual,from step splitting parser v1; prefill_v2:device_state,manual_only,tap,todo_alias,pending,pending,pending,pending
CCU-231016-1,CCU-231016-1-S1,CCU-231016,1,1,APP 完成連線,APP 連線成功,index_aligned,unmapped,,,from step splitting parser v1,unmapped,tap,success_message,pending,pending,pending,pending
CCU-231016-2,CCU-231016-2-S1,CCU-231016,2,1,Light 7 修改成 Galley,Lcd light 7 的名稱會改變成 Galley,index_aligned,unmapped,KW-ALIAS-DEVICE-STATE,manual,from step splitting parser v1; prefill_v2:device_state,manual_only,tap,todo_alias,pending,pending,pending,pending
CCU-231017-1,CCU-231017-1-S1,CCU-231017,1,1,APP 完成連線,APP 連線成功,index_aligned,unmapped,,,from step splitting parser v1,unmapped,tap,success_message,pending,pending,pending,pending
CCU-231017-2,CCU-231017-2-S1,CCU-231017,2,1,Light 8 修改成 Dinette,Lcd light 8 的名稱會改變成 Dinette,index_aligned,unmapped,KW-ALIAS-DEVICE-STATE,manual,from step splitting parser v1; prefill_v2:device_state,manual_only,tap,todo_alias,pending,pending,pending,pending
CCU-193-1,CCU-193-1-S1,CCU-193,1,1,APP 完成連線,APP 連線成功,index_aligned,unmapped,,,from step splitting parser v1,unmapped,tap,success_message,pending,pending,pending,pending
CCU-193-2,CCU-193-2-S1,CCU-193,2,1,"呼叫 ""Turn on Living Room""",Light 1 開啟,index_aligned,unmapped,KW-ALIAS-VOICE,manual,from step splitting parser v1; prefill_v1:voice_trigger,manual_only,tap,todo_alias,pending,pending,pending,pending
CCU-231081-1,CCU-231081-1-S1,CCU-231081,1,1,APP 完成連線,APP 連線成功,index_aligned,unmapped,,,from step splitting parser v1,unmapped,tap,success_message,pending,pending,pending,pending
CCU-231081-3,CCU-231081-3-S1,CCU-231081,3,1,"呼叫 ""Trun off Living Room""",Light 1 關閉,index_aligned,unmapped,KW-ALIAS-VOICE,manual,from step splitting parser v1; prefill_v1:voice_trigger,manual_only,tap,todo_alias,pending,pending,pending,pending
CCU-231019-1,CCU-231019-1-S1,CCU-231019,1,1,APP 完成連線,APP 連線成功,index_aligned,unmapped,,,from step splitting parser v1,unmapped,tap,success_message,pending,pending,pending,pending
CCU-231019-2,CCU-231019-2-S1,CCU-231019,2,1,"呼叫 ""Turn on Kitchen""",Light 2 開啟,index_aligned,unmapped,KW-ALIAS-VOICE,manual,from step splitting parser v1; prefill_v1:voice_trigger,manual_only,tap,todo_alias,pending,pending,pending,pending
CCU-231082-1,CCU-231082-1-S1,CCU-231082,1,1,APP 完成連線,APP 連線成功,index_aligned,unmapped,,,from step splitting parser v1,unmapped,tap,success_message,pending,pending,pending,pending
CCU-231082-3,CCU-231082-3-S1,CCU-231082,3,1,"呼叫 ""Trun off Kitchen""",Light 2 關閉,index_aligned,unmapped,KW-ALIAS-VOICE,manual,from step splitting parser v1; prefill_v1:voice_trigger,manual_only,tap,todo_alias,pending,pending,pending,pending
CCU-231020-1,CCU-231020-1-S1,CCU-231020,1,1,APP 完成連線,APP 連線成功,index_aligned,unmapped,,,from step splitting parser v1,unmapped,tap,success_message,pending,pending,pending,pending
CCU-231020-2,CCU-231020-2-S1,CCU-231020,2,1,"呼叫 ""Turn on Bedroom""",Light 3 開啟,index_aligned,unmapped,KW-ALIAS-VOICE,manual,from step splitting parser v1; prefill_v1:voice_trigger,manual_only,tap,todo_alias,pending,pending,pending,pending
CCU-231083-1,CCU-231083-1-S1,CCU-231083,1,1,APP 完成連線,APP 連線成功,index_aligned,unmapped,,,from step splitting parser v1,unmapped,tap,success_message,pending,pending,pending,pending
CCU-231083-3,CCU-231083-3-S1,CCU-231083,3,1,"呼叫 ""Trun off Bedroom""",Light 3 關閉,index_aligned,unmapped,KW-ALIAS-VOICE,manual,from step splitting parser v1; prefill_v1:voice_trigger,manual_only,tap,todo_alias,pending,pending,pending,pending
CCU-231021-1,CCU-231021-1-S1,CCU-231021,1,1,APP 完成連線,APP 連線成功,index_aligned,unmapped,,,from step splitting parser v1,unmapped,tap,success_message,pending,pending,pending,pending
CCU-231021-2,CCU-231021-2-S1,CCU-231021,2,1,"呼叫 ""Turn on Exterior""",Light 4 開啟,index_aligned,unmapped,KW-ALIAS-VOICE,manual,from step splitting parser v1; prefill_v1:voice_trigger,manual_only,tap,todo_alias,pending,pending,pending,pending
CCU-231084-1,CCU-231084-1-S1,CCU-231084,1,1,APP 完成連線,APP 連線成功,index_aligned,unmapped,,,from step splitting parser v1,unmapped,tap,success_message,pending,pending,pending,pending
CCU-231084-3,CCU-231084-3-S1,CCU-231084,3,1,"呼叫 ""Trun off Exterior""",Light 4 關閉,index_aligned,unmapped,KW-ALIAS-VOICE,manual,from step splitting parser v1; prefill_v1:voice_trigger,manual_only,tap,todo_alias,pending,pending,pending,pending
CCU-231022-1,CCU-231022-1-S1,CCU-231022,1,1,APP 完成連線,APP 連線成功,index_aligned,unmapped,,,from step splitting parser v1,unmapped,tap,success_message,pending,pending,pending,pending
CCU-231022-2,CCU-231022-2-S1,CCU-231022,2,1,"呼叫 ""Turn on Bathroom""",Light 5 開啟,index_aligned,unmapped,KW-ALIAS-VOICE,manual,from step splitting parser v1; prefill_v1:voice_trigger,manual_only,tap,todo_alias,pending,pending,pending,pending
CCU-231085-1,CCU-231085-1-S1,CCU-231085,1,1,APP 完成連線,APP 連線成功,index_aligned,unmapped,,,from step splitting parser v1,unmapped,tap,success_message,pending,pending,pending,pending
CCU-231085-3,CCU-231085-3-S1,CCU-231085,3,1,"呼叫 ""Trun off Bathroom""",Light 5 關閉,index_aligned,unmapped,KW-ALIAS-VOICE,manual,from step splitting parser v1; prefill_v1:voice_trigger,manual_only,tap,todo_alias,pending,pending,pending,pending
CCU-231023-1,CCU-231023-1-S1,CCU-231023,1,1,APP 完成連線,APP 連線成功,index_aligned,unmapped,,,from step splitting parser v1,unmapped,tap,success_message,pending,pending,pending,pending
CCU-231023-2,CCU-231023-2-S1,CCU-231023,2,1,"呼叫 ""Turn on Garage""",Light 6 開啟,index_aligned,unmapped,KW-ALIAS-VOICE,manual,from step splitting parser v1; prefill_v1:voice_trigger,manual_only,tap,todo_alias,pending,pending,pending,pending
CCU-231086-1,CCU-231086-1-S1,CCU-231086,1,1,APP 完成連線,APP 連線成功,index_aligned,unmapped,,,from step splitting parser v1,unmapped,tap,success_message,pending,pending,pending,pending
CCU-231086-3,CCU-231086-3-S1,CCU-231086,3,1,"呼叫 ""Trun off Garage""",Light 6 關閉,index_aligned,unmapped,KW-ALIAS-VOICE,manual,from step splitting parser v1; prefill_v1:voice_trigger,manual_only,tap,todo_alias,pending,pending,pending,pending
CCU-231024-1,CCU-231024-1-S1,CCU-231024,1,1,APP 完成連線,APP 連線成功,index_aligned,unmapped,,,from step splitting parser v1,unmapped,tap,success_message,pending,pending,pending,pending
CCU-231024-2,CCU-231024-2-S1,CCU-231024,2,1,"呼叫 ""Turn on Galley""",Light 7 開啟,index_aligned,unmapped,KW-ALIAS-VOICE,manual,from step splitting parser v1; prefill_v1:voice_trigger,manual_only,tap,todo_alias,pending,pending,pending,pending
CCU-231087-1,CCU-231087-1-S1,CCU-231087,1,1,APP 完成連線,APP 連線成功,index_aligned,unmapped,,,from step splitting parser v1,unmapped,tap,success_message,pending,pending,pending,pending
CCU-231087-3,CCU-231087-3-S1,CCU-231087,3,1,"呼叫 ""Trun off Galley""",Light 7 關閉,index_aligned,unmapped,KW-ALIAS-VOICE,manual,from step splitting parser v1; prefill_v1:voice_trigger,manual_only,tap,todo_alias,pending,pending,pending,pending
CCU-231025-1,CCU-231025-1-S1,CCU-231025,1,1,APP 完成連線,APP 連線成功,index_aligned,unmapped,,,from step splitting parser v1,unmapped,tap,success_message,pending,pending,pending,pending
CCU-231025-2,CCU-231025-2-S1,CCU-231025,2,1,"呼叫 ""Turn on Dinette""",Light 8 開啟,index_aligned,unmapped,KW-ALIAS-VOICE,manual,from step splitting parser v1; prefill_v1:voice_trigger,manual_only,tap,todo_alias,pending,pending,pending,pending
CCU-231088-1,CCU-231088-1-S1,CCU-231088,1,1,APP 完成連線,APP 連線成功,index_aligned,unmapped,,,from step splitting parser v1,unmapped,tap,success_message,pending,pending,pending,pending
CCU-231088-3,CCU-231088-3-S1,CCU-231088,3,1,"呼叫 ""Trun off Dinette""",Light 8 關閉,index_aligned,unmapped,KW-ALIAS-VOICE,manual,from step splitting parser v1; prefill_v1:voice_trigger,manual_only,tap,todo_alias,pending,pending,pending,pending
CCU-194-1,CCU-194-1-S1,CCU-194,1,1,"呼叫 ""Turn on Living Room""",Light 1 開啟,index_aligned,unmapped,KW-ALIAS-VOICE,manual,from step splitting parser v1; prefill_v1:voice_trigger,manual_only,tap,todo_alias,pending,pending,pending,pending
CCU-231089-2,CCU-231089-2-S1,CCU-231089,2,1,"呼叫 ""Trun off Living Room""",Light 1 關閉,index_aligned,unmapped,KW-ALIAS-VOICE,manual,from step splitting parser v1; prefill_v1:voice_trigger,manual_only,tap,todo_alias,pending,pending,pending,pending
CCU-231026-1,CCU-231026-1-S1,CCU-231026,1,1,"呼叫 ""Turn on Kitchen""",Light 2 開啟,index_aligned,unmapped,KW-ALIAS-VOICE,manual,from step splitting parser v1; prefill_v1:voice_trigger,manual_only,tap,todo_alias,pending,pending,pending,pending
CCU-231090-2,CCU-231090-2-S1,CCU-231090,2,1,"呼叫 ""Trun off Kitchen""",Light 2 關閉,index_aligned,unmapped,KW-ALIAS-VOICE,manual,from step splitting parser v1; prefill_v1:voice_trigger,manual_only,tap,todo_alias,pending,pending,pending,pending
CCU-231027-1,CCU-231027-1-S1,CCU-231027,1,1,"呼叫 ""Turn on Bedroom""",Light 3 開啟,index_aligned,unmapped,KW-ALIAS-VOICE,manual,from step splitting parser v1; prefill_v1:voice_trigger,manual_only,tap,todo_alias,pending,pending,pending,pending
CCU-231091-2,CCU-231091-2-S1,CCU-231091,2,1,"呼叫 ""Trun off Bedroom""",Light 3 關閉,index_aligned,unmapped,KW-ALIAS-VOICE,manual,from step splitting parser v1; prefill_v1:voice_trigger,manual_only,tap,todo_alias,pending,pending,pending,pending
CCU-231028-1,CCU-231028-1-S1,CCU-231028,1,1,"呼叫 ""Turn on Exterior""",Light 4 開啟,index_aligned,unmapped,KW-ALIAS-VOICE,manual,from step splitting parser v1; prefill_v1:voice_trigger,manual_only,tap,todo_alias,pending,pending,pending,pending
CCU-231092-2,CCU-231092-2-S1,CCU-231092,2,1,"呼叫 ""Trun off Exterior""",Light 4 關閉,index_aligned,unmapped,KW-ALIAS-VOICE,manual,from step splitting parser v1; prefill_v1:voice_trigger,manual_only,tap,todo_alias,pending,pending,pending,pending
CCU-231029-1,CCU-231029-1-S1,CCU-231029,1,1,"呼叫 ""Turn on Bathroom""",Light 5 開啟,index_aligned,unmapped,KW-ALIAS-VOICE,manual,from step splitting parser v1; prefill_v1:voice_trigger,manual_only,tap,todo_alias,pending,pending,pending,pending
CCU-231093-2,CCU-231093-2-S1,CCU-231093,2,1,"呼叫 ""Trun off Bathroom""",Light 5 關閉,index_aligned,unmapped,KW-ALIAS-VOICE,manual,from step splitting parser v1; prefill_v1:voice_trigger,manual_only,tap,todo_alias,pending,pending,pending,pending
CCU-231030-1,CCU-231030-1-S1,CCU-231030,1,1,"呼叫 ""Turn on Garage""",Light 6 開啟,index_aligned,unmapped,KW-ALIAS-VOICE,manual,from step splitting parser v1; prefill_v1:voice_trigger,manual_only,tap,todo_alias,pending,pending,pending,pending
CCU-231094-2,CCU-231094-2-S1,CCU-231094,2,1,"呼叫 ""Trun off Garage""",Light 6 關閉,index_aligned,unmapped,KW-ALIAS-VOICE,manual,from step splitting parser v1; prefill_v1:voice_trigger,manual_only,tap,todo_alias,pending,pending,pending,pending
CCU-231031-1,CCU-231031-1-S1,CCU-231031,1,1,"呼叫 ""Turn on Galley""",Light 7 開啟,index_aligned,unmapped,KW-ALIAS-VOICE,manual,from step splitting parser v1; prefill_v1:voice_trigger,manual_only,tap,todo_alias,pending,pending,pending,pending
CCU-231095-2,CCU-231095-2-S1,CCU-231095,2,1,"呼叫 ""Trun off Galley""",Light 7 關閉,index_aligned,unmapped,KW-ALIAS-VOICE,manual,from step splitting parser v1; prefill_v1:voice_trigger,manual_only,tap,todo_alias,pending,pending,pending,pending
CCU-231032-1,CCU-231032-1-S1,CCU-231032,1,1,"呼叫 ""Turn on Dinette""",Light 8 開啟,index_aligned,unmapped,KW-ALIAS-VOICE,manual,from step splitting parser v1; prefill_v1:voice_trigger,manual_only,tap,todo_alias,pending,pending,pending,pending
CCU-231096-2,CCU-231096-2-S1,CCU-231096,2,1,"呼叫 ""Trun off Dinette""",Light 8 關閉,index_aligned,unmapped,KW-ALIAS-VOICE,manual,from step splitting parser v1; prefill_v1:voice_trigger,manual_only,tap,todo_alias,pending,pending,pending,pending
CCU-231534-1,CCU-231534-1-S1,CCU-231534,1,1,APP 完成連線,APP 連線成功,index_aligned,unmapped,,,from step splitting parser v1,unmapped,tap,success_message,pending,pending,pending,pending
CCU-231534-2,CCU-231534-2-S1,CCU-231534,2,1,Living Room 修改成 Light 1,Lcd Living Room 的名稱會改變成 light 1,index_aligned,unmapped,KW-ALIAS-DEVICE-STATE,manual,from step splitting parser v1; prefill_v2:device_state,manual_only,tap,todo_alias,pending,pending,pending,pending
CCU-231535-1,CCU-231535-1-S1,CCU-231535,1,1,APP 完成連線,APP 連線成功,index_aligned,unmapped,,,from step splitting parser v1,unmapped,tap,success_message,pending,pending,pending,pending
CCU-231535-2,CCU-231535-2-S1,CCU-231535,2,1,Kitchen 修改成 Light 2,Lcd Kitchen 的名稱會改變成 light 2,index_aligned,unmapped,KW-ALIAS-DEVICE-STATE,manual,from step splitting parser v1; prefill_v2:device_state,manual_only,tap,todo_alias,pending,pending,pending,pending
CCU-231536-1,CCU-231536-1-S1,CCU-231536,1,1,APP 完成連線,APP 連線成功,index_aligned,unmapped,,,from step splitting parser v1,unmapped,tap,success_message,pending,pending,pending,pending
CCU-231536-2,CCU-231536-2-S1,CCU-231536,2,1,Bedroom 修改成 Light 3,Lcd Bedroom 的名稱會改變成 light 3,index_aligned,unmapped,KW-ALIAS-DEVICE-STATE,manual,from step splitting parser v1; prefill_v2:device_state,manual_only,tap,todo_alias,pending,pending,pending,pending
CCU-231537-1,CCU-231537-1-S1,CCU-231537,1,1,APP 完成連線,APP 連線成功,index_aligned,unmapped,,,from step splitting parser v1,unmapped,tap,success_message,pending,pending,pending,pending
CCU-231537-2,CCU-231537-2-S1,CCU-231537,2,1,Exterior 修改成 Light 4,Lcd Exterior 的名稱會改變成 light 4,index_aligned,unmapped,KW-ALIAS-DEVICE-STATE,manual,from step splitting parser v1; prefill_v2:device_state,manual_only,tap,todo_alias,pending,pending,pending,pending
CCU-231538-1,CCU-231538-1-S1,CCU-231538,1,1,APP 完成連線,APP 連線成功,index_aligned,unmapped,,,from step splitting parser v1,unmapped,tap,success_message,pending,pending,pending,pending
CCU-231538-2,CCU-231538-2-S1,CCU-231538,2,1,Bathroom 修改成 Light 5,Lcd Bathroom 的名稱會改變成 light 5,index_aligned,unmapped,KW-ALIAS-DEVICE-STATE,manual,from step splitting parser v1; prefill_v2:device_state,manual_only,tap,todo_alias,pending,pending,pending,pending
CCU-231539-1,CCU-231539-1-S1,CCU-231539,1,1,APP 完成連線,APP 連線成功,index_aligned,unmapped,,,from step splitting parser v1,unmapped,tap,success_message,pending,pending,pending,pending
CCU-231539-2,CCU-231539-2-S1,CCU-231539,2,1,Garage 修改成 Light 6,Lcd Garage 的名稱會改變成 light 6,index_aligned,unmapped,KW-ALIAS-DEVICE-STATE,manual,from step splitting parser v1; prefill_v2:device_state,manual_only,tap,todo_alias,pending,pending,pending,pending
CCU-231540-1,CCU-231540-1-S1,CCU-231540,1,1,APP 完成連線,APP 連線成功,index_aligned,unmapped,,,from step splitting parser v1,unmapped,tap,success_message,pending,pending,pending,pending
CCU-231540-2,CCU-231540-2-S1,CCU-231540,2,1,Galley 修改成 Light 7,Lcd Galley 的名稱會改變成 light 7,index_aligned,unmapped,KW-ALIAS-DEVICE-STATE,manual,from step splitting parser v1; prefill_v2:device_state,manual_only,tap,todo_alias,pending,pending,pending,pending
CCU-231541-1,CCU-231541-1-S1,CCU-231541,1,1,APP 完成連線,APP 連線成功,index_aligned,unmapped,,,from step splitting parser v1,unmapped,tap,success_message,pending,pending,pending,pending
CCU-231541-2,CCU-231541-2-S1,CCU-231541,2,1,Dinette 修改成 Light 8,Lcd Dinette 的名稱會改變成 light 8,index_aligned,unmapped,KW-ALIAS-DEVICE-STATE,manual,from step splitting parser v1; prefill_v2:device_state,manual_only,tap,todo_alias,pending,pending,pending,pending
CCU-231542-1,CCU-231542-1-S1,CCU-231542,1,1,APP 完成連線,APP 連線成功,index_aligned,unmapped,,,from step splitting parser v1,unmapped,tap,success_message,pending,pending,pending,pending
CCU-231542-2,CCU-231542-2-S1,CCU-231542,2,1,"呼叫 ""Turn on Light 1""",Light 1 開啟,index_aligned,unmapped,KW-ALIAS-VOICE,manual,from step splitting parser v1; prefill_v1:voice_trigger,manual_only,tap,todo_alias,pending,pending,pending,pending
CCU-231543-1,CCU-231543-1-S1,CCU-231543,1,1,APP 完成連線,APP 連線成功,index_aligned,unmapped,,,from step splitting parser v1,unmapped,tap,success_message,pending,pending,pending,pending
CCU-231543-3,CCU-231543-3-S1,CCU-231543,3,1,"呼叫 ""Turn off Light 1""",Light 1 關閉,index_aligned,unmapped,KW-ALIAS-VOICE,manual,from step splitting parser v1; prefill_v1:voice_trigger,manual_only,tap,todo_alias,pending,pending,pending,pending
CCU-231544-1,CCU-231544-1-S1,CCU-231544,1,1,APP 完成連線,APP 連線成功,index_aligned,unmapped,,,from step splitting parser v1,unmapped,tap,success_message,pending,pending,pending,pending
CCU-231544-2,CCU-231544-2-S1,CCU-231544,2,1,"呼叫 ""Turn on Light 2""",Light 2 開啟,index_aligned,unmapped,KW-ALIAS-VOICE,manual,from step splitting parser v1; prefill_v1:voice_trigger,manual_only,tap,todo_alias,pending,pending,pending,pending
CCU-231545-1,CCU-231545-1-S1,CCU-231545,1,1,APP 完成連線,APP 連線成功,index_aligned,unmapped,,,from step splitting parser v1,unmapped,tap,success_message,pending,pending,pending,pending
CCU-231545-3,CCU-231545-3-S1,CCU-231545,3,1,"呼叫 ""Turn off Light 2""",Light 2 關閉,index_aligned,unmapped,KW-ALIAS-VOICE,manual,from step splitting parser v1; prefill_v1:voice_trigger,manual_only,tap,todo_alias,pending,pending,pending,pending
CCU-231546-1,CCU-231546-1-S1,CCU-231546,1,1,APP 完成連線,APP 連線成功,index_aligned,unmapped,,,from step splitting parser v1,unmapped,tap,success_message,pending,pending,pending,pending
CCU-231546-2,CCU-231546-2-S1,CCU-231546,2,1,"呼叫 ""Turn on Light 3""",Light 3 開啟,index_aligned,unmapped,KW-ALIAS-VOICE,manual,from step splitting parser v1; prefill_v1:voice_trigger,manual_only,tap,todo_alias,pending,pending,pending,pending
CCU-231547-1,CCU-231547-1-S1,CCU-231547,1,1,APP 完成連線,APP 連線成功,index_aligned,unmapped,,,from step splitting parser v1,unmapped,tap,success_message,pending,pending,pending,pending
CCU-231547-3,CCU-231547-3-S1,CCU-231547,3,1,"呼叫 ""Turn off Light 3""",Light 3 關閉,index_aligned,unmapped,KW-ALIAS-VOICE,manual,from step splitting parser v1; prefill_v1:voice_trigger,manual_only,tap,todo_alias,pending,pending,pending,pending
CCU-231548-1,CCU-231548-1-S1,CCU-231548,1,1,APP 完成連線,APP 連線成功,index_aligned,unmapped,,,from step splitting parser v1,unmapped,tap,success_message,pending,pending,pending,pending
CCU-231548-2,CCU-231548-2-S1,CCU-231548,2,1,"呼叫 ""Turn on Light 4""",Light 4 開啟,index_aligned,unmapped,KW-ALIAS-VOICE,manual,from step splitting parser v1; prefill_v1:voice_trigger,manual_only,tap,todo_alias,pending,pending,pending,pending
CCU-231549-1,CCU-231549-1-S1,CCU-231549,1,1,APP 完成連線,APP 連線成功,index_aligned,unmapped,,,from step splitting parser v1,unmapped,tap,success_message,pending,pending,pending,pending
CCU-231549-3,CCU-231549-3-S1,CCU-231549,3,1,"呼叫 ""Turn off Light 4""",Light 4 關閉,index_aligned,unmapped,KW-ALIAS-VOICE,manual,from step splitting parser v1; prefill_v1:voice_trigger,manual_only,tap,todo_alias,pending,pending,pending,pending
CCU-231550-1,CCU-231550-1-S1,CCU-231550,1,1,APP 完成連線,APP 連線成功,index_aligned,unmapped,,,from step splitting parser v1,unmapped,tap,success_message,pending,pending,pending,pending
CCU-231550-2,CCU-231550-2-S1,CCU-231550,2,1,"呼叫 ""Turn on Light 5""",Light 5 開啟,index_aligned,unmapped,KW-ALIAS-VOICE,manual,from step splitting parser v1; prefill_v1:voice_trigger,manual_only,tap,todo_alias,pending,pending,pending,pending
CCU-231551-1,CCU-231551-1-S1,CCU-231551,1,1,APP 完成連線,APP 連線成功,index_aligned,unmapped,,,from step splitting parser v1,unmapped,tap,success_message,pending,pending,pending,pending
CCU-231551-3,CCU-231551-3-S1,CCU-231551,3,1,"呼叫 ""Turn off Light 5""",Light 5 關閉,index_aligned,unmapped,KW-ALIAS-VOICE,manual,from step splitting parser v1; prefill_v1:voice_trigger,manual_only,tap,todo_alias,pending,pending,pending,pending
CCU-231552-1,CCU-231552-1-S1,CCU-231552,1,1,APP 完成連線,APP 連線成功,index_aligned,unmapped,,,from step splitting parser v1,unmapped,tap,success_message,pending,pending,pending,pending
CCU-231552-2,CCU-231552-2-S1,CCU-231552,2,1,"呼叫 ""Turn on Light 6""",Light 6 開啟,index_aligned,unmapped,KW-ALIAS-VOICE,manual,from step splitting parser v1; prefill_v1:voice_trigger,manual_only,tap,todo_alias,pending,pending,pending,pending
CCU-231553-1,CCU-231553-1-S1,CCU-231553,1,1,APP 完成連線,APP 連線成功,index_aligned,unmapped,,,from step splitting parser v1,unmapped,tap,success_message,pending,pending,pending,pending
CCU-231553-3,CCU-231553-3-S1,CCU-231553,3,1,"呼叫 ""Turn off Light 6""",Light 6 關閉,index_aligned,unmapped,KW-ALIAS-VOICE,manual,from step splitting parser v1; prefill_v1:voice_trigger,manual_only,tap,todo_alias,pending,pending,pending,pending
CCU-231554-1,CCU-231554-1-S1,CCU-231554,1,1,APP 完成連線,APP 連線成功,index_aligned,unmapped,,,from step splitting parser v1,unmapped,tap,success_message,pending,pending,pending,pending
CCU-231554-2,CCU-231554-2-S1,CCU-231554,2,1,"呼叫 ""Turn on Light 7""",Light 7 開啟,index_aligned,unmapped,KW-ALIAS-VOICE,manual,from step splitting parser v1; prefill_v1:voice_trigger,manual_only,tap,todo_alias,pending,pending,pending,pending
CCU-231555-1,CCU-231555-1-S1,CCU-231555,1,1,APP 完成連線,APP 連線成功,index_aligned,unmapped,,,from step splitting parser v1,unmapped,tap,success_message,pending,pending,pending,pending
CCU-231555-3,CCU-231555-3-S1,CCU-231555,3,1,"呼叫 ""Turn off Light 7""",Light 7 關閉,index_aligned,unmapped,KW-ALIAS-VOICE,manual,from step splitting parser v1; prefill_v1:voice_trigger,manual_only,tap,todo_alias,pending,pending,pending,pending
CCU-231556-1,CCU-231556-1-S1,CCU-231556,1,1,APP 完成連線,APP 連線成功,index_aligned,unmapped,,,from step splitting parser v1,unmapped,tap,success_message,pending,pending,pending,pending
CCU-231556-2,CCU-231556-2-S1,CCU-231556,2,1,"呼叫 ""Turn on Light 8""",Light 8 開啟,index_aligned,unmapped,KW-ALIAS-VOICE,manual,from step splitting parser v1; prefill_v1:voice_trigger,manual_only,tap,todo_alias,pending,pending,pending,pending
CCU-231557-1,CCU-231557-1-S1,CCU-231557,1,1,APP 完成連線,APP 連線成功,index_aligned,unmapped,,,from step splitting parser v1,unmapped,tap,success_message,pending,pending,pending,pending
CCU-231557-3,CCU-231557-3-S1,CCU-231557,3,1,"呼叫 ""Turn off Light 8""",Light 8 關閉,index_aligned,unmapped,KW-ALIAS-VOICE,manual,from step splitting parser v1; prefill_v1:voice_trigger,manual_only,tap,todo_alias,pending,pending,pending,pending
CCU-231558-1,CCU-231558-1-S1,CCU-231558,1,1,"呼叫 ""Turn on Light 1""",Light 1 開啟,index_aligned,unmapped,KW-ALIAS-VOICE,manual,from step splitting parser v1; prefill_v1:voice_trigger,manual_only,tap,todo_alias,pending,pending,pending,pending
CCU-231559-2,CCU-231559-2-S1,CCU-231559,2,1,"呼叫 ""Turn off Light 1""",Light 1 關閉,index_aligned,unmapped,KW-ALIAS-VOICE,manual,from step splitting parser v1; prefill_v1:voice_trigger,manual_only,tap,todo_alias,pending,pending,pending,pending
CCU-231560-1,CCU-231560-1-S1,CCU-231560,1,1,"呼叫 ""Turn on Light 2""",Light 2 開啟,index_aligned,unmapped,KW-ALIAS-VOICE,manual,from step splitting parser v1; prefill_v1:voice_trigger,manual_only,tap,todo_alias,pending,pending,pending,pending
CCU-231561-2,CCU-231561-2-S1,CCU-231561,2,1,"呼叫 ""Turn off Light 2""",Light 2 關閉,index_aligned,unmapped,KW-ALIAS-VOICE,manual,from step splitting parser v1; prefill_v1:voice_trigger,manual_only,tap,todo_alias,pending,pending,pending,pending
CCU-231562-1,CCU-231562-1-S1,CCU-231562,1,1,"呼叫 ""Turn on Light 3""",Light 3 開啟,index_aligned,unmapped,KW-ALIAS-VOICE,manual,from step splitting parser v1; prefill_v1:voice_trigger,manual_only,tap,todo_alias,pending,pending,pending,pending
CCU-231563-2,CCU-231563-2-S1,CCU-231563,2,1,"呼叫 ""Turn off Light 3""",Light 3 關閉,index_aligned,unmapped,KW-ALIAS-VOICE,manual,from step splitting parser v1; prefill_v1:voice_trigger,manual_only,tap,todo_alias,pending,pending,pending,pending
CCU-231564-1,CCU-231564-1-S1,CCU-231564,1,1,"呼叫 ""Turn on Light 4""",Light 4 開啟,index_aligned,unmapped,KW-ALIAS-VOICE,manual,from step splitting parser v1; prefill_v1:voice_trigger,manual_only,tap,todo_alias,pending,pending,pending,pending
CCU-231565-2,CCU-231565-2-S1,CCU-231565,2,1,"呼叫 ""Turn off Light 4""",Light 4 關閉,index_aligned,unmapped,KW-ALIAS-VOICE,manual,from step splitting parser v1; prefill_v1:voice_trigger,manual_only,tap,todo_alias,pending,pending,pending,pending
CCU-231566-1,CCU-231566-1-S1,CCU-231566,1,1,"呼叫 ""Turn on Light 5""",Light 5 開啟,index_aligned,unmapped,KW-ALIAS-VOICE,manual,from step splitting parser v1; prefill_v1:voice_trigger,manual_only,tap,todo_alias,pending,pending,pending,pending
CCU-231567-2,CCU-231567-2-S1,CCU-231567,2,1,"呼叫 ""Turn off Light 5""",Light 5 關閉,index_aligned,unmapped,KW-ALIAS-VOICE,manual,from step splitting parser v1; prefill_v1:voice_trigger,manual_only,tap,todo_alias,pending,pending,pending,pending
CCU-231568-1,CCU-231568-1-S1,CCU-231568,1,1,"呼叫 ""Turn on Light 6""",Light 6 開啟,index_aligned,unmapped,KW-ALIAS-VOICE,manual,from step splitting parser v1; prefill_v1:voice_trigger,manual_only,tap,todo_alias,pending,pending,pending,pending
CCU-231569-2,CCU-231569-2-S1,CCU-231569,2,1,"呼叫 ""Turn off Light 6""",Light 6 關閉,index_aligned,unmapped,KW-ALIAS-VOICE,manual,from step splitting parser v1; prefill_v1:voice_trigger,manual_only,tap,todo_alias,pending,pending,pending,pending
CCU-231570-1,CCU-231570-1-S1,CCU-231570,1,1,"呼叫 ""Turn on Light 7""",Light 7 開啟,index_aligned,unmapped,KW-ALIAS-VOICE,manual,from step splitting parser v1; prefill_v1:voice_trigger,manual_only,tap,todo_alias,pending,pending,pending,pending
CCU-231571-2,CCU-231571-2-S1,CCU-231571,2,1,"呼叫 ""Turn off Light 7""",Light 7 關閉,index_aligned,unmapped,KW-ALIAS-VOICE,manual,from step splitting parser v1; prefill_v1:voice_trigger,manual_only,tap,todo_alias,pending,pending,pending,pending
CCU-231572-1,CCU-231572-1-S1,CCU-231572,1,1,"呼叫 ""Turn on Light 8""",Light 8 開啟,index_aligned,unmapped,KW-ALIAS-VOICE,manual,from step splitting parser v1; prefill_v1:voice_trigger,manual_only,tap,todo_alias,pending,pending,pending,pending
CCU-231573-2,CCU-231573-2-S1,CCU-231573,2,1,"呼叫 ""Turn off Light 8""",Light 8 關閉,index_aligned,unmapped,KW-ALIAS-VOICE,manual,from step splitting parser v1; prefill_v1:voice_trigger,manual_only,tap,todo_alias,pending,pending,pending,pending
CCU-231614-1,CCU-231614-1-S1,CCU-231614,1,1,APP 完成連線,APP 連線成功,index_aligned,unmapped,,,from step splitting parser v1,unmapped,tap,success_message,pending,pending,pending,pending
CCU-231614-2,CCU-231614-2-S1,CCU-231614,2,1,Living Room 修改成 Light 1,Lcd Living Room 的名稱會改變成 light 1,index_aligned,unmapped,KW-ALIAS-DEVICE-STATE,manual,from step splitting parser v1; prefill_v2:device_state,manual_only,tap,todo_alias,pending,pending,pending,pending
CCU-231615-1,CCU-231615-1-S1,CCU-231615,1,1,APP 完成連線,APP 連線成功,index_aligned,unmapped,,,from step splitting parser v1,unmapped,tap,success_message,pending,pending,pending,pending
CCU-231615-2,CCU-231615-2-S1,CCU-231615,2,1,Kitchen 修改成 Light 2,Lcd Kitchen 的名稱會改變成 light 2,index_aligned,unmapped,KW-ALIAS-DEVICE-STATE,manual,from step splitting parser v1; prefill_v2:device_state,manual_only,tap,todo_alias,pending,pending,pending,pending
CCU-231616-1,CCU-231616-1-S1,CCU-231616,1,1,APP 完成連線,APP 連線成功,index_aligned,unmapped,,,from step splitting parser v1,unmapped,tap,success_message,pending,pending,pending,pending
CCU-231616-2,CCU-231616-2-S1,CCU-231616,2,1,Bedroom 修改成 Light 3,Lcd Bedroom 的名稱會改變成 light 3,index_aligned,unmapped,KW-ALIAS-DEVICE-STATE,manual,from step splitting parser v1; prefill_v2:device_state,manual_only,tap,todo_alias,pending,pending,pending,pending
CCU-231617-1,CCU-231617-1-S1,CCU-231617,1,1,APP 完成連線,APP 連線成功,index_aligned,unmapped,,,from step splitting parser v1,unmapped,tap,success_message,pending,pending,pending,pending
CCU-231617-2,CCU-231617-2-S1,CCU-231617,2,1,Exterior 修改成 Light 4,Lcd Exterior 的名稱會改變成 light 4,index_aligned,unmapped,KW-ALIAS-DEVICE-STATE,manual,from step splitting parser v1; prefill_v2:device_state,manual_only,tap,todo_alias,pending,pending,pending,pending
CCU-231618-1,CCU-231618-1-S1,CCU-231618,1,1,APP 完成連線,APP 連線成功,index_aligned,unmapped,,,from step splitting parser v1,unmapped,tap,success_message,pending,pending,pending,pending
CCU-231618-2,CCU-231618-2-S1,CCU-231618,2,1,Bathroom 修改成 Light 5,Lcd Bathroom 的名稱會改變成 light 5,index_aligned,unmapped,KW-ALIAS-DEVICE-STATE,manual,from step splitting parser v1; prefill_v2:device_state,manual_only,tap,todo_alias,pending,pending,pending,pending
CCU-231619-1,CCU-231619-1-S1,CCU-231619,1,1,APP 完成連線,APP 連線成功,index_aligned,unmapped,,,from step splitting parser v1,unmapped,tap,success_message,pending,pending,pending,pending
CCU-231619-2,CCU-231619-2-S1,CCU-231619,2,1,Garage 修改成 Light 6,Lcd Garage 的名稱會改變成 light 6,index_aligned,unmapped,KW-ALIAS-DEVICE-STATE,manual,from step splitting parser v1; prefill_v2:device_state,manual_only,tap,todo_alias,pending,pending,pending,pending
CCU-231620-1,CCU-231620-1-S1,CCU-231620,1,1,APP 完成連線,APP 連線成功,index_aligned,unmapped,,,from step splitting parser v1,unmapped,tap,success_message,pending,pending,pending,pending
CCU-231620-2,CCU-231620-2-S1,CCU-231620,2,1,Galley 修改成 Light 7,Lcd Galley 的名稱會改變成 light 7,index_aligned,unmapped,KW-ALIAS-DEVICE-STATE,manual,from step splitting parser v1; prefill_v2:device_state,manual_only,tap,todo_alias,pending,pending,pending,pending
CCU-231621-1,CCU-231621-1-S1,CCU-231621,1,1,APP 完成連線,APP 連線成功,index_aligned,unmapped,,,from step splitting parser v1,unmapped,tap,success_message,pending,pending,pending,pending
CCU-231621-2,CCU-231621-2-S1,CCU-231621,2,1,Dinette 修改成 Light 8,Lcd Dinette 的名稱會改變成 light 8,index_aligned,unmapped,KW-ALIAS-DEVICE-STATE,manual,from step splitting parser v1; prefill_v2:device_state,manual_only,tap,todo_alias,pending,pending,pending,pending
CCU-231622-1,CCU-231622-1-S1,CCU-231622,1,1,APP 完成連線,APP 連線成功,index_aligned,unmapped,,,from step splitting parser v1,unmapped,tap,success_message,pending,pending,pending,pending
CCU-231622-2,CCU-231622-2-S1,CCU-231622,2,1,"呼叫 ""Turn on Light 1""",Light 1 開啟,index_aligned,unmapped,KW-ALIAS-VOICE,manual,from step splitting parser v1; prefill_v1:voice_trigger,manual_only,tap,todo_alias,pending,pending,pending,pending
CCU-231623-1,CCU-231623-1-S1,CCU-231623,1,1,APP 完成連線,APP 連線成功,index_aligned,unmapped,,,from step splitting parser v1,unmapped,tap,success_message,pending,pending,pending,pending
CCU-231623-3,CCU-231623-3-S1,CCU-231623,3,1,"呼叫 ""Turn off Light 1""",Light 1 關閉,index_aligned,unmapped,KW-ALIAS-VOICE,manual,from step splitting parser v1; prefill_v1:voice_trigger,manual_only,tap,todo_alias,pending,pending,pending,pending
CCU-231624-1,CCU-231624-1-S1,CCU-231624,1,1,APP 完成連線,APP 連線成功,index_aligned,unmapped,,,from step splitting parser v1,unmapped,tap,success_message,pending,pending,pending,pending
CCU-231624-2,CCU-231624-2-S1,CCU-231624,2,1,"呼叫 ""Turn on Light 2""",Light 2 開啟,index_aligned,unmapped,KW-ALIAS-VOICE,manual,from step splitting parser v1; prefill_v1:voice_trigger,manual_only,tap,todo_alias,pending,pending,pending,pending
CCU-231625-1,CCU-231625-1-S1,CCU-231625,1,1,APP 完成連線,APP 連線成功,index_aligned,unmapped,,,from step splitting parser v1,unmapped,tap,success_message,pending,pending,pending,pending
CCU-231625-3,CCU-231625-3-S1,CCU-231625,3,1,"呼叫 ""Turn off Light 2""",Light 2 關閉,index_aligned,unmapped,KW-ALIAS-VOICE,manual,from step splitting parser v1; prefill_v1:voice_trigger,manual_only,tap,todo_alias,pending,pending,pending,pending
CCU-231626-1,CCU-231626-1-S1,CCU-231626,1,1,APP 完成連線,APP 連線成功,index_aligned,unmapped,,,from step splitting parser v1,unmapped,tap,success_message,pending,pending,pending,pending
CCU-231626-2,CCU-231626-2-S1,CCU-231626,2,1,"呼叫 ""Turn on Light 3""",Light 3 開啟,index_aligned,unmapped,KW-ALIAS-VOICE,manual,from step splitting parser v1; prefill_v1:voice_trigger,manual_only,tap,todo_alias,pending,pending,pending,pending
CCU-231627-1,CCU-231627-1-S1,CCU-231627,1,1,APP 完成連線,APP 連線成功,index_aligned,unmapped,,,from step splitting parser v1,unmapped,tap,success_message,pending,pending,pending,pending
CCU-231627-3,CCU-231627-3-S1,CCU-231627,3,1,"呼叫 ""Turn off Light 3""",Light 3 關閉,index_aligned,unmapped,KW-ALIAS-VOICE,manual,from step splitting parser v1; prefill_v1:voice_trigger,manual_only,tap,todo_alias,pending,pending,pending,pending
CCU-231628-1,CCU-231628-1-S1,CCU-231628,1,1,APP 完成連線,APP 連線成功,index_aligned,unmapped,,,from step splitting parser v1,unmapped,tap,success_message,pending,pending,pending,pending
CCU-231628-2,CCU-231628-2-S1,CCU-231628,2,1,"呼叫 ""Turn on Light 4""",Light 4 開啟,index_aligned,unmapped,KW-ALIAS-VOICE,manual,from step splitting parser v1; prefill_v1:voice_trigger,manual_only,tap,todo_alias,pending,pending,pending,pending
CCU-231629-1,CCU-231629-1-S1,CCU-231629,1,1,APP 完成連線,APP 連線成功,index_aligned,unmapped,,,from step splitting parser v1,unmapped,tap,success_message,pending,pending,pending,pending
CCU-231629-3,CCU-231629-3-S1,CCU-231629,3,1,"呼叫 ""Turn off Light 4""",Light 4 關閉,index_aligned,unmapped,KW-ALIAS-VOICE,manual,from step splitting parser v1; prefill_v1:voice_trigger,manual_only,tap,todo_alias,pending,pending,pending,pending
CCU-231630-1,CCU-231630-1-S1,CCU-231630,1,1,APP 完成連線,APP 連線成功,index_aligned,unmapped,,,from step splitting parser v1,unmapped,tap,success_message,pending,pending,pending,pending
CCU-231630-2,CCU-231630-2-S1,CCU-231630,2,1,"呼叫 ""Turn on Light 5""",Light 5 開啟,index_aligned,unmapped,KW-ALIAS-VOICE,manual,from step splitting parser v1; prefill_v1:voice_trigger,manual_only,tap,todo_alias,pending,pending,pending,pending
CCU-231631-1,CCU-231631-1-S1,CCU-231631,1,1,APP 完成連線,APP 連線成功,index_aligned,unmapped,,,from step splitting parser v1,unmapped,tap,success_message,pending,pending,pending,pending
CCU-231631-3,CCU-231631-3-S1,CCU-231631,3,1,"呼叫 ""Turn off Light 5""",Light 5 關閉,index_aligned,unmapped,KW-ALIAS-VOICE,manual,from step splitting parser v1; prefill_v1:voice_trigger,manual_only,tap,todo_alias,pending,pending,pending,pending
CCU-231632-1,CCU-231632-1-S1,CCU-231632,1,1,APP 完成連線,APP 連線成功,index_aligned,unmapped,,,from step splitting parser v1,unmapped,tap,success_message,pending,pending,pending,pending
CCU-231632-2,CCU-231632-2-S1,CCU-231632,2,1,"呼叫 ""Turn on Light 6""",Light 6 開啟,index_aligned,unmapped,KW-ALIAS-VOICE,manual,from step splitting parser v1; prefill_v1:voice_trigger,manual_only,tap,todo_alias,pending,pending,pending,pending
CCU-231633-1,CCU-231633-1-S1,CCU-231633,1,1,APP 完成連線,APP 連線成功,index_aligned,unmapped,,,from step splitting parser v1,unmapped,tap,success_message,pending,pending,pending,pending
CCU-231633-3,CCU-231633-3-S1,CCU-231633,3,1,"呼叫 ""Turn off Light 6""",Light 6 關閉,index_aligned,unmapped,KW-ALIAS-VOICE,manual,from step splitting parser v1; prefill_v1:voice_trigger,manual_only,tap,todo_alias,pending,pending,pending,pending
CCU-231634-1,CCU-231634-1-S1,CCU-231634,1,1,APP 完成連線,APP 連線成功,index_aligned,unmapped,,,from step splitting parser v1,unmapped,tap,success_message,pending,pending,pending,pending
CCU-231634-2,CCU-231634-2-S1,CCU-231634,2,1,"呼叫 ""Turn on Light 7""",Light 7 開啟,index_aligned,unmapped,KW-ALIAS-VOICE,manual,from step splitting parser v1; prefill_v1:voice_trigger,manual_only,tap,todo_alias,pending,pending,pending,pending
CCU-231635-1,CCU-231635-1-S1,CCU-231635,1,1,APP 完成連線,APP 連線成功,index_aligned,unmapped,,,from step splitting parser v1,unmapped,tap,success_message,pending,pending,pending,pending
CCU-231635-3,CCU-231635-3-S1,CCU-231635,3,1,"呼叫 ""Turn off Light 7""",Light 7 關閉,index_aligned,unmapped,KW-ALIAS-VOICE,manual,from step splitting parser v1; prefill_v1:voice_trigger,manual_only,tap,todo_alias,pending,pending,pending,pending
CCU-231636-1,CCU-231636-1-S1,CCU-231636,1,1,APP 完成連線,APP 連線成功,index_aligned,unmapped,,,from step splitting parser v1,unmapped,tap,success_message,pending,pending,pending,pending
CCU-231636-2,CCU-231636-2-S1,CCU-231636,2,1,"呼叫 ""Turn on Light 8""",Light 8 開啟,index_aligned,unmapped,KW-ALIAS-VOICE,manual,from step splitting parser v1; prefill_v1:voice_trigger,manual_only,tap,todo_alias,pending,pending,pending,pending
CCU-231637-1,CCU-231637-1-S1,CCU-231637,1,1,APP 完成連線,APP 連線成功,index_aligned,unmapped,,,from step splitting parser v1,unmapped,tap,success_message,pending,pending,pending,pending
CCU-231637-3,CCU-231637-3-S1,CCU-231637,3,1,"呼叫 ""Turn off Light 8""",Light 8 關閉,index_aligned,unmapped,KW-ALIAS-VOICE,manual,from step splitting parser v1; prefill_v1:voice_trigger,manual_only,tap,todo_alias,pending,pending,pending,pending
CCU-231638-1,CCU-231638-1-S1,CCU-231638,1,1,"呼叫 ""Turn on Light 1""",Light 1 開啟,index_aligned,unmapped,KW-ALIAS-VOICE,manual,from step splitting parser v1; prefill_v1:voice_trigger,manual_only,tap,todo_alias,pending,pending,pending,pending
CCU-231639-2,CCU-231639-2-S1,CCU-231639,2,1,"呼叫 ""Turn off Light 1""",Light 1 關閉,index_aligned,unmapped,KW-ALIAS-VOICE,manual,from step splitting parser v1; prefill_v1:voice_trigger,manual_only,tap,todo_alias,pending,pending,pending,pending
CCU-231640-1,CCU-231640-1-S1,CCU-231640,1,1,"呼叫 ""Turn on Light 2""",Light 2 開啟,index_aligned,unmapped,KW-ALIAS-VOICE,manual,from step splitting parser v1; prefill_v1:voice_trigger,manual_only,tap,todo_alias,pending,pending,pending,pending
CCU-231641-2,CCU-231641-2-S1,CCU-231641,2,1,"呼叫 ""Turn off Light 2""",Light 2 關閉,index_aligned,unmapped,KW-ALIAS-VOICE,manual,from step splitting parser v1; prefill_v1:voice_trigger,manual_only,tap,todo_alias,pending,pending,pending,pending
CCU-231642-1,CCU-231642-1-S1,CCU-231642,1,1,"呼叫 ""Turn on Light 3""",Light 3 開啟,index_aligned,unmapped,KW-ALIAS-VOICE,manual,from step splitting parser v1; prefill_v1:voice_trigger,manual_only,tap,todo_alias,pending,pending,pending,pending
CCU-231643-2,CCU-231643-2-S1,CCU-231643,2,1,"呼叫 ""Turn off Light 3""",Light 3 關閉,index_aligned,unmapped,KW-ALIAS-VOICE,manual,from step splitting parser v1; prefill_v1:voice_trigger,manual_only,tap,todo_alias,pending,pending,pending,pending
CCU-231644-1,CCU-231644-1-S1,CCU-231644,1,1,"呼叫 ""Turn on Light 4""",Light 4 開啟,index_aligned,unmapped,KW-ALIAS-VOICE,manual,from step splitting parser v1; prefill_v1:voice_trigger,manual_only,tap,todo_alias,pending,pending,pending,pending
CCU-231645-2,CCU-231645-2-S1,CCU-231645,2,1,"呼叫 ""Turn off Light 4""",Light 4 關閉,index_aligned,unmapped,KW-ALIAS-VOICE,manual,from step splitting parser v1; prefill_v1:voice_trigger,manual_only,tap,todo_alias,pending,pending,pending,pending
CCU-231646-1,CCU-231646-1-S1,CCU-231646,1,1,"呼叫 ""Turn on Light 5""",Light 5 開啟,index_aligned,unmapped,KW-ALIAS-VOICE,manual,from step splitting parser v1; prefill_v1:voice_trigger,manual_only,tap,todo_alias,pending,pending,pending,pending
CCU-231647-2,CCU-231647-2-S1,CCU-231647,2,1,"呼叫 ""Turn off Light 5""",Light 5 關閉,index_aligned,unmapped,KW-ALIAS-VOICE,manual,from step splitting parser v1; prefill_v1:voice_trigger,manual_only,tap,todo_alias,pending,pending,pending,pending
CCU-231648-1,CCU-231648-1-S1,CCU-231648,1,1,"呼叫 ""Turn on Light 6""",Light 6 開啟,index_aligned,unmapped,KW-ALIAS-VOICE,manual,from step splitting parser v1; prefill_v1:voice_trigger,manual_only,tap,todo_alias,pending,pending,pending,pending
CCU-231649-2,CCU-231649-2-S1,CCU-231649,2,1,"呼叫 ""Turn off Light 6""",Light 6 關閉,index_aligned,unmapped,KW-ALIAS-VOICE,manual,from step splitting parser v1; prefill_v1:voice_trigger,manual_only,tap,todo_alias,pending,pending,pending,pending
CCU-231650-1,CCU-231650-1-S1,CCU-231650,1,1,"呼叫 ""Turn on Light 7""",Light 7 開啟,index_aligned,unmapped,KW-ALIAS-VOICE,manual,from step splitting parser v1; prefill_v1:voice_trigger,manual_only,tap,todo_alias,pending,pending,pending,pending
CCU-231651-2,CCU-231651-2-S1,CCU-231651,2,1,"呼叫 ""Turn off Light 7""",Light 7 關閉,index_aligned,unmapped,KW-ALIAS-VOICE,manual,from step splitting parser v1; prefill_v1:voice_trigger,manual_only,tap,todo_alias,pending,pending,pending,pending
CCU-231652-1,CCU-231652-1-S1,CCU-231652,1,1,"呼叫 ""Turn on Light 8""",Light 8 開啟,index_aligned,unmapped,KW-ALIAS-VOICE,manual,from step splitting parser v1; prefill_v1:voice_trigger,manual_only,tap,todo_alias,pending,pending,pending,pending
CCU-231653-2,CCU-231653-2-S1,CCU-231653,2,1,"呼叫 ""Turn off Light 8""",Light 8 關閉,index_aligned,unmapped,KW-ALIAS-VOICE,manual,from step splitting parser v1; prefill_v1:voice_trigger,manual_only,tap,todo_alias,pending,pending,pending,pending
CCU-230101-1,CCU-230101-1-S1,CCU-230101,1,1,enter setting,setting page display normally,index_aligned,unmapped,,,from step splitting parser v1,unmapped,input,todo_alias,pending,pending,pending,pending
CCU-230101-2,CCU-230101-2-S1,CCU-230101,2,1,setting scan,scan normally,index_aligned,unmapped,,,from step splitting parser v1,unmapped,tap,scan_button,pending,pending,pending,pending
CCU-230102-1,CCU-230102-1-S1,CCU-230102,1,1,iot面板 設定 app 連線,wifi連線正常iot 面板 wifi 燈號 閃爍,index_aligned,unmapped,,,from step splitting parser v1,unmapped,tap,wifi_status_label,pending,pending,pending,pending
CCU-230102-2,CCU-230102-2-S1,CCU-230102,2,1,設定 iot 面板 wifi 設定,wifi連線正常iot 面板 wifi 燈號 閃爍,index_aligned,manual_only,KW-ALIAS-SET,manual,from step splitting parser v1; prefill_v1:set_or_select,manual_only,tap,wifi_status_label,pending,pending,pending,pending
CCU-230102-3,CCU-230102-3-S1,CCU-230102,3,1,app 中斷連線,wifi連線正常iot 面板 wifi 燈號 閃爍,index_aligned,unmapped,,,from step splitting parser v1,unmapped,tap,wifi_status_label,pending,pending,pending,pending
CCU-230102-4,CCU-230102-4-S1,CCU-230102,4,1,app 使用wifi 連線,wifi連線正常iot 面板 wifi 燈號 閃爍,index_aligned,unmapped,KW-ALIAS-WIFI,manual,from step splitting parser v1; prefill_v1:wifi_action,manual_only,tap,wifi_status_label,pending,pending,pending,pending
CCU-230103-1,CCU-230103-1-S1,CCU-230103,1,1,開啟關閉 light 1 ~ 4,light 1 ~ 4 開啟,index_aligned,unmapped,KW-ALIAS-OPEN,manual,from step splitting parser v1; prefill_v1:open_or_enable,manual_only,tap,todo_alias,pending,pending,pending,pending
CCU-230103-1,CCU-230103-1-S2,CCU-230103,1,2,開啟關閉 light 1 ~ 4,關閉開啟,index_aligned,unmapped,KW-ALIAS-OPEN,manual,from step splitting parser v1; prefill_v1:open_or_enable,manual_only,tap,todo_alias,pending,pending,pending,pending
CCU-230103-1,CCU-230103-1-S3,CCU-230103,1,3,開啟關閉 light 1 ~ 4,關閉 tanker heater,index_aligned,unmapped,KW-ALIAS-OPEN,manual,from step splitting parser v1; prefill_v1:open_or_enable,manual_only,tap,todo_alias,pending,pending,pending,pending
CCU-230103-2,CCU-230103-2-S1,CCU-230103,2,1,開啟關閉 tanker heater,light 1 ~ 4 開啟,index_aligned,unmapped,KW-ALIAS-OPEN,manual,from step splitting parser v1; prefill_v1:open_or_enable,manual_only,tap,todo_alias,pending,pending,pending,pending
CCU-230103-2,CCU-230103-2-S2,CCU-230103,2,2,開啟關閉 tanker heater,關閉開啟,index_aligned,unmapped,KW-ALIAS-OPEN,manual,from step splitting parser v1; prefill_v1:open_or_enable,manual_only,tap,todo_alias,pending,pending,pending,pending
CCU-230103-2,CCU-230103-2-S3,CCU-230103,2,3,開啟關閉 tanker heater,關閉 tanker heater,index_aligned,unmapped,KW-ALIAS-OPEN,manual,from step splitting parser v1; prefill_v1:open_or_enable,manual_only,tap,todo_alias,pending,pending,pending,pending
CCU-230105-1,CCU-230105-1-S1,CCU-230105,1,1,enter Setting page,enter setting page normally,index_aligned,unmapped,,,from step splitting parser v1,unmapped,input,todo_alias,pending,pending,pending,pending
CCU-230105-2,CCU-230105-2-S1,CCU-230105,2,1,Settings page display,settings page display normally,index_aligned,unmapped,,,from step splitting parser v1,unmapped,tap,settings_button,pending,pending,pending,pending
CCU-230105-3,CCU-230105-3-S1,CCU-230105,3,1,modify text not follow rules,save button unclickable,index_aligned,unmapped,KW-ALIAS-CODE-LIKE-STEP,manual,from step splitting parser v1; prefill_v2:code_like_step,manual_only,tap,otp_field,pending,pending,pending,pending
CCU-230105-4,CCU-230105-4-S1,CCU-230105,4,1,modify text not follow rules,error message display normally,index_aligned,unmapped,KW-ALIAS-CODE-LIKE-STEP,manual,from step splitting parser v1; prefill_v2:code_like_step,manual_only,tap,otp_field,pending,pending,pending,pending
CCU-230105-5,CCU-230105-5-S1,CCU-230105,5,1,modify device name,device name not change,expected_attached_to_first,unmapped,KW-ALIAS-CODE-LIKE-STEP,manual,from step splitting parser v1; prefill_v2:code_like_step,manual_only,tap,otp_field,pending,pending,pending,pending
CCU-230105-5,CCU-230105-5-S2,CCU-230105,5,2,click cancel,,expected_attached_to_first,unmapped,,,from step splitting parser v1,unmapped,tap,cancel_button,pending,pending,pending,pending
CCU-230105-6,CCU-230105-6-S1,CCU-230105,6,1,modify device name,device name modify normally,index_aligned,unmapped,KW-ALIAS-CODE-LIKE-STEP,manual,from step splitting parser v1; prefill_v2:code_like_step,manual_only,tap,otp_field,pending,pending,pending,pending
CCU-230105-6,CCU-230105-6-S2,CCU-230105,6,2,click save,bluetooth scan can found,index_aligned,unmapped,,,from step splitting parser v1,unmapped,tap,save_button,pending,pending,pending,pending
CCU-230105-6,CCU-230105-6-S3,CCU-230105,6,3,click save,wifi scan can found,index_aligned,unmapped,,,from step splitting parser v1,unmapped,tap,save_button,pending,pending,pending,pending
CCU-230106-1,CCU-230106-1-S1,CCU-230106,1,1,enter setting,設定頁面顯示正常,index_aligned,unmapped,,,from step splitting parser v1,unmapped,input,settings_button,pending,pending,pending,pending
CCU-230106-2,CCU-230106-2-S1,CCU-230106,2,1,關閉語音控制,關閉語音控制正常,index_aligned,unmapped,KW-ALIAS-CLOSE,manual,from step splitting parser v1; prefill_v1:close_or_disable,manual_only,tap,todo_alias,pending,pending,pending,pending
CCU-230106-3,CCU-230106-3-S1,CCU-230106,3,1,開啟語音控制,開啟語音控制正常,index_aligned,unmapped,KW-ALIAS-OPEN,manual,from step splitting parser v1; prefill_v1:open_or_enable,manual_only,tap,todo_alias,pending,pending,pending,pending
CCU-230106-4,CCU-230106-4-S1,CCU-230106,4,1,,,no_expected,unmapped,,,from step splitting parser v1,unmapped,tap,todo_alias,pending,pending,pending,pending
CCU-230107-1,CCU-230107-1-S1,CCU-230107,1,1,設定關閉,"發聲 ""Hey Power pro"" 不應該收到回應",index_aligned,manual_only,KW-ALIAS-SET,manual,from step splitting parser v1; prefill_v1:set_or_select,manual_only,tap,settings_button,pending,pending,pending,pending
CCU-230107-2,CCU-230107-2-S1,CCU-230107,2,1,設定開啟,"發聲""Hey Power pro"" 應該收到 登登 回應",index_aligned,manual_only,KW-ALIAS-SET,manual,from step splitting parser v1; prefill_v1:set_or_select,manual_only,tap,settings_button,pending,pending,pending,pending
CCU-230107-4,CCU-230107-4-S1,CCU-230107,4,1,設定為 sound,"發聲 ""hey power pro"" 應該收到 登登",index_aligned,manual_only,KW-ALIAS-SET,manual,from step splitting parser v1; prefill_v1:set_or_select,manual_only,tap,settings_button,pending,pending,pending,pending
CCU-230107-5,CCU-230107-5-S1,CCU-230107,5,1,設定為 Greeting,應該隨機回應以下兩句 how may I help you what can I do for you,index_aligned,manual_only,KW-ALIAS-SET,manual,from step splitting parser v1; prefill_v1:set_or_select,manual_only,tap,settings_button,pending,pending,pending,pending
CCU-230108-1,CCU-230108-1-S1,CCU-230108,1,1,設定關閉,通知關閉正確,index_aligned,manual_only,KW-ALIAS-SET,manual,from step splitting parser v1; prefill_v1:set_or_select,manual_only,tap,settings_button,pending,pending,pending,pending
CCU-230108-2,CCU-230108-2-S1,CCU-230108,2,1,執行 DSI Fault,手機沒有通知 DSI Fault,index_aligned,unmapped,,,from step splitting parser v1,unmapped,tap,notification_permission_dialog,pending,pending,pending,pending
CCU-230108-3,CCU-230108-3-S1,CCU-230108,3,1,設定開啟RV notification,通知開啟正確,index_aligned,manual_only,KW-ALIAS-SET,manual,from step splitting parser v1; prefill_v1:set_or_select,manual_only,tap,settings_button,pending,pending,pending,pending
CCU-230108-4,CCU-230108-4-S1,CCU-230108,4,1,修改battery level,手機通知收到battery level,index_aligned,unmapped,,,from step splitting parser v1,unmapped,tap,notification_permission_dialog,pending,pending,pending,pending
CCU-230108-5,CCU-230108-5-S1,CCU-230108,5,1,修改tank level,手機通知收到tank level,index_aligned,unmapped,,,from step splitting parser v1,unmapped,tap,notification_permission_dialog,pending,pending,pending,pending
CCU-230108-6,CCU-230108-6-S1,CCU-230108,6,1,修改通知週期到period,手機通知應改為週期顯示,index_aligned,unmapped,,,from step splitting parser v1,unmapped,tap,notification_permission_dialog,pending,pending,pending,pending
CCU-230108-7,CCU-230108-7-S1,CCU-230108,7,1,修改通知週期到 always,手機通知應改為 總是顯示,index_aligned,unmapped,,,from step splitting parser v1,unmapped,tap,notification_permission_dialog,pending,pending,pending,pending
CCU-230109-1,CCU-230109-1-S1,CCU-230109,1,1,麥克風LED 開啟,開啟正常 面板麥克風 LED 綠燈,index_aligned,unmapped,,,from step splitting parser v1,unmapped,tap,todo_alias,pending,pending,pending,pending
CCU-230109-2,CCU-230109-2-S1,CCU-230109,2,1,麥克風LED 關閉,面板麥克風LED 不是綠燈,index_aligned,unmapped,,,from step splitting parser v1,unmapped,tap,todo_alias,pending,pending,pending,pending
CCU-230110-1,CCU-230110-1-S1,CCU-230110,1,1,檢查預設panel auto-lock為 一 分鐘,檢查panel auto-lock為 一 分鐘,index_aligned,manual_only,KW-ALIAS-CHECK,manual,from step splitting parser v1; prefill_v1:ui_or_device_check,manual_only,assert_visible,todo_alias,pending,pending,pending,pending
CCU-230110-2,CCU-230110-2-S1,CCU-230110,2,1,調整panel auto-lock 為三分種,檢查panel auto-lock為 三 分鐘,index_aligned,unmapped,,,from step splitting parser v1,unmapped,assert_visible,todo_alias,pending,pending,pending,pending
CCU-230110-3,CCU-230110-3-S1,CCU-230110,3,1,調整panel auto-lock 為五分鐘,檢查panel auto-lock為 五 分鐘,index_aligned,unmapped,,,from step splitting parser v1,unmapped,assert_visible,todo_alias,pending,pending,pending,pending
CCU-230111-1,CCU-230111-1-S1,CCU-230111,1,1,Nickname不符合規則,提示顯示正常,index_aligned,unmapped,,,from step splitting parser v1,unmapped,tap,todo_alias,pending,pending,pending,pending
CCU-230111-2,CCU-230111-2-S1,CCU-230111,2,1,Nickname符合規則,Save按鈕顯示正常,index_aligned,unmapped,,,from step splitting parser v1,unmapped,tap,save_button,pending,pending,pending,pending
CCU-230111-3,CCU-230111-3-S1,CCU-230111,3,1,點擊Cancel,不儲存回到setting頁面,index_aligned,manual_only,KW-ALIAS-CLICK,manual,from step splitting parser v1; prefill_v1:ui_action_click,manual_only,tap,cancel_button,pending,pending,pending,pending
CCU-230111-4,CCU-230111-4-S1,CCU-230111,4,1,重新進入nickname頁面輸入符合規則,儲存正確回到setting頁面,expected_attached_to_first,unmapped,KW-ALIAS-NAVIGATION,manual,from step splitting parser v1; prefill_v2:navigation_flow,manual_only,input,save_button,pending,pending,pending,pending
CCU-230111-4,CCU-230111-4-S2,CCU-230111,4,2,點擊save,,expected_attached_to_first,unmapped,KW-ALIAS-CLICK,manual,from step splitting parser v1; prefill_v1:ui_action_click,manual_only,tap,save_button,pending,pending,pending,pending
CCU-230111-5,CCU-230111-5-S1,CCU-230111,5,1,"對panel輸入語音命令""hey power pro"" ""i'm home""",回答包含您的nickname,index_aligned,unmapped,KW-ALIAS-DEVICE-STATE,manual,from step splitting parser v1; prefill_v2:device_state,manual_only,input,home_title,pending,pending,pending,pending
CCU-230112-1,CCU-230112-1-S1,CCU-230112,1,1,檢查wifi圖示,wifi圖示顯示正常,index_aligned,manual_only,KW-ALIAS-CHECK,manual,from step splitting parser v1; prefill_v1:ui_or_device_check,manual_only,assert_visible,wifi_status_label,pending,pending,pending,pending
CCU-230112-2,CCU-230112-2-S1,CCU-230112,2,1,點擊clear/disconnect,進入ssid輸入頁面,index_aligned,manual_only,KW-ALIAS-CLICK,manual,from step splitting parser v1; prefill_v1:ui_action_click,manual_only,tap,todo_alias,pending,pending,pending,pending
CCU-230112-3,CCU-230112-3-S1,CCU-230112,3,1,點擊load last setting,先前儲存的ssid資訊,index_aligned,manual_only,KW-ALIAS-CLICK,manual,from step splitting parser v1; prefill_v1:ui_action_click,manual_only,tap,save_button,pending,pending,pending,pending
CCU-230112-4,CCU-230112-4-S1,CCU-230112,4,1,點擊setting SSID/PASSWORD,完成輸入SSID,index_aligned,manual_only,KW-ALIAS-CLICK,manual,from step splitting parser v1; prefill_v1:ui_action_click,manual_only,tap,password_field,pending,pending,pending,pending
CCU-230112-5,CCU-230112-5-S1,CCU-230112,5,1,檢查wifi圖示,wifi圖示連線顯示正常,index_aligned,manual_only,KW-ALIAS-CHECK,manual,from step splitting parser v1; prefill_v1:ui_or_device_check,manual_only,assert_visible,wifi_status_label,pending,pending,pending,pending
CCU-230113-1,CCU-230113-1-S1,CCU-230113,1,1,檢查頁面顯示,頁面顯示正常,index_aligned,manual_only,KW-ALIAS-CHECK,manual,from step splitting parser v1; prefill_v1:ui_or_device_check,manual_only,assert_visible,todo_alias,pending,pending,pending,pending
CCU-230114-1,CCU-230114-1-S1,CCU-230114,1,1,檢查software version,數值顯示正常,index_aligned,manual_only,KW-ALIAS-CHECK,manual,from step splitting parser v1; prefill_v1:ui_or_device_check,manual_only,assert_visible,todo_alias,pending,pending,pending,pending
CCU-230114-2,CCU-230114-2-S1,CCU-230114,2,1,檢查firmware version,數值顯示正常,index_aligned,manual_only,KW-ALIAS-CHECK,manual,from step splitting parser v1; prefill_v1:ui_or_device_check,manual_only,assert_visible,todo_alias,pending,pending,pending,pending
CCU-230114-3,CCU-230114-3-S1,CCU-230114,3,1,檢查IoT version,數值顯示正常,index_aligned,manual_only,KW-ALIAS-CHECK,manual,from step splitting parser v1; prefill_v1:ui_or_device_check,manual_only,assert_visible,todo_alias,pending,pending,pending,pending
CCU-230114-4,CCU-230114-4-S1,CCU-230114,4,1,檢查Panel SN,數值顯示正常,index_aligned,manual_only,KW-ALIAS-CHECK,manual,from step splitting parser v1; prefill_v1:ui_or_device_check,manual_only,assert_visible,todo_alias,pending,pending,pending,pending
CCU-230115-1,CCU-230115-1-S1,CCU-230115,1,1,檢查RV voice control instructions,顯示正常,index_aligned,manual_only,KW-ALIAS-CHECK,manual,from step splitting parser v1; prefill_v1:ui_or_device_check,manual_only,assert_visible,todo_alias,pending,pending,pending,pending
CCU-230115-2,CCU-230115-2-S1,CCU-230115,2,1,RV voice command list,顯示正常,index_aligned,unmapped,KW-ALIAS-DEVICE-STATE,manual,from step splitting parser v1; prefill_v2:device_state,manual_only,tap,todo_alias,pending,pending,pending,pending
CCU-230115-3,CCU-230115-3-S1,CCU-230115,3,1,Lights,顯示正常,index_aligned,unmapped,KW-ALIAS-DEVICE-STATE,manual,from step splitting parser v1; prefill_v2:device_state,manual_only,tap,todo_alias,pending,pending,pending,pending
CCU-230115-4,CCU-230115-4-S1,CCU-230115,4,1,Devices,顯示正常,index_aligned,unmapped,,,from step splitting parser v1,unmapped,tap,todo_alias,pending,pending,pending,pending
CCU-230115-5,CCU-230115-5-S1,CCU-230115,5,1,Modes,顯示正常,index_aligned,unmapped,,,from step splitting parser v1,unmapped,tap,todo_alias,pending,pending,pending,pending
CCU-230115-6,CCU-230115-6-S1,CCU-230115,6,1,RV status,顯示正常,index_aligned,unmapped,,,from step splitting parser v1,unmapped,tap,todo_alias,pending,pending,pending,pending
CCU-230115-7,CCU-230115-7-S1,CCU-230115,7,1,youtube link,顯示正常,index_aligned,unmapped,,,from step splitting parser v1,unmapped,tap,todo_alias,pending,pending,pending,pending
CCU-230115-8,CCU-230115-8-S1,CCU-230115,8,1,customer service number,顯示正常,index_aligned,unmapped,,,from step splitting parser v1,unmapped,tap,todo_alias,pending,pending,pending,pending
CCU-230115-9,CCU-230115-9-S1,CCU-230115,9,1,WFCO web site,顯示正常,index_aligned,unmapped,,,from step splitting parser v1,unmapped,tap,todo_alias,pending,pending,pending,pending
CCU-230116-1,CCU-230116-1-S1,CCU-230116,1,1,頁面顯示,顯示正常,index_aligned,unmapped,,,from step splitting parser v1,unmapped,tap,todo_alias,pending,pending,pending,pending
CCU-230116-2,CCU-230116-2-S1,CCU-230116,2,1,點擊edit 更改生日,修改顯示正常,index_aligned,manual_only,KW-ALIAS-CLICK,manual,from step splitting parser v1; prefill_v1:ui_action_click,manual_only,tap,todo_alias,pending,pending,pending,pending
CCU-230116-3,CCU-230116-3-S1,CCU-230116,3,1,修改email,email 修改正常,index_aligned,unmapped,KW-ALIAS-LOGIN-FLOW,manual,from step splitting parser v1; prefill_v2:login_flow,manual_only,tap,email_field,pending,pending,pending,pending
CCU-230116-4,CCU-230116-4-S1,CCU-230116,4,1,修改時鍵盤應自動出現,鍵盤顯示正常,index_aligned,unmapped,,,from step splitting parser v1,unmapped,tap,todo_alias,pending,pending,pending,pending
CCU-230116-5,CCU-230116-5-S1,CCU-230116,5,1,company invite code,顯示正常,index_aligned,unmapped,,,from step splitting parser v1,unmapped,tap,otp_field,pending,pending,pending,pending
CCU-230119-1,CCU-230119-1-S1,CCU-230119,1,1,關閉app語音命令,語音命令關閉正常,index_aligned,unmapped,KW-ALIAS-CLOSE,manual,from step splitting parser v1; prefill_v1:close_or_disable,manual_only,tap,todo_alias,pending,pending,pending,pending
CCU-230119-2,CCU-230119-2-S1,CCU-230119,2,1,"測試app語音命令""turn off all lights""",沒有任何動作,index_aligned,unmapped,KW-ALIAS-DEVICE-STATE,manual,from step splitting parser v1; prefill_v2:device_state,manual_only,tap,todo_alias,pending,pending,pending,pending
CCU-230119-3,CCU-230119-3-S1,CCU-230119,3,1,開啟app語音命令,語音命令開啟正常,index_aligned,unmapped,KW-ALIAS-OPEN,manual,from step splitting parser v1; prefill_v1:open_or_enable,manual_only,tap,todo_alias,pending,pending,pending,pending
CCU-230119-4,CCU-230119-4-S1,CCU-230119,4,1,"測試app語音命令""trun on all lights""",所有燈開啟,index_aligned,unmapped,KW-ALIAS-DEVICE-STATE,manual,from step splitting parser v1; prefill_v2:device_state,manual_only,tap,todo_alias,pending,pending,pending,pending
CCU-230120-1,CCU-230120-1-S1,CCU-230120,1,1,預設為off,預設值顯示正常,index_aligned,unmapped,,,from step splitting parser v1,unmapped,tap,todo_alias,pending,pending,pending,pending
CCU-230120-2,CCU-230120-2-S1,CCU-230120,2,1,設定為on,設定PIN頁面顯示正常,index_aligned,manual_only,KW-ALIAS-SET,manual,from step splitting parser v1; prefill_v1:set_or_select,manual_only,tap,settings_button,pending,pending,pending,pending
CCU-230120-3,CCU-230120-3-S1,CCU-230120,3,1,設定pin 第一次 0000 第二次1234,錯誤訊息顯示正常,index_aligned,manual_only,KW-ALIAS-SET,manual,from step splitting parser v1; prefill_v1:set_or_select,manual_only,tap,error_message,pending,pending,pending,pending
CCU-230120-4,CCU-230120-4-S1,CCU-230120,4,1,"設定PIN第一次0000,第二次0000",提示設定完成顯示正常,index_aligned,manual_only,KW-ALIAS-SET,manual,from step splitting parser v1; prefill_v1:set_or_select,manual_only,tap,success_message,pending,pending,pending,pending
CCU-230120-5,CCU-230120-5-S1,CCU-230120,5,1,頁面顯示RV PIN,設定值為on,index_aligned,unmapped,,,from step splitting parser v1,unmapped,tap,settings_button,pending,pending,pending,pending
CCU-230120-6,CCU-230120-6-S1,CCU-230120,6,1,檢查更改設定pin選項,更改設定pin選項顯示正常,index_aligned,manual_only,KW-ALIAS-CHECK,manual,from step splitting parser v1; prefill_v1:ui_or_device_check,manual_only,assert_visible,settings_button,pending,pending,pending,pending
CCU-230121-1,CCU-230121-1-S1,CCU-230121,1,1,預設值 Device Log Sharing 為 ON,預設值為 ON 顯示正常,index_aligned,unmapped,,,from step splitting parser v1,unmapped,tap,todo_alias,pending,pending,pending,pending
CCU-230121-2,CCU-230121-2-S1,CCU-230121,2,1,讀取面板 Log,正常有收到 Log,index_aligned,unmapped,,,from step splitting parser v1,unmapped,tap,todo_alias,pending,pending,pending,pending
CCU-230121-3,CCU-230121-3-S1,CCU-230121,3,1,調整 Device Log Sharing 為 OFF,頁面顯示為 OFF,index_aligned,unmapped,,,from step splitting parser v1,unmapped,tap,todo_alias,pending,pending,pending,pending
CCU-230121-4,CCU-230121-4-S1,CCU-230121,4,1,讀取面板 Log,不會再收到 Log,index_aligned,unmapped,,,from step splitting parser v1,unmapped,tap,todo_alias,pending,pending,pending,pending
CCU-230124-1,CCU-230124-1-S1,CCU-230124,1,1,檢查版本號是不是等於測試版號,版號顯示正常,index_aligned,manual_only,KW-ALIAS-CHECK,manual,from step splitting parser v1; prefill_v1:ui_or_device_check,manual_only,assert_visible,todo_alias,pending,pending,pending,pending
CCU-230150-1,CCU-230150-1-S1,CCU-230150,1,1,檢查顯示文字,文字顯示正常,index_aligned,manual_only,KW-ALIAS-CHECK,manual,from step splitting parser v1; prefill_v1:ui_or_device_check,manual_only,assert_visible,todo_alias,pending,pending,pending,pending
CCU-230150-2,CCU-230150-2-S1,CCU-230150,2,1,點擊Disconnect,斷線功能正常,index_aligned,manual_only,KW-ALIAS-CLICK,manual,from step splitting parser v1; prefill_v1:ui_action_click,manual_only,tap,todo_alias,pending,pending,pending,pending
CCU-230151-1,CCU-230151-1-S1,CCU-230151,1,1,檢查顯示文字,文字顯示正常,index_aligned,manual_only,KW-ALIAS-CHECK,manual,from step splitting parser v1; prefill_v1:ui_or_device_check,manual_only,assert_visible,todo_alias,pending,pending,pending,pending
CCU-230151-2,CCU-230151-2-S1,CCU-230151,2,1,點擊Disconnect,斷線功能正常,index_aligned,manual_only,KW-ALIAS-CLICK,manual,from step splitting parser v1; prefill_v1:ui_action_click,manual_only,tap,todo_alias,pending,pending,pending,pending
CCU-230152-1,CCU-230152-1-S1,CCU-230152,1,1,點擊Reading Mode,所有的開啟正常 檢查完畢後 點擊關閉Master Control,index_aligned,manual_only,KW-ALIAS-CLICK,manual,from step splitting parser v1; prefill_v1:ui_action_click,manual_only,tap,todo_alias,pending,pending,pending,pending
CCU-230152-2,CCU-230152-2-S1,CCU-230152,2,1,點擊Movie Mode,燈泡開啟正常 檢查完畢後 點擊關閉Master Control,index_aligned,manual_only,KW-ALIAS-CLICK,manual,from step splitting parser v1; prefill_v1:ui_action_click,manual_only,tap,todo_alias,pending,pending,pending,pending
CCU-230152-3,CCU-230152-3-S1,CCU-230152,3,1,點擊Relaxation Mode,燈泡開啟正常 檢查完畢後 點擊關閉Master Control,index_aligned,manual_only,KW-ALIAS-CLICK,manual,from step splitting parser v1; prefill_v1:ui_action_click,manual_only,tap,todo_alias,pending,pending,pending,pending
CCU-230152-4,CCU-230152-4-S1,CCU-230152,4,1,點擊Manage Modes,Manage Mode頁面顯示正常,index_aligned,manual_only,KW-ALIAS-CLICK,manual,from step splitting parser v1; prefill_v1:ui_action_click,manual_only,tap,todo_alias,pending,pending,pending,pending
CCU-230152-5,CCU-230152-5-S1,CCU-230152,5,1,點擊Custom Mode 1,設定燈跟裝置設定為on,index_aligned,manual_only,KW-ALIAS-CLICK,manual,from step splitting parser v1; prefill_v1:ui_action_click,manual_only,tap,settings_button,pending,pending,pending,pending
CCU-230152-5,CCU-230152-5-S2,CCU-230152,5,2,點擊Custom Mode 1,save,index_aligned,manual_only,KW-ALIAS-CLICK,manual,from step splitting parser v1; prefill_v1:ui_action_click,manual_only,tap,save_button,pending,pending,pending,pending
CCU-230152-6,CCU-230152-6-S1,CCU-230152,6,1,點擊Custom Mode2,設定燈與裝置設定為on,index_aligned,manual_only,KW-ALIAS-CLICK,manual,from step splitting parser v1; prefill_v1:ui_action_click,manual_only,tap,settings_button,pending,pending,pending,pending
CCU-230152-6,CCU-230152-6-S2,CCU-230152,6,2,點擊Custom Mode2,cancel,index_aligned,manual_only,KW-ALIAS-CLICK,manual,from step splitting parser v1; prefill_v1:ui_action_click,manual_only,tap,cancel_button,pending,pending,pending,pending
CCU-230152-7,CCU-230152-7-S1,CCU-230152,7,1,確認彈出視窗,彈出視窗顯示正常,index_aligned,unmapped,KW-ALIAS-CHECK,manual,from step splitting parser v1; prefill_v1:ui_or_device_check,manual_only,assert_visible,confirm_button,pending,pending,pending,pending
CCU-230152-8,CCU-230152-8-S1,CCU-230152,8,1,點擊Discard,custom mode2 顯示為空的,index_aligned,manual_only,KW-ALIAS-CLICK,manual,from step splitting parser v1; prefill_v1:ui_action_click,manual_only,tap,todo_alias,pending,pending,pending,pending
CCU-230152-9,CCU-230152-9-S1,CCU-230152,9,1,點擊Custom Mode1,設定與步驟五相同,index_aligned,manual_only,KW-ALIAS-CLICK,manual,from step splitting parser v1; prefill_v1:ui_action_click,manual_only,tap,settings_button,pending,pending,pending,pending
CCU-230153-1,CCU-230153-1-S1,CCU-230153,1,1,檢查顯示文字,文字顯示正常,index_aligned,manual_only,KW-ALIAS-CHECK,manual,from step splitting parser v1; prefill_v1:ui_or_device_check,manual_only,assert_visible,todo_alias,pending,pending,pending,pending
CCU-230153-2,CCU-230153-2-S1,CCU-230153,2,1,點擊Disconnect,斷線功能正常,index_aligned,manual_only,KW-ALIAS-CLICK,manual,from step splitting parser v1; prefill_v1:ui_action_click,manual_only,tap,todo_alias,pending,pending,pending,pending
CCU-230501-1,CCU-230501-1-S1,CCU-230501,1,1,面板藍牙按鈕（藍燈）已連接,自動連結面板藍牙,expected_attached_to_first,unmapped,KW-ALIAS-BLUETOOTH,manual,from step splitting parser v1; prefill_v1:bluetooth_action,manual_only,tap,bluetooth_status_label,pending,pending,pending,pending
CCU-230501-1,CCU-230501-1-S2,CCU-230501,1,2,遠離面板，手機APP 已斷線，面板藍牙按鈕（白燈）已斷線,,expected_attached_to_first,unmapped,KW-ALIAS-BLUETOOTH,manual,from step splitting parser v1; prefill_v1:bluetooth_action,manual_only,tap,bluetooth_status_label,pending,pending,pending,pending
CCU-230501-1,CCU-230501-1-S3,CCU-230501,1,3,接近面板，手機APP 已連線，面板藍牙按鈕（藍燈）已連接,,expected_attached_to_first,unmapped,KW-ALIAS-BLUETOOTH,manual,from step splitting parser v1; prefill_v1:bluetooth_action,manual_only,tap,bluetooth_status_label,pending,pending,pending,pending
CCU-230486-1,CCU-230486-1-S1,CCU-230486,1,1,手機操作（已連上藍牙）,Edit Module Configuration 有出現此選項,expected_attached_to_first,unmapped,KW-ALIAS-BLUETOOTH,manual,from step splitting parser v1; prefill_v1:bluetooth_action,manual_only,tap,bluetooth_status_label,pending,pending,pending,pending
CCU-230486-1,CCU-230486-1-S2,CCU-230486,1,2,在Account類別,,expected_attached_to_first,unmapped,,,from step splitting parser v1,unmapped,tap,todo_alias,pending,pending,pending,pending
CCU-230626-1,CCU-230626-1-S1,CCU-230626,1,1,手機操作（已連上藍牙）,Edit Module Configuration 沒有出現此選項,expected_attached_to_first,unmapped,KW-ALIAS-BLUETOOTH,manual,from step splitting parser v1; prefill_v1:bluetooth_action,manual_only,tap,bluetooth_status_label,pending,pending,pending,pending
CCU-230626-1,CCU-230626-1-S2,CCU-230626,1,2,在Account類別,,expected_attached_to_first,unmapped,,,from step splitting parser v1,unmapped,tap,todo_alias,pending,pending,pending,pending
CCU-231149-1,CCU-231149-1-S1,CCU-231149,1,1,在 Settings 頁面,WiFi 正常可以設定,partial_expected_alignment,unmapped,,,from step splitting parser v1,unmapped,tap,wifi_status_label,pending,pending,pending,pending
CCU-231149-1,CCU-231149-1-S2,CCU-231149,1,2,RV 分類點擊 Wi-Fi Control,可用,partial_expected_alignment,unmapped,KW-ALIAS-WIFI,manual,from step splitting parser v1; prefill_v1:wifi_action,manual_only,tap,wifi_status_label,pending,pending,pending,pending
CCU-231149-1,CCU-231149-1-S3,CCU-231149,1,3,設定錯誤的密碼,,partial_expected_alignment,unmapped,KW-ALIAS-SET,manual,from step splitting parser v1; prefill_v1:set_or_select,manual_only,tap,password_field,pending,pending,pending,pending
CCU-231149-1,CCU-231149-1-S4,CCU-231149,1,4,點擊 Set/Connect,,partial_expected_alignment,unmapped,KW-ALIAS-CLICK,manual,from step splitting parser v1; prefill_v1:ui_action_click,manual_only,tap,todo_alias,pending,pending,pending,pending
CCU-231149-1,CCU-231149-1-S5,CCU-231149,1,5,點擊 Clear/Disconnect,,partial_expected_alignment,unmapped,KW-ALIAS-CLICK,manual,from step splitting parser v1; prefill_v1:ui_action_click,manual_only,tap,todo_alias,pending,pending,pending,pending
CCU-231149-1,CCU-231149-1-S6,CCU-231149,1,6,設定正確的密碼,,partial_expected_alignment,unmapped,KW-ALIAS-SET,manual,from step splitting parser v1; prefill_v1:set_or_select,manual_only,tap,password_field,pending,pending,pending,pending
CCU-231151-1,CCU-231151-1-S1,CCU-231151,1,1,手機 ( 藍牙已連接，WiFi已設定 ),無法連線，或沒有剛剛改好的 ID,expected_attached_to_first,unmapped,KW-ALIAS-BLUETOOTH,manual,from step splitting parser v1; prefill_v1:bluetooth_action,manual_only,tap,wifi_status_label,pending,pending,pending,pending
CCU-231151-1,CCU-231151-1-S2,CCU-231151,1,2,在 RV 頁面更換左上角名稱,,expected_attached_to_first,unmapped,,,from step splitting parser v1,unmapped,tap,todo_alias,pending,pending,pending,pending
CCU-231151-1,CCU-231151-1-S3,CCU-231151,1,3,在 Setting 頁面,,expected_attached_to_first,unmapped,,,from step splitting parser v1,unmapped,tap,todo_alias,pending,pending,pending,pending
CCU-231151-1,CCU-231151-1-S4,CCU-231151,1,4,點擊 Forget RV Panel,,expected_attached_to_first,unmapped,KW-ALIAS-CLICK,manual,from step splitting parser v1; prefill_v1:ui_action_click,manual_only,tap,todo_alias,pending,pending,pending,pending
CCU-231151-1,CCU-231151-1-S5,CCU-231151,1,5,點擊 Confirm,,expected_attached_to_first,unmapped,KW-ALIAS-CLICK,manual,from step splitting parser v1; prefill_v1:ui_action_click,manual_only,tap,confirm_button,pending,pending,pending,pending
CCU-231151-1,CCU-231151-1-S6,CCU-231151,1,6,點擊 Remote,,expected_attached_to_first,unmapped,KW-ALIAS-CLICK,manual,from step splitting parser v1; prefill_v1:ui_action_click,manual_only,tap,todo_alias,pending,pending,pending,pending
CCU-231151-1,CCU-231151-1-S7,CCU-231151,1,7,點擊剛剛更改好的 ID,,expected_attached_to_first,unmapped,KW-ALIAS-CLICK,manual,from step splitting parser v1; prefill_v1:ui_action_click,manual_only,tap,todo_alias,pending,pending,pending,pending
CCU-231897-1,CCU-231897-1-S1,CCU-231897,1,1,在 RV 頁面點擊 Zone1,出現 Zone1 調整頁面,index_aligned,unmapped,,,from step splitting parser v1,unmapped,tap,todo_alias,pending,pending,pending,pending
CCU-231914-1,CCU-231914-1-S1,CCU-231914,1,1,在 RV 頁面點擊 Zone1,出現 Zone1 調整頁面,index_aligned,unmapped,,,from step splitting parser v1,unmapped,tap,todo_alias,pending,pending,pending,pending
CCU-230201-1,CCU-230201-1-S1,CCU-230201,1,1,enter setting,setting page display normally,index_aligned,unmapped,,,from step splitting parser v1,unmapped,input,todo_alias,pending,pending,pending,pending
CCU-230201-2,CCU-230201-2-S1,CCU-230201,2,1,setting scan,scan normally,index_aligned,unmapped,,,from step splitting parser v1,unmapped,tap,scan_button,pending,pending,pending,pending
CCU-230202-1,CCU-230202-1-S1,CCU-230202,1,1,iot面板 設定 app 連線,wifi連線正常iot 面板 wifi 燈號 閃爍,index_aligned,unmapped,,,from step splitting parser v1,unmapped,tap,wifi_status_label,pending,pending,pending,pending
CCU-230202-2,CCU-230202-2-S1,CCU-230202,2,1,設定 iot 面板 wifi 設定,wifi連線正常iot 面板 wifi 燈號 閃爍,index_aligned,manual_only,KW-ALIAS-SET,manual,from step splitting parser v1; prefill_v1:set_or_select,manual_only,tap,wifi_status_label,pending,pending,pending,pending
CCU-230202-3,CCU-230202-3-S1,CCU-230202,3,1,app 中斷連線,wifi連線正常iot 面板 wifi 燈號 閃爍,index_aligned,unmapped,,,from step splitting parser v1,unmapped,tap,wifi_status_label,pending,pending,pending,pending
CCU-230202-4,CCU-230202-4-S1,CCU-230202,4,1,app 使用wifi 連線,wifi連線正常iot 面板 wifi 燈號 閃爍,index_aligned,unmapped,KW-ALIAS-WIFI,manual,from step splitting parser v1; prefill_v1:wifi_action,manual_only,tap,wifi_status_label,pending,pending,pending,pending
CCU-230203-1,CCU-230203-1-S1,CCU-230203,1,1,開啟關閉 light 1 ~ 4,light 1 ~ 4 開啟,index_aligned,unmapped,KW-ALIAS-OPEN,manual,from step splitting parser v1; prefill_v1:open_or_enable,manual_only,tap,todo_alias,pending,pending,pending,pending
CCU-230203-1,CCU-230203-1-S2,CCU-230203,1,2,開啟關閉 light 1 ~ 4,關閉開啟,index_aligned,unmapped,KW-ALIAS-OPEN,manual,from step splitting parser v1; prefill_v1:open_or_enable,manual_only,tap,todo_alias,pending,pending,pending,pending
CCU-230203-1,CCU-230203-1-S3,CCU-230203,1,3,開啟關閉 light 1 ~ 4,關閉 tanker heater,index_aligned,unmapped,KW-ALIAS-OPEN,manual,from step splitting parser v1; prefill_v1:open_or_enable,manual_only,tap,todo_alias,pending,pending,pending,pending
CCU-230203-2,CCU-230203-2-S1,CCU-230203,2,1,開啟關閉 tanker heater,light 1 ~ 4 開啟,index_aligned,unmapped,KW-ALIAS-OPEN,manual,from step splitting parser v1; prefill_v1:open_or_enable,manual_only,tap,todo_alias,pending,pending,pending,pending
CCU-230203-2,CCU-230203-2-S2,CCU-230203,2,2,開啟關閉 tanker heater,關閉開啟,index_aligned,unmapped,KW-ALIAS-OPEN,manual,from step splitting parser v1; prefill_v1:open_or_enable,manual_only,tap,todo_alias,pending,pending,pending,pending
CCU-230203-2,CCU-230203-2-S3,CCU-230203,2,3,開啟關閉 tanker heater,關閉 tanker heater,index_aligned,unmapped,KW-ALIAS-OPEN,manual,from step splitting parser v1; prefill_v1:open_or_enable,manual_only,tap,todo_alias,pending,pending,pending,pending
CCU-230205-1,CCU-230205-1-S1,CCU-230205,1,1,enter Setting page,enter setting page normally,index_aligned,unmapped,,,from step splitting parser v1,unmapped,input,todo_alias,pending,pending,pending,pending
CCU-230205-2,CCU-230205-2-S1,CCU-230205,2,1,Settings page display,settings page display normally,index_aligned,unmapped,,,from step splitting parser v1,unmapped,tap,settings_button,pending,pending,pending,pending
CCU-230205-3,CCU-230205-3-S1,CCU-230205,3,1,modify text not follow rules,save button unclickable,index_aligned,unmapped,KW-ALIAS-CODE-LIKE-STEP,manual,from step splitting parser v1; prefill_v2:code_like_step,manual_only,tap,otp_field,pending,pending,pending,pending
CCU-230205-4,CCU-230205-4-S1,CCU-230205,4,1,modify text not follow rules,error message display normally,index_aligned,unmapped,KW-ALIAS-CODE-LIKE-STEP,manual,from step splitting parser v1; prefill_v2:code_like_step,manual_only,tap,otp_field,pending,pending,pending,pending
CCU-230205-5,CCU-230205-5-S1,CCU-230205,5,1,modify device name,device name not change,expected_attached_to_first,unmapped,KW-ALIAS-CODE-LIKE-STEP,manual,from step splitting parser v1; prefill_v2:code_like_step,manual_only,tap,otp_field,pending,pending,pending,pending
CCU-230205-5,CCU-230205-5-S2,CCU-230205,5,2,click cancel,,expected_attached_to_first,unmapped,,,from step splitting parser v1,unmapped,tap,cancel_button,pending,pending,pending,pending
CCU-230205-6,CCU-230205-6-S1,CCU-230205,6,1,modify device name,device name modify normally,index_aligned,unmapped,KW-ALIAS-CODE-LIKE-STEP,manual,from step splitting parser v1; prefill_v2:code_like_step,manual_only,tap,otp_field,pending,pending,pending,pending
CCU-230205-6,CCU-230205-6-S2,CCU-230205,6,2,click save,bluetooth scan can found,index_aligned,unmapped,,,from step splitting parser v1,unmapped,tap,save_button,pending,pending,pending,pending
CCU-230205-6,CCU-230205-6-S3,CCU-230205,6,3,click save,wifi scan can found,index_aligned,unmapped,,,from step splitting parser v1,unmapped,tap,save_button,pending,pending,pending,pending
CCU-230206-1,CCU-230206-1-S1,CCU-230206,1,1,enter setting,設定頁面顯示正常,index_aligned,unmapped,,,from step splitting parser v1,unmapped,input,settings_button,pending,pending,pending,pending
CCU-230206-2,CCU-230206-2-S1,CCU-230206,2,1,關閉語音控制,關閉語音控制正常,index_aligned,unmapped,KW-ALIAS-CLOSE,manual,from step splitting parser v1; prefill_v1:close_or_disable,manual_only,tap,todo_alias,pending,pending,pending,pending
CCU-230206-3,CCU-230206-3-S1,CCU-230206,3,1,開啟語音控制,開啟語音控制正常,index_aligned,unmapped,KW-ALIAS-OPEN,manual,from step splitting parser v1; prefill_v1:open_or_enable,manual_only,tap,todo_alias,pending,pending,pending,pending
CCU-230206-4,CCU-230206-4-S1,CCU-230206,4,1,,,no_expected,unmapped,,,from step splitting parser v1,unmapped,tap,todo_alias,pending,pending,pending,pending
CCU-230207-1,CCU-230207-1-S1,CCU-230207,1,1,設定關閉,"發聲 ""Hey Power pro"" 不應該收到回應",index_aligned,manual_only,KW-ALIAS-SET,manual,from step splitting parser v1; prefill_v1:set_or_select,manual_only,tap,settings_button,pending,pending,pending,pending
CCU-230207-2,CCU-230207-2-S1,CCU-230207,2,1,設定開啟,"發聲""Hey Power pro"" 應該收到 登登 回應",index_aligned,manual_only,KW-ALIAS-SET,manual,from step splitting parser v1; prefill_v1:set_or_select,manual_only,tap,settings_button,pending,pending,pending,pending
CCU-230207-4,CCU-230207-4-S1,CCU-230207,4,1,設定為 sound,"發聲 ""hey power pro"" 應該收到 登登",index_aligned,manual_only,KW-ALIAS-SET,manual,from step splitting parser v1; prefill_v1:set_or_select,manual_only,tap,settings_button,pending,pending,pending,pending
CCU-230207-5,CCU-230207-5-S1,CCU-230207,5,1,設定為greeting,"應該隨機回應 ""how may I help you"" , ""what can I do for you""",index_aligned,manual_only,KW-ALIAS-SET,manual,from step splitting parser v1; prefill_v1:set_or_select,manual_only,tap,settings_button,pending,pending,pending,pending
CCU-230208-1,CCU-230208-1-S1,CCU-230208,1,1,設定關閉,通知關閉正確,index_aligned,manual_only,KW-ALIAS-SET,manual,from step splitting parser v1; prefill_v1:set_or_select,manual_only,tap,settings_button,pending,pending,pending,pending
CCU-230208-2,CCU-230208-2-S1,CCU-230208,2,1,執行 DSI Fault,手機沒有通知 DSI Fault,index_aligned,unmapped,,,from step splitting parser v1,unmapped,tap,notification_permission_dialog,pending,pending,pending,pending
CCU-230208-3,CCU-230208-3-S1,CCU-230208,3,1,設定開啟RV notification,通知開啟正確,index_aligned,manual_only,KW-ALIAS-SET,manual,from step splitting parser v1; prefill_v1:set_or_select,manual_only,tap,settings_button,pending,pending,pending,pending
CCU-230208-4,CCU-230208-4-S1,CCU-230208,4,1,修改battery level,手機通知收到battery level,index_aligned,unmapped,,,from step splitting parser v1,unmapped,tap,notification_permission_dialog,pending,pending,pending,pending
CCU-230208-5,CCU-230208-5-S1,CCU-230208,5,1,修改tank level,手機通知收到tank level,index_aligned,unmapped,,,from step splitting parser v1,unmapped,tap,notification_permission_dialog,pending,pending,pending,pending
CCU-230208-6,CCU-230208-6-S1,CCU-230208,6,1,修改通知週期到period,手機通知應改為週期顯示,index_aligned,unmapped,,,from step splitting parser v1,unmapped,tap,notification_permission_dialog,pending,pending,pending,pending
CCU-230208-7,CCU-230208-7-S1,CCU-230208,7,1,修改通知週期到 always,手機通知應改為 總是顯示,index_aligned,unmapped,,,from step splitting parser v1,unmapped,tap,notification_permission_dialog,pending,pending,pending,pending
CCU-230209-1,CCU-230209-1-S1,CCU-230209,1,1,麥克風LED 開啟,開啟正常 面板麥克風 LED 綠燈,index_aligned,unmapped,,,from step splitting parser v1,unmapped,tap,todo_alias,pending,pending,pending,pending
CCU-230209-2,CCU-230209-2-S1,CCU-230209,2,1,麥克風LED 關閉,面板麥克風LED 不是綠燈,index_aligned,unmapped,,,from step splitting parser v1,unmapped,tap,todo_alias,pending,pending,pending,pending
CCU-230210-1,CCU-230210-1-S1,CCU-230210,1,1,檢查預設panel auto-lock為 一 分鐘,檢查panel auto-lock為 一 分鐘,index_aligned,manual_only,KW-ALIAS-CHECK,manual,from step splitting parser v1; prefill_v1:ui_or_device_check,manual_only,assert_visible,todo_alias,pending,pending,pending,pending
CCU-230210-2,CCU-230210-2-S1,CCU-230210,2,1,調整panel auto-lock 為三分種,檢查panel auto-lock為 三 分鐘,index_aligned,unmapped,,,from step splitting parser v1,unmapped,assert_visible,todo_alias,pending,pending,pending,pending
CCU-230210-3,CCU-230210-3-S1,CCU-230210,3,1,調整panel auto-lock 為五分鐘,檢查panel auto-lock為 五 分鐘,index_aligned,unmapped,,,from step splitting parser v1,unmapped,assert_visible,todo_alias,pending,pending,pending,pending
CCU-230211-1,CCU-230211-1-S1,CCU-230211,1,1,Nickname不符合規則,提示顯示正常,index_aligned,unmapped,,,from step splitting parser v1,unmapped,tap,todo_alias,pending,pending,pending,pending
CCU-230211-2,CCU-230211-2-S1,CCU-230211,2,1,Nickname符合規則,Save按鈕顯示正常,index_aligned,unmapped,,,from step splitting parser v1,unmapped,tap,save_button,pending,pending,pending,pending
CCU-230211-3,CCU-230211-3-S1,CCU-230211,3,1,點擊Cancel,不儲存回到setting頁面,index_aligned,manual_only,KW-ALIAS-CLICK,manual,from step splitting parser v1; prefill_v1:ui_action_click,manual_only,tap,cancel_button,pending,pending,pending,pending
CCU-230211-4,CCU-230211-4-S1,CCU-230211,4,1,重新進入nickname頁面輸入符合規則,儲存正確回到setting頁面,expected_attached_to_first,unmapped,KW-ALIAS-NAVIGATION,manual,from step splitting parser v1; prefill_v2:navigation_flow,manual_only,input,save_button,pending,pending,pending,pending
CCU-230211-4,CCU-230211-4-S2,CCU-230211,4,2,點擊save,,expected_attached_to_first,unmapped,KW-ALIAS-CLICK,manual,from step splitting parser v1; prefill_v1:ui_action_click,manual_only,tap,save_button,pending,pending,pending,pending
CCU-230211-5,CCU-230211-5-S1,CCU-230211,5,1,"對panel輸入語音命令""hey power pro"" ""i'm home""",回答包含您的nickname,index_aligned,unmapped,KW-ALIAS-DEVICE-STATE,manual,from step splitting parser v1; prefill_v2:device_state,manual_only,input,home_title,pending,pending,pending,pending
CCU-230212-1,CCU-230212-1-S1,CCU-230212,1,1,檢查wifi圖示,wifi圖示顯示正常,index_aligned,manual_only,KW-ALIAS-CHECK,manual,from step splitting parser v1; prefill_v1:ui_or_device_check,manual_only,assert_visible,wifi_status_label,pending,pending,pending,pending
CCU-230212-2,CCU-230212-2-S1,CCU-230212,2,1,點擊clear/disconnect,進入ssid輸入頁面,index_aligned,manual_only,KW-ALIAS-CLICK,manual,from step splitting parser v1; prefill_v1:ui_action_click,manual_only,tap,todo_alias,pending,pending,pending,pending
CCU-230212-3,CCU-230212-3-S1,CCU-230212,3,1,點擊load last setting,先前儲存的ssid資訊,index_aligned,manual_only,KW-ALIAS-CLICK,manual,from step splitting parser v1; prefill_v1:ui_action_click,manual_only,tap,save_button,pending,pending,pending,pending
CCU-230212-4,CCU-230212-4-S1,CCU-230212,4,1,點擊setting SSID/PASSWORD,完成輸入SSID,index_aligned,manual_only,KW-ALIAS-CLICK,manual,from step splitting parser v1; prefill_v1:ui_action_click,manual_only,tap,password_field,pending,pending,pending,pending
CCU-230212-5,CCU-230212-5-S1,CCU-230212,5,1,檢查wifi圖示,wifi圖示連線顯示正常,index_aligned,manual_only,KW-ALIAS-CHECK,manual,from step splitting parser v1; prefill_v1:ui_or_device_check,manual_only,assert_visible,wifi_status_label,pending,pending,pending,pending
CCU-230213-1,CCU-230213-1-S1,CCU-230213,1,1,檢查頁面顯示,頁面顯示正常,index_aligned,manual_only,KW-ALIAS-CHECK,manual,from step splitting parser v1; prefill_v1:ui_or_device_check,manual_only,assert_visible,todo_alias,pending,pending,pending,pending
CCU-230214-1,CCU-230214-1-S1,CCU-230214,1,1,檢查software version,數值顯示正常,index_aligned,manual_only,KW-ALIAS-CHECK,manual,from step splitting parser v1; prefill_v1:ui_or_device_check,manual_only,assert_visible,todo_alias,pending,pending,pending,pending
CCU-230214-2,CCU-230214-2-S1,CCU-230214,2,1,檢查firmware version,數值顯示正常,index_aligned,manual_only,KW-ALIAS-CHECK,manual,from step splitting parser v1; prefill_v1:ui_or_device_check,manual_only,assert_visible,todo_alias,pending,pending,pending,pending
CCU-230214-3,CCU-230214-3-S1,CCU-230214,3,1,檢查IoT version,數值顯示正常,index_aligned,manual_only,KW-ALIAS-CHECK,manual,from step splitting parser v1; prefill_v1:ui_or_device_check,manual_only,assert_visible,todo_alias,pending,pending,pending,pending
CCU-230214-4,CCU-230214-4-S1,CCU-230214,4,1,檢查Panel SN,數值顯示正常,index_aligned,manual_only,KW-ALIAS-CHECK,manual,from step splitting parser v1; prefill_v1:ui_or_device_check,manual_only,assert_visible,todo_alias,pending,pending,pending,pending
CCU-230215-1,CCU-230215-1-S1,CCU-230215,1,1,檢查RV voice control instructions,顯示正常,index_aligned,manual_only,KW-ALIAS-CHECK,manual,from step splitting parser v1; prefill_v1:ui_or_device_check,manual_only,assert_visible,todo_alias,pending,pending,pending,pending
CCU-230215-2,CCU-230215-2-S1,CCU-230215,2,1,RV voice command list,顯示正常,index_aligned,unmapped,KW-ALIAS-DEVICE-STATE,manual,from step splitting parser v1; prefill_v2:device_state,manual_only,tap,todo_alias,pending,pending,pending,pending
CCU-230215-3,CCU-230215-3-S1,CCU-230215,3,1,Lights,顯示正常,index_aligned,unmapped,KW-ALIAS-DEVICE-STATE,manual,from step splitting parser v1; prefill_v2:device_state,manual_only,tap,todo_alias,pending,pending,pending,pending
CCU-230215-4,CCU-230215-4-S1,CCU-230215,4,1,Devices,顯示正常,index_aligned,unmapped,,,from step splitting parser v1,unmapped,tap,todo_alias,pending,pending,pending,pending
CCU-230215-5,CCU-230215-5-S1,CCU-230215,5,1,Modes,顯示正常,index_aligned,unmapped,,,from step splitting parser v1,unmapped,tap,todo_alias,pending,pending,pending,pending
CCU-230215-6,CCU-230215-6-S1,CCU-230215,6,1,RV status,顯示正常,index_aligned,unmapped,,,from step splitting parser v1,unmapped,tap,todo_alias,pending,pending,pending,pending
CCU-230215-7,CCU-230215-7-S1,CCU-230215,7,1,youtube link,顯示正常,index_aligned,unmapped,,,from step splitting parser v1,unmapped,tap,todo_alias,pending,pending,pending,pending
CCU-230215-8,CCU-230215-8-S1,CCU-230215,8,1,customer service number,顯示正常,index_aligned,unmapped,,,from step splitting parser v1,unmapped,tap,todo_alias,pending,pending,pending,pending
CCU-230215-9,CCU-230215-9-S1,CCU-230215,9,1,WFCO web site,顯示正常,index_aligned,unmapped,,,from step splitting parser v1,unmapped,tap,todo_alias,pending,pending,pending,pending
CCU-230216-1,CCU-230216-1-S1,CCU-230216,1,1,頁面顯示,顯示正常,index_aligned,unmapped,,,from step splitting parser v1,unmapped,tap,todo_alias,pending,pending,pending,pending
CCU-230216-2,CCU-230216-2-S1,CCU-230216,2,1,點擊edit 更改生日,修改顯示正常,index_aligned,manual_only,KW-ALIAS-CLICK,manual,from step splitting parser v1; prefill_v1:ui_action_click,manual_only,tap,todo_alias,pending,pending,pending,pending
CCU-230216-3,CCU-230216-3-S1,CCU-230216,3,1,修改email,email 修改正常,index_aligned,unmapped,KW-ALIAS-LOGIN-FLOW,manual,from step splitting parser v1; prefill_v2:login_flow,manual_only,tap,email_field,pending,pending,pending,pending
CCU-230216-4,CCU-230216-4-S1,CCU-230216,4,1,修改時鍵盤應自動出現,鍵盤顯示正常,index_aligned,unmapped,,,from step splitting parser v1,unmapped,tap,todo_alias,pending,pending,pending,pending
CCU-230216-5,CCU-230216-5-S1,CCU-230216,5,1,company invite code,顯示正常,index_aligned,unmapped,,,from step splitting parser v1,unmapped,tap,otp_field,pending,pending,pending,pending
CCU-230219-1,CCU-230219-1-S1,CCU-230219,1,1,關閉app語音命令,語音命令關閉正常,index_aligned,unmapped,KW-ALIAS-CLOSE,manual,from step splitting parser v1; prefill_v1:close_or_disable,manual_only,tap,todo_alias,pending,pending,pending,pending
CCU-230219-2,CCU-230219-2-S1,CCU-230219,2,1,"測試app語音命令""turn off all lights""",沒有任何動作,index_aligned,unmapped,KW-ALIAS-DEVICE-STATE,manual,from step splitting parser v1; prefill_v2:device_state,manual_only,tap,todo_alias,pending,pending,pending,pending
CCU-230219-3,CCU-230219-3-S1,CCU-230219,3,1,開啟app語音命令,語音命令開啟正常,index_aligned,unmapped,KW-ALIAS-OPEN,manual,from step splitting parser v1; prefill_v1:open_or_enable,manual_only,tap,todo_alias,pending,pending,pending,pending
CCU-230219-4,CCU-230219-4-S1,CCU-230219,4,1,"測試app語音命令""trun on all lights""",所有燈開啟,index_aligned,unmapped,KW-ALIAS-DEVICE-STATE,manual,from step splitting parser v1; prefill_v2:device_state,manual_only,tap,todo_alias,pending,pending,pending,pending
CCU-230221-1,CCU-230221-1-S1,CCU-230221,1,1,預設值 Device Log Sharing 為 ON,預設值為 ON 顯示正常,index_aligned,unmapped,,,from step splitting parser v1,unmapped,tap,todo_alias,pending,pending,pending,pending
CCU-230221-2,CCU-230221-2-S1,CCU-230221,2,1,讀取面板 Log,正常有收到 Log,index_aligned,unmapped,,,from step splitting parser v1,unmapped,tap,todo_alias,pending,pending,pending,pending
CCU-230221-3,CCU-230221-3-S1,CCU-230221,3,1,調整 Device Log Sharing 為 OFF,"頁面顯示為 OFF ,檢查 Log 不應該上傳到伺服器",index_aligned,unmapped,,,from step splitting parser v1,unmapped,assert_visible,todo_alias,pending,pending,pending,pending
CCU-230221-4,CCU-230221-4-S1,CCU-230221,4,1,讀取面板 Log,不會再收到 Log,index_aligned,unmapped,,,from step splitting parser v1,unmapped,tap,todo_alias,pending,pending,pending,pending
CCU-230224-1,CCU-230224-1-S1,CCU-230224,1,1,檢查版本號是不是等於測試版號,版號顯示正常,index_aligned,manual_only,KW-ALIAS-CHECK,manual,from step splitting parser v1; prefill_v1:ui_or_device_check,manual_only,assert_visible,todo_alias,pending,pending,pending,pending
CCU-230250-1,CCU-230250-1-S1,CCU-230250,1,1,檢查顯示文字,文字顯示正常,index_aligned,manual_only,KW-ALIAS-CHECK,manual,from step splitting parser v1; prefill_v1:ui_or_device_check,manual_only,assert_visible,todo_alias,pending,pending,pending,pending
CCU-230250-2,CCU-230250-2-S1,CCU-230250,2,1,點擊Disconnect,斷線功能正常,index_aligned,manual_only,KW-ALIAS-CLICK,manual,from step splitting parser v1; prefill_v1:ui_action_click,manual_only,tap,todo_alias,pending,pending,pending,pending
CCU-230251-1,CCU-230251-1-S1,CCU-230251,1,1,檢查顯示文字,文字顯示正常,index_aligned,manual_only,KW-ALIAS-CHECK,manual,from step splitting parser v1; prefill_v1:ui_or_device_check,manual_only,assert_visible,todo_alias,pending,pending,pending,pending
CCU-230251-2,CCU-230251-2-S1,CCU-230251,2,1,點擊Disconnect,斷線功能正常,index_aligned,manual_only,KW-ALIAS-CLICK,manual,from step splitting parser v1; prefill_v1:ui_action_click,manual_only,tap,todo_alias,pending,pending,pending,pending
CCU-230252-1,CCU-230252-1-S1,CCU-230252,1,1,點擊Reading Mode,所有的開啟正常 檢查完畢後 點擊關閉Master Control,index_aligned,manual_only,KW-ALIAS-CLICK,manual,from step splitting parser v1; prefill_v1:ui_action_click,manual_only,tap,todo_alias,pending,pending,pending,pending
CCU-230252-2,CCU-230252-2-S1,CCU-230252,2,1,點擊Movie Mode,燈泡開啟正常 檢查完畢後 點擊關閉Master Control,index_aligned,manual_only,KW-ALIAS-CLICK,manual,from step splitting parser v1; prefill_v1:ui_action_click,manual_only,tap,todo_alias,pending,pending,pending,pending
CCU-230252-3,CCU-230252-3-S1,CCU-230252,3,1,點擊Relaxation Mode,燈泡開啟正常 檢查完畢後 點擊關閉Master Control,index_aligned,manual_only,KW-ALIAS-CLICK,manual,from step splitting parser v1; prefill_v1:ui_action_click,manual_only,tap,todo_alias,pending,pending,pending,pending
CCU-230252-4,CCU-230252-4-S1,CCU-230252,4,1,點擊Manage Modes,Manage Mode頁面顯示正常,index_aligned,manual_only,KW-ALIAS-CLICK,manual,from step splitting parser v1; prefill_v1:ui_action_click,manual_only,tap,todo_alias,pending,pending,pending,pending
CCU-230252-5,CCU-230252-5-S1,CCU-230252,5,1,點擊Custom Mode 1,設定燈跟裝置設定為on,index_aligned,manual_only,KW-ALIAS-CLICK,manual,from step splitting parser v1; prefill_v1:ui_action_click,manual_only,tap,settings_button,pending,pending,pending,pending
CCU-230252-5,CCU-230252-5-S2,CCU-230252,5,2,點擊Custom Mode 1,save,index_aligned,manual_only,KW-ALIAS-CLICK,manual,from step splitting parser v1; prefill_v1:ui_action_click,manual_only,tap,save_button,pending,pending,pending,pending
CCU-230252-6,CCU-230252-6-S1,CCU-230252,6,1,點擊Custom Mode2,設定燈與裝置設定為on,index_aligned,manual_only,KW-ALIAS-CLICK,manual,from step splitting parser v1; prefill_v1:ui_action_click,manual_only,tap,settings_button,pending,pending,pending,pending
CCU-230252-6,CCU-230252-6-S2,CCU-230252,6,2,點擊Custom Mode2,cancel,index_aligned,manual_only,KW-ALIAS-CLICK,manual,from step splitting parser v1; prefill_v1:ui_action_click,manual_only,tap,cancel_button,pending,pending,pending,pending
CCU-230252-7,CCU-230252-7-S1,CCU-230252,7,1,確認彈出視窗,彈出視窗顯示正常,index_aligned,unmapped,KW-ALIAS-CHECK,manual,from step splitting parser v1; prefill_v1:ui_or_device_check,manual_only,assert_visible,confirm_button,pending,pending,pending,pending
CCU-230252-8,CCU-230252-8-S1,CCU-230252,8,1,點擊Discard,custom mode2 顯示為空的,index_aligned,manual_only,KW-ALIAS-CLICK,manual,from step splitting parser v1; prefill_v1:ui_action_click,manual_only,tap,todo_alias,pending,pending,pending,pending
CCU-230252-9,CCU-230252-9-S1,CCU-230252,9,1,點擊Custom Mode1,設定與步驟五相同,index_aligned,manual_only,KW-ALIAS-CLICK,manual,from step splitting parser v1; prefill_v1:ui_action_click,manual_only,tap,settings_button,pending,pending,pending,pending
CCU-230253-1,CCU-230253-1-S1,CCU-230253,1,1,檢查顯示文字,文字顯示正常,index_aligned,manual_only,KW-ALIAS-CHECK,manual,from step splitting parser v1; prefill_v1:ui_or_device_check,manual_only,assert_visible,todo_alias,pending,pending,pending,pending
CCU-230253-2,CCU-230253-2-S1,CCU-230253,2,1,點擊Disconnect,斷線功能正常,index_aligned,manual_only,KW-ALIAS-CLICK,manual,from step splitting parser v1; prefill_v1:ui_action_click,manual_only,tap,todo_alias,pending,pending,pending,pending
CCU-231931-1,CCU-231931-1-S1,CCU-231931,1,1,在 RV 頁面點擊 Zone1,出現 Zone1 調整頁面,index_aligned,unmapped,,,from step splitting parser v1,unmapped,tap,todo_alias,pending,pending,pending,pending
CCU-231948-1,CCU-231948-1-S1,CCU-231948,1,1,在 RV 頁面點擊 Zone1,出現 Zone1 調整頁面,index_aligned,unmapped,,,from step splitting parser v1,unmapped,tap,todo_alias,pending,pending,pending,pending
CCU-230301-1,CCU-230301-1-S1,CCU-230301,1,1,enter setting,setting page display normally,index_aligned,unmapped,,,from step splitting parser v1,unmapped,input,todo_alias,pending,pending,pending,pending
CCU-230301-2,CCU-230301-2-S1,CCU-230301,2,1,setting scan,scan normally,index_aligned,unmapped,,,from step splitting parser v1,unmapped,tap,scan_button,pending,pending,pending,pending
CCU-230302-1,CCU-230302-1-S1,CCU-230302,1,1,iot面板 設定 app 連線,wifi連線正常iot 面板 wifi 燈號 閃爍,index_aligned,unmapped,,,from step splitting parser v1,unmapped,tap,wifi_status_label,pending,pending,pending,pending
CCU-230302-2,CCU-230302-2-S1,CCU-230302,2,1,設定 iot 面板 wifi 設定,wifi連線正常iot 面板 wifi 燈號 閃爍,index_aligned,manual_only,KW-ALIAS-SET,manual,from step splitting parser v1; prefill_v1:set_or_select,manual_only,tap,wifi_status_label,pending,pending,pending,pending
CCU-230302-3,CCU-230302-3-S1,CCU-230302,3,1,app 中斷連線,wifi連線正常iot 面板 wifi 燈號 閃爍,index_aligned,unmapped,,,from step splitting parser v1,unmapped,tap,wifi_status_label,pending,pending,pending,pending
CCU-230302-4,CCU-230302-4-S1,CCU-230302,4,1,app 使用wifi 連線,wifi連線正常iot 面板 wifi 燈號 閃爍,index_aligned,unmapped,KW-ALIAS-WIFI,manual,from step splitting parser v1; prefill_v1:wifi_action,manual_only,tap,wifi_status_label,pending,pending,pending,pending
CCU-230303-1,CCU-230303-1-S1,CCU-230303,1,1,開啟關閉 light 1 ~ 4,light 1 ~ 4 開啟,index_aligned,unmapped,KW-ALIAS-OPEN,manual,from step splitting parser v1; prefill_v1:open_or_enable,manual_only,tap,todo_alias,pending,pending,pending,pending
CCU-230303-1,CCU-230303-1-S2,CCU-230303,1,2,開啟關閉 light 1 ~ 4,關閉開啟,index_aligned,unmapped,KW-ALIAS-OPEN,manual,from step splitting parser v1; prefill_v1:open_or_enable,manual_only,tap,todo_alias,pending,pending,pending,pending
CCU-230303-1,CCU-230303-1-S3,CCU-230303,1,3,開啟關閉 light 1 ~ 4,關閉 tanker heater,index_aligned,unmapped,KW-ALIAS-OPEN,manual,from step splitting parser v1; prefill_v1:open_or_enable,manual_only,tap,todo_alias,pending,pending,pending,pending
CCU-230303-2,CCU-230303-2-S1,CCU-230303,2,1,開啟關閉 tanker heater,light 1 ~ 4 開啟,index_aligned,unmapped,KW-ALIAS-OPEN,manual,from step splitting parser v1; prefill_v1:open_or_enable,manual_only,tap,todo_alias,pending,pending,pending,pending
CCU-230303-2,CCU-230303-2-S2,CCU-230303,2,2,開啟關閉 tanker heater,關閉開啟,index_aligned,unmapped,KW-ALIAS-OPEN,manual,from step splitting parser v1; prefill_v1:open_or_enable,manual_only,tap,todo_alias,pending,pending,pending,pending
CCU-230303-2,CCU-230303-2-S3,CCU-230303,2,3,開啟關閉 tanker heater,關閉 tanker heater,index_aligned,unmapped,KW-ALIAS-OPEN,manual,from step splitting parser v1; prefill_v1:open_or_enable,manual_only,tap,todo_alias,pending,pending,pending,pending
CCU-230305-1,CCU-230305-1-S1,CCU-230305,1,1,enter Setting page,enter setting page normally,index_aligned,unmapped,,,from step splitting parser v1,unmapped,input,todo_alias,pending,pending,pending,pending
CCU-230305-2,CCU-230305-2-S1,CCU-230305,2,1,Settings page display,settings page display normally,index_aligned,unmapped,,,from step splitting parser v1,unmapped,tap,settings_button,pending,pending,pending,pending
CCU-230305-3,CCU-230305-3-S1,CCU-230305,3,1,modify text not follow rules,save button unclickable,index_aligned,unmapped,KW-ALIAS-CODE-LIKE-STEP,manual,from step splitting parser v1; prefill_v2:code_like_step,manual_only,tap,otp_field,pending,pending,pending,pending
CCU-230305-4,CCU-230305-4-S1,CCU-230305,4,1,modify text not follow rules,error message display normally,index_aligned,unmapped,KW-ALIAS-CODE-LIKE-STEP,manual,from step splitting parser v1; prefill_v2:code_like_step,manual_only,tap,otp_field,pending,pending,pending,pending
CCU-230305-5,CCU-230305-5-S1,CCU-230305,5,1,modify device name,device name not change,expected_attached_to_first,unmapped,KW-ALIAS-CODE-LIKE-STEP,manual,from step splitting parser v1; prefill_v2:code_like_step,manual_only,tap,otp_field,pending,pending,pending,pending
CCU-230305-5,CCU-230305-5-S2,CCU-230305,5,2,click cancel,,expected_attached_to_first,unmapped,,,from step splitting parser v1,unmapped,tap,cancel_button,pending,pending,pending,pending
CCU-230305-6,CCU-230305-6-S1,CCU-230305,6,1,modify device name,device name modify normally,index_aligned,unmapped,KW-ALIAS-CODE-LIKE-STEP,manual,from step splitting parser v1; prefill_v2:code_like_step,manual_only,tap,otp_field,pending,pending,pending,pending
CCU-230305-6,CCU-230305-6-S2,CCU-230305,6,2,click save,bluetooth scan can found,index_aligned,unmapped,,,from step splitting parser v1,unmapped,tap,save_button,pending,pending,pending,pending
CCU-230305-6,CCU-230305-6-S3,CCU-230305,6,3,click save,wifi scan can found,index_aligned,unmapped,,,from step splitting parser v1,unmapped,tap,save_button,pending,pending,pending,pending
CCU-230306-1,CCU-230306-1-S1,CCU-230306,1,1,enter setting,設定頁面顯示正常,index_aligned,unmapped,,,from step splitting parser v1,unmapped,input,settings_button,pending,pending,pending,pending
CCU-230306-2,CCU-230306-2-S1,CCU-230306,2,1,關閉語音控制,關閉語音控制正常,index_aligned,unmapped,KW-ALIAS-CLOSE,manual,from step splitting parser v1; prefill_v1:close_or_disable,manual_only,tap,todo_alias,pending,pending,pending,pending
CCU-230306-3,CCU-230306-3-S1,CCU-230306,3,1,開啟語音控制,開啟語音控制正常,index_aligned,unmapped,KW-ALIAS-OPEN,manual,from step splitting parser v1; prefill_v1:open_or_enable,manual_only,tap,todo_alias,pending,pending,pending,pending
CCU-230306-4,CCU-230306-4-S1,CCU-230306,4,1,,,no_expected,unmapped,,,from step splitting parser v1,unmapped,tap,todo_alias,pending,pending,pending,pending
CCU-230307-1,CCU-230307-1-S1,CCU-230307,1,1,設定關閉,"發聲 ""Hey Power pro"" 不應該收到回應",index_aligned,manual_only,KW-ALIAS-SET,manual,from step splitting parser v1; prefill_v1:set_or_select,manual_only,tap,settings_button,pending,pending,pending,pending
CCU-230307-2,CCU-230307-2-S1,CCU-230307,2,1,設定開啟,"發聲""Hey Power pro"" 應該收到 登登 回應",index_aligned,manual_only,KW-ALIAS-SET,manual,from step splitting parser v1; prefill_v1:set_or_select,manual_only,tap,settings_button,pending,pending,pending,pending
CCU-230307-4,CCU-230307-4-S1,CCU-230307,4,1,設定為 sound,"發聲 ""hey power pro"" 應該收到 登登",index_aligned,manual_only,KW-ALIAS-SET,manual,from step splitting parser v1; prefill_v1:set_or_select,manual_only,tap,settings_button,pending,pending,pending,pending
CCU-230307-5,CCU-230307-5-S1,CCU-230307,5,1,設定為greeting,"應該隨機回應 ""how may I help you"" , ""what can I do for you""",index_aligned,manual_only,KW-ALIAS-SET,manual,from step splitting parser v1; prefill_v1:set_or_select,manual_only,tap,settings_button,pending,pending,pending,pending
CCU-230308-1,CCU-230308-1-S1,CCU-230308,1,1,設定關閉,通知關閉正確,index_aligned,manual_only,KW-ALIAS-SET,manual,from step splitting parser v1; prefill_v1:set_or_select,manual_only,tap,settings_button,pending,pending,pending,pending
CCU-230308-2,CCU-230308-2-S1,CCU-230308,2,1,執行 DSI Fault,手機沒有通知 DSI Fault,index_aligned,unmapped,,,from step splitting parser v1,unmapped,tap,notification_permission_dialog,pending,pending,pending,pending
CCU-230308-3,CCU-230308-3-S1,CCU-230308,3,1,設定開啟RV notification,通知開啟正確,index_aligned,manual_only,KW-ALIAS-SET,manual,from step splitting parser v1; prefill_v1:set_or_select,manual_only,tap,settings_button,pending,pending,pending,pending
CCU-230308-4,CCU-230308-4-S1,CCU-230308,4,1,修改battery level,手機通知收到battery level,index_aligned,unmapped,,,from step splitting parser v1,unmapped,tap,notification_permission_dialog,pending,pending,pending,pending
CCU-230308-5,CCU-230308-5-S1,CCU-230308,5,1,修改tank level,手機通知收到tank level,index_aligned,unmapped,,,from step splitting parser v1,unmapped,tap,notification_permission_dialog,pending,pending,pending,pending
CCU-230308-6,CCU-230308-6-S1,CCU-230308,6,1,修改通知週期到period,手機通知應改為週期顯示,index_aligned,unmapped,,,from step splitting parser v1,unmapped,tap,notification_permission_dialog,pending,pending,pending,pending
CCU-230308-7,CCU-230308-7-S1,CCU-230308,7,1,修改通知週期到 always,手機通知應改為 總是顯示,index_aligned,unmapped,,,from step splitting parser v1,unmapped,tap,notification_permission_dialog,pending,pending,pending,pending
CCU-230309-1,CCU-230309-1-S1,CCU-230309,1,1,麥克風LED 開啟,開啟正常 面板麥克風 LED 綠燈,index_aligned,unmapped,,,from step splitting parser v1,unmapped,tap,todo_alias,pending,pending,pending,pending
CCU-230309-2,CCU-230309-2-S1,CCU-230309,2,1,麥克風LED 關閉,面板麥克風LED 不是綠燈,index_aligned,unmapped,,,from step splitting parser v1,unmapped,tap,todo_alias,pending,pending,pending,pending
CCU-230310-1,CCU-230310-1-S1,CCU-230310,1,1,檢查預設panel auto-lock為 一 分鐘,檢查panel auto-lock為 一 分鐘,index_aligned,manual_only,KW-ALIAS-CHECK,manual,from step splitting parser v1; prefill_v1:ui_or_device_check,manual_only,assert_visible,todo_alias,pending,pending,pending,pending
CCU-230310-2,CCU-230310-2-S1,CCU-230310,2,1,調整panel auto-lock 為三分種,檢查panel auto-lock為 三 分鐘,index_aligned,unmapped,,,from step splitting parser v1,unmapped,assert_visible,todo_alias,pending,pending,pending,pending
CCU-230310-3,CCU-230310-3-S1,CCU-230310,3,1,調整panel auto-lock 為五分鐘,檢查panel auto-lock為 五 分鐘,index_aligned,unmapped,,,from step splitting parser v1,unmapped,assert_visible,todo_alias,pending,pending,pending,pending
CCU-230311-1,CCU-230311-1-S1,CCU-230311,1,1,Nickname不符合規則,提示顯示正常,index_aligned,unmapped,,,from step splitting parser v1,unmapped,tap,todo_alias,pending,pending,pending,pending
CCU-230311-2,CCU-230311-2-S1,CCU-230311,2,1,Nickname符合規則,Save按鈕顯示正常,index_aligned,unmapped,,,from step splitting parser v1,unmapped,tap,save_button,pending,pending,pending,pending
CCU-230311-3,CCU-230311-3-S1,CCU-230311,3,1,點擊Cancel,不儲存回到setting頁面,index_aligned,manual_only,KW-ALIAS-CLICK,manual,from step splitting parser v1; prefill_v1:ui_action_click,manual_only,tap,cancel_button,pending,pending,pending,pending
CCU-230311-4,CCU-230311-4-S1,CCU-230311,4,1,重新進入nickname頁面輸入符合規則,儲存正確回到setting頁面,expected_attached_to_first,unmapped,KW-ALIAS-NAVIGATION,manual,from step splitting parser v1; prefill_v2:navigation_flow,manual_only,input,save_button,pending,pending,pending,pending
CCU-230311-4,CCU-230311-4-S2,CCU-230311,4,2,點擊save,,expected_attached_to_first,unmapped,KW-ALIAS-CLICK,manual,from step splitting parser v1; prefill_v1:ui_action_click,manual_only,tap,save_button,pending,pending,pending,pending
CCU-230311-5,CCU-230311-5-S1,CCU-230311,5,1,"對panel輸入語音命令""hey power pro"" ""i'm home""",回答包含您的nickname,index_aligned,unmapped,KW-ALIAS-DEVICE-STATE,manual,from step splitting parser v1; prefill_v2:device_state,manual_only,input,home_title,pending,pending,pending,pending
CCU-230312-1,CCU-230312-1-S1,CCU-230312,1,1,檢查wifi圖示,wifi圖示顯示正常,index_aligned,manual_only,KW-ALIAS-CHECK,manual,from step splitting parser v1; prefill_v1:ui_or_device_check,manual_only,assert_visible,wifi_status_label,pending,pending,pending,pending
CCU-230312-2,CCU-230312-2-S1,CCU-230312,2,1,點擊clear/disconnect,進入ssid輸入頁面,index_aligned,manual_only,KW-ALIAS-CLICK,manual,from step splitting parser v1; prefill_v1:ui_action_click,manual_only,tap,todo_alias,pending,pending,pending,pending
CCU-230312-3,CCU-230312-3-S1,CCU-230312,3,1,點擊load last setting,先前儲存的ssid資訊,index_aligned,manual_only,KW-ALIAS-CLICK,manual,from step splitting parser v1; prefill_v1:ui_action_click,manual_only,tap,save_button,pending,pending,pending,pending
CCU-230312-4,CCU-230312-4-S1,CCU-230312,4,1,點擊setting SSID/PASSWORD,完成輸入SSID,index_aligned,manual_only,KW-ALIAS-CLICK,manual,from step splitting parser v1; prefill_v1:ui_action_click,manual_only,tap,password_field,pending,pending,pending,pending
CCU-230312-5,CCU-230312-5-S1,CCU-230312,5,1,檢查wifi圖示,wifi圖示連線顯示正常,index_aligned,manual_only,KW-ALIAS-CHECK,manual,from step splitting parser v1; prefill_v1:ui_or_device_check,manual_only,assert_visible,wifi_status_label,pending,pending,pending,pending
CCU-230313-1,CCU-230313-1-S1,CCU-230313,1,1,檢查頁面顯示,頁面顯示正常,index_aligned,manual_only,KW-ALIAS-CHECK,manual,from step splitting parser v1; prefill_v1:ui_or_device_check,manual_only,assert_visible,todo_alias,pending,pending,pending,pending
CCU-230314-1,CCU-230314-1-S1,CCU-230314,1,1,檢查software version,數值顯示正常,index_aligned,manual_only,KW-ALIAS-CHECK,manual,from step splitting parser v1; prefill_v1:ui_or_device_check,manual_only,assert_visible,todo_alias,pending,pending,pending,pending
CCU-230314-2,CCU-230314-2-S1,CCU-230314,2,1,檢查firmware version,數值顯示正常,index_aligned,manual_only,KW-ALIAS-CHECK,manual,from step splitting parser v1; prefill_v1:ui_or_device_check,manual_only,assert_visible,todo_alias,pending,pending,pending,pending
CCU-230314-3,CCU-230314-3-S1,CCU-230314,3,1,檢查IoT version,數值顯示正常,index_aligned,manual_only,KW-ALIAS-CHECK,manual,from step splitting parser v1; prefill_v1:ui_or_device_check,manual_only,assert_visible,todo_alias,pending,pending,pending,pending
CCU-230314-4,CCU-230314-4-S1,CCU-230314,4,1,檢查Panel SN,數值顯示正常,index_aligned,manual_only,KW-ALIAS-CHECK,manual,from step splitting parser v1; prefill_v1:ui_or_device_check,manual_only,assert_visible,todo_alias,pending,pending,pending,pending
CCU-230315-1,CCU-230315-1-S1,CCU-230315,1,1,檢查RV voice control instructions,顯示正常,index_aligned,manual_only,KW-ALIAS-CHECK,manual,from step splitting parser v1; prefill_v1:ui_or_device_check,manual_only,assert_visible,todo_alias,pending,pending,pending,pending
CCU-230315-2,CCU-230315-2-S1,CCU-230315,2,1,RV voice command list,顯示正常,index_aligned,unmapped,KW-ALIAS-DEVICE-STATE,manual,from step splitting parser v1; prefill_v2:device_state,manual_only,tap,todo_alias,pending,pending,pending,pending
CCU-230315-3,CCU-230315-3-S1,CCU-230315,3,1,Lights,顯示正常,index_aligned,unmapped,KW-ALIAS-DEVICE-STATE,manual,from step splitting parser v1; prefill_v2:device_state,manual_only,tap,todo_alias,pending,pending,pending,pending
CCU-230315-4,CCU-230315-4-S1,CCU-230315,4,1,Devices,顯示正常,index_aligned,unmapped,,,from step splitting parser v1,unmapped,tap,todo_alias,pending,pending,pending,pending
CCU-230315-5,CCU-230315-5-S1,CCU-230315,5,1,Modes,顯示正常,index_aligned,unmapped,,,from step splitting parser v1,unmapped,tap,todo_alias,pending,pending,pending,pending
CCU-230315-6,CCU-230315-6-S1,CCU-230315,6,1,RV status,顯示正常,index_aligned,unmapped,,,from step splitting parser v1,unmapped,tap,todo_alias,pending,pending,pending,pending
CCU-230315-7,CCU-230315-7-S1,CCU-230315,7,1,youtube link,顯示正常,index_aligned,unmapped,,,from step splitting parser v1,unmapped,tap,todo_alias,pending,pending,pending,pending
CCU-230315-8,CCU-230315-8-S1,CCU-230315,8,1,customer service number,顯示正常,index_aligned,unmapped,,,from step splitting parser v1,unmapped,tap,todo_alias,pending,pending,pending,pending
CCU-230315-9,CCU-230315-9-S1,CCU-230315,9,1,WFCO web site,顯示正常,index_aligned,unmapped,,,from step splitting parser v1,unmapped,tap,todo_alias,pending,pending,pending,pending
CCU-230316-1,CCU-230316-1-S1,CCU-230316,1,1,頁面顯示,顯示正常,index_aligned,unmapped,,,from step splitting parser v1,unmapped,tap,todo_alias,pending,pending,pending,pending
CCU-230316-2,CCU-230316-2-S1,CCU-230316,2,1,點擊edit 更改生日,修改顯示正常,index_aligned,manual_only,KW-ALIAS-CLICK,manual,from step splitting parser v1; prefill_v1:ui_action_click,manual_only,tap,todo_alias,pending,pending,pending,pending
CCU-230316-3,CCU-230316-3-S1,CCU-230316,3,1,修改email,email 修改正常,index_aligned,unmapped,KW-ALIAS-LOGIN-FLOW,manual,from step splitting parser v1; prefill_v2:login_flow,manual_only,tap,email_field,pending,pending,pending,pending
CCU-230316-4,CCU-230316-4-S1,CCU-230316,4,1,修改時鍵盤應自動出現,鍵盤顯示正常,index_aligned,unmapped,,,from step splitting parser v1,unmapped,tap,todo_alias,pending,pending,pending,pending
CCU-230316-5,CCU-230316-5-S1,CCU-230316,5,1,company invite code,顯示正常,index_aligned,unmapped,,,from step splitting parser v1,unmapped,tap,otp_field,pending,pending,pending,pending
CCU-230319-1,CCU-230319-1-S1,CCU-230319,1,1,關閉app語音命令,語音命令關閉正常,index_aligned,unmapped,KW-ALIAS-CLOSE,manual,from step splitting parser v1; prefill_v1:close_or_disable,manual_only,tap,todo_alias,pending,pending,pending,pending
CCU-230319-2,CCU-230319-2-S1,CCU-230319,2,1,"測試app語音命令""turn off all lights""",沒有任何動作,index_aligned,unmapped,KW-ALIAS-DEVICE-STATE,manual,from step splitting parser v1; prefill_v2:device_state,manual_only,tap,todo_alias,pending,pending,pending,pending
CCU-230319-3,CCU-230319-3-S1,CCU-230319,3,1,開啟app語音命令,語音命令開啟正常,index_aligned,unmapped,KW-ALIAS-OPEN,manual,from step splitting parser v1; prefill_v1:open_or_enable,manual_only,tap,todo_alias,pending,pending,pending,pending
CCU-230319-4,CCU-230319-4-S1,CCU-230319,4,1,"測試app語音命令""trun on all lights""",所有燈開啟,index_aligned,unmapped,KW-ALIAS-DEVICE-STATE,manual,from step splitting parser v1; prefill_v2:device_state,manual_only,tap,todo_alias,pending,pending,pending,pending
CCU-230320-1,CCU-230320-1-S1,CCU-230320,1,1,預設為off,預設值顯示正常,index_aligned,unmapped,,,from step splitting parser v1,unmapped,tap,todo_alias,pending,pending,pending,pending
CCU-230320-2,CCU-230320-2-S1,CCU-230320,2,1,設定為on,設定PIN頁面顯示正常,index_aligned,manual_only,KW-ALIAS-SET,manual,from step splitting parser v1; prefill_v1:set_or_select,manual_only,tap,settings_button,pending,pending,pending,pending
CCU-230320-3,CCU-230320-3-S1,CCU-230320,3,1,設定pin 第一次 0000 第二次1234,錯誤訊息顯示正常,index_aligned,manual_only,KW-ALIAS-SET,manual,from step splitting parser v1; prefill_v1:set_or_select,manual_only,tap,error_message,pending,pending,pending,pending
CCU-230320-4,CCU-230320-4-S1,CCU-230320,4,1,"設定PIN第一次0000,第二次0000",提示設定完成顯示正常,index_aligned,manual_only,KW-ALIAS-SET,manual,from step splitting parser v1; prefill_v1:set_or_select,manual_only,tap,success_message,pending,pending,pending,pending
CCU-230320-5,CCU-230320-5-S1,CCU-230320,5,1,頁面顯示RV PIN,設定值為on,index_aligned,unmapped,,,from step splitting parser v1,unmapped,tap,settings_button,pending,pending,pending,pending
CCU-230320-6,CCU-230320-6-S1,CCU-230320,6,1,檢查更改設定pin選項,更改設定pin選項顯示正常,index_aligned,manual_only,KW-ALIAS-CHECK,manual,from step splitting parser v1; prefill_v1:ui_or_device_check,manual_only,assert_visible,settings_button,pending,pending,pending,pending
CCU-230321-1,CCU-230321-1-S1,CCU-230321,1,1,預設值 Device Log Sharing 為ON,預設值為 ON 顯示正常,index_aligned,unmapped,,,from step splitting parser v1,unmapped,tap,todo_alias,pending,pending,pending,pending
CCU-230321-2,CCU-230321-2-S1,CCU-230321,2,1,讀取面板 Log,正常有收到 Log,index_aligned,unmapped,,,from step splitting parser v1,unmapped,tap,todo_alias,pending,pending,pending,pending
CCU-230321-3,CCU-230321-3-S1,CCU-230321,3,1,調整 Device Log Sharing 為 OFF,頁面顯示為 OFF，檢查 Log 不應該上傳到伺服器,index_aligned,unmapped,,,from step splitting parser v1,unmapped,assert_visible,todo_alias,pending,pending,pending,pending
CCU-230321-4,CCU-230321-4-S1,CCU-230321,4,1,讀取面板 Log,不會再收到 Log,index_aligned,unmapped,,,from step splitting parser v1,unmapped,tap,todo_alias,pending,pending,pending,pending
CCU-230324-1,CCU-230324-1-S1,CCU-230324,1,1,檢查版本號是不是等於測試版號,版號顯示正常,index_aligned,manual_only,KW-ALIAS-CHECK,manual,from step splitting parser v1; prefill_v1:ui_or_device_check,manual_only,assert_visible,todo_alias,pending,pending,pending,pending
CCU-230350-1,CCU-230350-1-S1,CCU-230350,1,1,檢查顯示文字,文字顯示正常,index_aligned,manual_only,KW-ALIAS-CHECK,manual,from step splitting parser v1; prefill_v1:ui_or_device_check,manual_only,assert_visible,todo_alias,pending,pending,pending,pending
CCU-230350-2,CCU-230350-2-S1,CCU-230350,2,1,點擊Disconnect,斷線功能正常,index_aligned,manual_only,KW-ALIAS-CLICK,manual,from step splitting parser v1; prefill_v1:ui_action_click,manual_only,tap,todo_alias,pending,pending,pending,pending
CCU-230351-1,CCU-230351-1-S1,CCU-230351,1,1,檢查顯示文字,文字顯示正常,index_aligned,manual_only,KW-ALIAS-CHECK,manual,from step splitting parser v1; prefill_v1:ui_or_device_check,manual_only,assert_visible,todo_alias,pending,pending,pending,pending
CCU-230351-2,CCU-230351-2-S1,CCU-230351,2,1,點擊Disconnect,斷線功能正常,index_aligned,manual_only,KW-ALIAS-CLICK,manual,from step splitting parser v1; prefill_v1:ui_action_click,manual_only,tap,todo_alias,pending,pending,pending,pending
CCU-230352-1,CCU-230352-1-S1,CCU-230352,1,1,點擊Reading Mode,所有的開啟正常 檢查完畢後 點擊關閉Master Control,index_aligned,manual_only,KW-ALIAS-CLICK,manual,from step splitting parser v1; prefill_v1:ui_action_click,manual_only,tap,todo_alias,pending,pending,pending,pending
CCU-230352-2,CCU-230352-2-S1,CCU-230352,2,1,點擊Movie Mode,燈泡開啟正常 檢查完畢後 點擊關閉Master Control,index_aligned,manual_only,KW-ALIAS-CLICK,manual,from step splitting parser v1; prefill_v1:ui_action_click,manual_only,tap,todo_alias,pending,pending,pending,pending
CCU-230352-3,CCU-230352-3-S1,CCU-230352,3,1,點擊Relaxation Mode,燈泡開啟正常 檢查完畢後 點擊關閉Master Control,index_aligned,manual_only,KW-ALIAS-CLICK,manual,from step splitting parser v1; prefill_v1:ui_action_click,manual_only,tap,todo_alias,pending,pending,pending,pending
CCU-230352-4,CCU-230352-4-S1,CCU-230352,4,1,點擊Manage Modes,Manage Mode頁面顯示正常,index_aligned,manual_only,KW-ALIAS-CLICK,manual,from step splitting parser v1; prefill_v1:ui_action_click,manual_only,tap,todo_alias,pending,pending,pending,pending
CCU-230352-5,CCU-230352-5-S1,CCU-230352,5,1,點擊Custom Mode 1,設定燈跟裝置設定為on,index_aligned,manual_only,KW-ALIAS-CLICK,manual,from step splitting parser v1; prefill_v1:ui_action_click,manual_only,tap,settings_button,pending,pending,pending,pending
CCU-230352-5,CCU-230352-5-S2,CCU-230352,5,2,點擊Custom Mode 1,save,index_aligned,manual_only,KW-ALIAS-CLICK,manual,from step splitting parser v1; prefill_v1:ui_action_click,manual_only,tap,save_button,pending,pending,pending,pending
CCU-230352-6,CCU-230352-6-S1,CCU-230352,6,1,點擊Custom Mode2,設定燈與裝置設定為on,index_aligned,manual_only,KW-ALIAS-CLICK,manual,from step splitting parser v1; prefill_v1:ui_action_click,manual_only,tap,settings_button,pending,pending,pending,pending
CCU-230352-6,CCU-230352-6-S2,CCU-230352,6,2,點擊Custom Mode2,cancel,index_aligned,manual_only,KW-ALIAS-CLICK,manual,from step splitting parser v1; prefill_v1:ui_action_click,manual_only,tap,cancel_button,pending,pending,pending,pending
CCU-230352-7,CCU-230352-7-S1,CCU-230352,7,1,確認彈出視窗,彈出視窗顯示正常,index_aligned,unmapped,KW-ALIAS-CHECK,manual,from step splitting parser v1; prefill_v1:ui_or_device_check,manual_only,assert_visible,confirm_button,pending,pending,pending,pending
CCU-230352-8,CCU-230352-8-S1,CCU-230352,8,1,點擊Discard,custom mode2 顯示為空的,index_aligned,manual_only,KW-ALIAS-CLICK,manual,from step splitting parser v1; prefill_v1:ui_action_click,manual_only,tap,todo_alias,pending,pending,pending,pending
CCU-230352-9,CCU-230352-9-S1,CCU-230352,9,1,點擊Custom Mode1,設定與步驟五相同,index_aligned,manual_only,KW-ALIAS-CLICK,manual,from step splitting parser v1; prefill_v1:ui_action_click,manual_only,tap,settings_button,pending,pending,pending,pending
CCU-230353-1,CCU-230353-1-S1,CCU-230353,1,1,檢查顯示文字,文字顯示正常,index_aligned,manual_only,KW-ALIAS-CHECK,manual,from step splitting parser v1; prefill_v1:ui_or_device_check,manual_only,assert_visible,todo_alias,pending,pending,pending,pending
CCU-230353-2,CCU-230353-2-S1,CCU-230353,2,1,點擊Disconnect,斷線功能正常,index_aligned,manual_only,KW-ALIAS-CLICK,manual,from step splitting parser v1; prefill_v1:ui_action_click,manual_only,tap,todo_alias,pending,pending,pending,pending
CCU-230502-1,CCU-230502-1-S1,CCU-230502,1,1,面板藍牙按鈕（藍燈）已連接,自動連結面板藍牙,expected_attached_to_first,unmapped,KW-ALIAS-BLUETOOTH,manual,from step splitting parser v1; prefill_v1:bluetooth_action,manual_only,tap,bluetooth_status_label,pending,pending,pending,pending
CCU-230502-1,CCU-230502-1-S2,CCU-230502,1,2,遠離面板，手機APP 已斷線，面板藍牙按鈕（白燈）已斷線,,expected_attached_to_first,unmapped,KW-ALIAS-BLUETOOTH,manual,from step splitting parser v1; prefill_v1:bluetooth_action,manual_only,tap,bluetooth_status_label,pending,pending,pending,pending
CCU-230502-1,CCU-230502-1-S3,CCU-230502,1,3,接近面板，手機APP 已連線，面板藍牙按鈕（藍燈）已連接,,expected_attached_to_first,unmapped,KW-ALIAS-BLUETOOTH,manual,from step splitting parser v1; prefill_v1:bluetooth_action,manual_only,tap,bluetooth_status_label,pending,pending,pending,pending
CCU-230627-1,CCU-230627-1-S1,CCU-230627,1,1,手機操作（已連上藍牙）,Edit Module Configuration 有出現此選項,expected_attached_to_first,unmapped,KW-ALIAS-BLUETOOTH,manual,from step splitting parser v1; prefill_v1:bluetooth_action,manual_only,tap,bluetooth_status_label,pending,pending,pending,pending
CCU-230627-1,CCU-230627-1-S2,CCU-230627,1,2,在Account類別,,expected_attached_to_first,unmapped,,,from step splitting parser v1,unmapped,tap,todo_alias,pending,pending,pending,pending
CCU-230628-1,CCU-230628-1-S1,CCU-230628,1,1,手機操作（已連上藍牙）,Edit Module Configuration 沒有出現此選項,expected_attached_to_first,unmapped,KW-ALIAS-BLUETOOTH,manual,from step splitting parser v1; prefill_v1:bluetooth_action,manual_only,tap,bluetooth_status_label,pending,pending,pending,pending
CCU-230628-1,CCU-230628-1-S2,CCU-230628,1,2,在Account類別,,expected_attached_to_first,unmapped,,,from step splitting parser v1,unmapped,tap,todo_alias,pending,pending,pending,pending
CCU-231150-1,CCU-231150-1-S1,CCU-231150,1,1,在 Settings 頁面,WiFi 正常可以設定,partial_expected_alignment,unmapped,,,from step splitting parser v1,unmapped,tap,wifi_status_label,pending,pending,pending,pending
CCU-231150-1,CCU-231150-1-S2,CCU-231150,1,2,RV 分類點擊 Wi-Fi Control,可用,partial_expected_alignment,unmapped,KW-ALIAS-WIFI,manual,from step splitting parser v1; prefill_v1:wifi_action,manual_only,tap,wifi_status_label,pending,pending,pending,pending
CCU-231150-1,CCU-231150-1-S3,CCU-231150,1,3,設定錯誤的密碼,,partial_expected_alignment,unmapped,KW-ALIAS-SET,manual,from step splitting parser v1; prefill_v1:set_or_select,manual_only,tap,password_field,pending,pending,pending,pending
CCU-231150-1,CCU-231150-1-S4,CCU-231150,1,4,點擊 Set/Connect,,partial_expected_alignment,unmapped,KW-ALIAS-CLICK,manual,from step splitting parser v1; prefill_v1:ui_action_click,manual_only,tap,todo_alias,pending,pending,pending,pending
CCU-231150-1,CCU-231150-1-S5,CCU-231150,1,5,點擊 Clear/Disconnect,,partial_expected_alignment,unmapped,KW-ALIAS-CLICK,manual,from step splitting parser v1; prefill_v1:ui_action_click,manual_only,tap,todo_alias,pending,pending,pending,pending
CCU-231150-1,CCU-231150-1-S6,CCU-231150,1,6,設定正確的密碼,,partial_expected_alignment,unmapped,KW-ALIAS-SET,manual,from step splitting parser v1; prefill_v1:set_or_select,manual_only,tap,password_field,pending,pending,pending,pending
CCU-231152-1,CCU-231152-1-S1,CCU-231152,1,1,手機 ( 藍牙已連接，WiFi已設定 ),無法連線，或沒有剛剛改好的 ID,expected_attached_to_first,unmapped,KW-ALIAS-BLUETOOTH,manual,from step splitting parser v1; prefill_v1:bluetooth_action,manual_only,tap,wifi_status_label,pending,pending,pending,pending
CCU-231152-1,CCU-231152-1-S2,CCU-231152,1,2,在 RV 頁面更換左上角名稱,,expected_attached_to_first,unmapped,,,from step splitting parser v1,unmapped,tap,todo_alias,pending,pending,pending,pending
CCU-231152-1,CCU-231152-1-S3,CCU-231152,1,3,在 Setting 頁面,,expected_attached_to_first,unmapped,,,from step splitting parser v1,unmapped,tap,todo_alias,pending,pending,pending,pending
CCU-231152-1,CCU-231152-1-S4,CCU-231152,1,4,點擊 Forget RV Panel,,expected_attached_to_first,unmapped,KW-ALIAS-CLICK,manual,from step splitting parser v1; prefill_v1:ui_action_click,manual_only,tap,todo_alias,pending,pending,pending,pending
CCU-231152-1,CCU-231152-1-S5,CCU-231152,1,5,點擊 Confirm,,expected_attached_to_first,unmapped,KW-ALIAS-CLICK,manual,from step splitting parser v1; prefill_v1:ui_action_click,manual_only,tap,confirm_button,pending,pending,pending,pending
CCU-231152-1,CCU-231152-1-S6,CCU-231152,1,6,點擊 Remote,,expected_attached_to_first,unmapped,KW-ALIAS-CLICK,manual,from step splitting parser v1; prefill_v1:ui_action_click,manual_only,tap,todo_alias,pending,pending,pending,pending
CCU-231152-1,CCU-231152-1-S7,CCU-231152,1,7,點擊剛剛更改好的 ID,,expected_attached_to_first,unmapped,KW-ALIAS-CLICK,manual,from step splitting parser v1; prefill_v1:ui_action_click,manual_only,tap,todo_alias,pending,pending,pending,pending
CCU-231965-1,CCU-231965-1-S1,CCU-231965,1,1,在 RV 頁面點擊 Zone1,出現 Zone1 調整頁面,index_aligned,unmapped,,,from step splitting parser v1,unmapped,tap,todo_alias,pending,pending,pending,pending
CCU-231982-1,CCU-231982-1-S1,CCU-231982,1,1,在 RV 頁面點擊 Zone1,出現 Zone1 調整頁面,index_aligned,unmapped,,,from step splitting parser v1,unmapped,tap,todo_alias,pending,pending,pending,pending
CCU-230401-1,CCU-230401-1-S1,CCU-230401,1,1,enter setting,setting page display normally,index_aligned,unmapped,,,from step splitting parser v1,unmapped,input,todo_alias,pending,pending,pending,pending
CCU-230401-2,CCU-230401-2-S1,CCU-230401,2,1,setting scan,scan normally,index_aligned,unmapped,,,from step splitting parser v1,unmapped,tap,scan_button,pending,pending,pending,pending
CCU-230402-1,CCU-230402-1-S1,CCU-230402,1,1,iot面板 設定 app 連線,wifi連線正常iot 面板 wifi 燈號 閃爍,index_aligned,unmapped,,,from step splitting parser v1,unmapped,tap,wifi_status_label,pending,pending,pending,pending
CCU-230402-2,CCU-230402-2-S1,CCU-230402,2,1,設定 iot 面板 wifi 設定,wifi連線正常iot 面板 wifi 燈號 閃爍,index_aligned,manual_only,KW-ALIAS-SET,manual,from step splitting parser v1; prefill_v1:set_or_select,manual_only,tap,wifi_status_label,pending,pending,pending,pending
CCU-230402-3,CCU-230402-3-S1,CCU-230402,3,1,app 中斷連線,wifi連線正常iot 面板 wifi 燈號 閃爍,index_aligned,unmapped,,,from step splitting parser v1,unmapped,tap,wifi_status_label,pending,pending,pending,pending
CCU-230402-4,CCU-230402-4-S1,CCU-230402,4,1,app 使用wifi 連線,wifi連線正常iot 面板 wifi 燈號 閃爍,index_aligned,unmapped,KW-ALIAS-WIFI,manual,from step splitting parser v1; prefill_v1:wifi_action,manual_only,tap,wifi_status_label,pending,pending,pending,pending
CCU-230403-1,CCU-230403-1-S1,CCU-230403,1,1,開啟關閉 light 1 ~ 4,light 1 ~ 4 開啟,index_aligned,unmapped,KW-ALIAS-OPEN,manual,from step splitting parser v1; prefill_v1:open_or_enable,manual_only,tap,todo_alias,pending,pending,pending,pending
CCU-230403-1,CCU-230403-1-S2,CCU-230403,1,2,開啟關閉 light 1 ~ 4,關閉開啟,index_aligned,unmapped,KW-ALIAS-OPEN,manual,from step splitting parser v1; prefill_v1:open_or_enable,manual_only,tap,todo_alias,pending,pending,pending,pending
CCU-230403-1,CCU-230403-1-S3,CCU-230403,1,3,開啟關閉 light 1 ~ 4,關閉 tanker heater,index_aligned,unmapped,KW-ALIAS-OPEN,manual,from step splitting parser v1; prefill_v1:open_or_enable,manual_only,tap,todo_alias,pending,pending,pending,pending
CCU-230403-2,CCU-230403-2-S1,CCU-230403,2,1,開啟關閉 tanker heater,light 1 ~ 4 開啟,index_aligned,unmapped,KW-ALIAS-OPEN,manual,from step splitting parser v1; prefill_v1:open_or_enable,manual_only,tap,todo_alias,pending,pending,pending,pending
CCU-230403-2,CCU-230403-2-S2,CCU-230403,2,2,開啟關閉 tanker heater,關閉開啟,index_aligned,unmapped,KW-ALIAS-OPEN,manual,from step splitting parser v1; prefill_v1:open_or_enable,manual_only,tap,todo_alias,pending,pending,pending,pending
CCU-230403-2,CCU-230403-2-S3,CCU-230403,2,3,開啟關閉 tanker heater,關閉 tanker heater,index_aligned,unmapped,KW-ALIAS-OPEN,manual,from step splitting parser v1; prefill_v1:open_or_enable,manual_only,tap,todo_alias,pending,pending,pending,pending
CCU-230405-1,CCU-230405-1-S1,CCU-230405,1,1,enter Setting page,enter setting page normally,index_aligned,unmapped,,,from step splitting parser v1,unmapped,input,todo_alias,pending,pending,pending,pending
CCU-230405-2,CCU-230405-2-S1,CCU-230405,2,1,Settings page display,settings page display normally,index_aligned,unmapped,,,from step splitting parser v1,unmapped,tap,settings_button,pending,pending,pending,pending
CCU-230405-3,CCU-230405-3-S1,CCU-230405,3,1,modify text not follow rules,save button unclickable,index_aligned,unmapped,KW-ALIAS-CODE-LIKE-STEP,manual,from step splitting parser v1; prefill_v2:code_like_step,manual_only,tap,otp_field,pending,pending,pending,pending
CCU-230405-4,CCU-230405-4-S1,CCU-230405,4,1,modify text not follow rules,error message display normally,index_aligned,unmapped,KW-ALIAS-CODE-LIKE-STEP,manual,from step splitting parser v1; prefill_v2:code_like_step,manual_only,tap,otp_field,pending,pending,pending,pending
CCU-230405-5,CCU-230405-5-S1,CCU-230405,5,1,modify device name,device name not change,expected_attached_to_first,unmapped,KW-ALIAS-CODE-LIKE-STEP,manual,from step splitting parser v1; prefill_v2:code_like_step,manual_only,tap,otp_field,pending,pending,pending,pending
CCU-230405-5,CCU-230405-5-S2,CCU-230405,5,2,click cancel,,expected_attached_to_first,unmapped,,,from step splitting parser v1,unmapped,tap,cancel_button,pending,pending,pending,pending
CCU-230405-6,CCU-230405-6-S1,CCU-230405,6,1,modify device name,device name modify normally,index_aligned,unmapped,KW-ALIAS-CODE-LIKE-STEP,manual,from step splitting parser v1; prefill_v2:code_like_step,manual_only,tap,otp_field,pending,pending,pending,pending
CCU-230405-6,CCU-230405-6-S2,CCU-230405,6,2,click save,bluetooth scan can found,index_aligned,unmapped,,,from step splitting parser v1,unmapped,tap,save_button,pending,pending,pending,pending
CCU-230405-6,CCU-230405-6-S3,CCU-230405,6,3,click save,wifi scan can found,index_aligned,unmapped,,,from step splitting parser v1,unmapped,tap,save_button,pending,pending,pending,pending
CCU-230406-1,CCU-230406-1-S1,CCU-230406,1,1,enter setting,設定頁面顯示正常,index_aligned,unmapped,,,from step splitting parser v1,unmapped,input,settings_button,pending,pending,pending,pending
CCU-230406-2,CCU-230406-2-S1,CCU-230406,2,1,關閉語音控制,關閉語音控制正常,index_aligned,unmapped,KW-ALIAS-CLOSE,manual,from step splitting parser v1; prefill_v1:close_or_disable,manual_only,tap,todo_alias,pending,pending,pending,pending
CCU-230406-3,CCU-230406-3-S1,CCU-230406,3,1,開啟語音控制,開啟語音控制正常,index_aligned,unmapped,KW-ALIAS-OPEN,manual,from step splitting parser v1; prefill_v1:open_or_enable,manual_only,tap,todo_alias,pending,pending,pending,pending
CCU-230406-4,CCU-230406-4-S1,CCU-230406,4,1,,,no_expected,unmapped,,,from step splitting parser v1,unmapped,tap,todo_alias,pending,pending,pending,pending
CCU-230407-1,CCU-230407-1-S1,CCU-230407,1,1,設定關閉,"發聲 ""Hey Power pro"" 不應該收到回應",index_aligned,manual_only,KW-ALIAS-SET,manual,from step splitting parser v1; prefill_v1:set_or_select,manual_only,tap,settings_button,pending,pending,pending,pending
CCU-230407-2,CCU-230407-2-S1,CCU-230407,2,1,設定開啟,"發聲""Hey Power pro"" 應該收到 登登 回應",index_aligned,manual_only,KW-ALIAS-SET,manual,from step splitting parser v1; prefill_v1:set_or_select,manual_only,tap,settings_button,pending,pending,pending,pending
CCU-230407-3,CCU-230407-3-S1,CCU-230407,3,1,設定為 sound,"發聲 ""hey power pro"" 應該收到 登登",index_aligned,manual_only,KW-ALIAS-SET,manual,from step splitting parser v1; prefill_v1:set_or_select,manual_only,tap,settings_button,pending,pending,pending,pending
CCU-230407-4,CCU-230407-4-S1,CCU-230407,4,1,設定為greeting,"應該隨機回應 ""how may I help you"" , ""what can I do for you""",index_aligned,manual_only,KW-ALIAS-SET,manual,from step splitting parser v1; prefill_v1:set_or_select,manual_only,tap,settings_button,pending,pending,pending,pending
CCU-230408-1,CCU-230408-1-S1,CCU-230408,1,1,設定關閉,通知關閉正確,index_aligned,manual_only,KW-ALIAS-SET,manual,from step splitting parser v1; prefill_v1:set_or_select,manual_only,tap,settings_button,pending,pending,pending,pending
CCU-230408-2,CCU-230408-2-S1,CCU-230408,2,1,執行 DSI Fault,手機沒有通知 DSI Fault,index_aligned,unmapped,,,from step splitting parser v1,unmapped,tap,notification_permission_dialog,pending,pending,pending,pending
CCU-230408-3,CCU-230408-3-S1,CCU-230408,3,1,設定開啟RV notification,通知開啟正確,index_aligned,manual_only,KW-ALIAS-SET,manual,from step splitting parser v1; prefill_v1:set_or_select,manual_only,tap,settings_button,pending,pending,pending,pending
CCU-230408-4,CCU-230408-4-S1,CCU-230408,4,1,修改battery level,手機通知收到battery level,index_aligned,unmapped,,,from step splitting parser v1,unmapped,tap,notification_permission_dialog,pending,pending,pending,pending
CCU-230408-5,CCU-230408-5-S1,CCU-230408,5,1,修改tank level,手機通知收到tank level,index_aligned,unmapped,,,from step splitting parser v1,unmapped,tap,notification_permission_dialog,pending,pending,pending,pending
CCU-230408-6,CCU-230408-6-S1,CCU-230408,6,1,修改通知週期到period,手機通知應改為週期顯示,index_aligned,unmapped,,,from step splitting parser v1,unmapped,tap,notification_permission_dialog,pending,pending,pending,pending
CCU-230408-7,CCU-230408-7-S1,CCU-230408,7,1,修改通知週期到 always,手機通知應改為 總是顯示,index_aligned,unmapped,,,from step splitting parser v1,unmapped,tap,notification_permission_dialog,pending,pending,pending,pending
CCU-230409-1,CCU-230409-1-S1,CCU-230409,1,1,麥克風LED 開啟,開啟正常 面板麥克風 LED 綠燈,index_aligned,unmapped,,,from step splitting parser v1,unmapped,tap,todo_alias,pending,pending,pending,pending
CCU-230409-2,CCU-230409-2-S1,CCU-230409,2,1,麥克風LED 關閉,面板麥克風LED 不是綠燈,index_aligned,unmapped,,,from step splitting parser v1,unmapped,tap,todo_alias,pending,pending,pending,pending
CCU-230410-1,CCU-230410-1-S1,CCU-230410,1,1,檢查預設panel auto-lock為 一 分鐘,檢查panel auto-lock為 一 分鐘,index_aligned,manual_only,KW-ALIAS-CHECK,manual,from step splitting parser v1; prefill_v1:ui_or_device_check,manual_only,assert_visible,todo_alias,pending,pending,pending,pending
CCU-230410-2,CCU-230410-2-S1,CCU-230410,2,1,調整panel auto-lock 為三分種,檢查panel auto-lock為 三 分鐘,index_aligned,unmapped,,,from step splitting parser v1,unmapped,assert_visible,todo_alias,pending,pending,pending,pending
CCU-230410-3,CCU-230410-3-S1,CCU-230410,3,1,調整panel auto-lock 為五分鐘,檢查panel auto-lock為 五 分鐘,index_aligned,unmapped,,,from step splitting parser v1,unmapped,assert_visible,todo_alias,pending,pending,pending,pending
CCU-230411-1,CCU-230411-1-S1,CCU-230411,1,1,Nickname不符合規則,提示顯示正常,index_aligned,unmapped,,,from step splitting parser v1,unmapped,tap,todo_alias,pending,pending,pending,pending
CCU-230411-2,CCU-230411-2-S1,CCU-230411,2,1,Nickname符合規則,Save按鈕顯示正常,index_aligned,unmapped,,,from step splitting parser v1,unmapped,tap,save_button,pending,pending,pending,pending
CCU-230411-3,CCU-230411-3-S1,CCU-230411,3,1,點擊Cancel,不儲存回到setting頁面,index_aligned,manual_only,KW-ALIAS-CLICK,manual,from step splitting parser v1; prefill_v1:ui_action_click,manual_only,tap,cancel_button,pending,pending,pending,pending
CCU-230411-4,CCU-230411-4-S1,CCU-230411,4,1,重新進入nickname頁面輸入符合規則,儲存正確回到setting頁面,expected_attached_to_first,unmapped,KW-ALIAS-NAVIGATION,manual,from step splitting parser v1; prefill_v2:navigation_flow,manual_only,input,save_button,pending,pending,pending,pending
CCU-230411-4,CCU-230411-4-S2,CCU-230411,4,2,點擊save,,expected_attached_to_first,unmapped,KW-ALIAS-CLICK,manual,from step splitting parser v1; prefill_v1:ui_action_click,manual_only,tap,save_button,pending,pending,pending,pending
CCU-230411-5,CCU-230411-5-S1,CCU-230411,5,1,"對panel輸入語音命令""hey power pro"" ""i'm home""",回答包含您的nickname,index_aligned,unmapped,KW-ALIAS-DEVICE-STATE,manual,from step splitting parser v1; prefill_v2:device_state,manual_only,input,home_title,pending,pending,pending,pending
CCU-230412-1,CCU-230412-1-S1,CCU-230412,1,1,檢查wifi圖示,wifi圖示顯示正常,index_aligned,manual_only,KW-ALIAS-CHECK,manual,from step splitting parser v1; prefill_v1:ui_or_device_check,manual_only,assert_visible,wifi_status_label,pending,pending,pending,pending
CCU-230412-2,CCU-230412-2-S1,CCU-230412,2,1,點擊clear/disconnect,進入ssid輸入頁面,index_aligned,manual_only,KW-ALIAS-CLICK,manual,from step splitting parser v1; prefill_v1:ui_action_click,manual_only,tap,todo_alias,pending,pending,pending,pending
CCU-230412-3,CCU-230412-3-S1,CCU-230412,3,1,點擊load last setting,先前儲存的ssid資訊,index_aligned,manual_only,KW-ALIAS-CLICK,manual,from step splitting parser v1; prefill_v1:ui_action_click,manual_only,tap,save_button,pending,pending,pending,pending
CCU-230412-4,CCU-230412-4-S1,CCU-230412,4,1,點擊setting SSID/PASSWORD,完成輸入SSID,index_aligned,manual_only,KW-ALIAS-CLICK,manual,from step splitting parser v1; prefill_v1:ui_action_click,manual_only,tap,password_field,pending,pending,pending,pending
CCU-230412-5,CCU-230412-5-S1,CCU-230412,5,1,檢查wifi圖示,wifi圖示連線顯示正常,index_aligned,manual_only,KW-ALIAS-CHECK,manual,from step splitting parser v1; prefill_v1:ui_or_device_check,manual_only,assert_visible,wifi_status_label,pending,pending,pending,pending
CCU-230413-1,CCU-230413-1-S1,CCU-230413,1,1,檢查頁面顯示,頁面顯示正常,index_aligned,manual_only,KW-ALIAS-CHECK,manual,from step splitting parser v1; prefill_v1:ui_or_device_check,manual_only,assert_visible,todo_alias,pending,pending,pending,pending
CCU-230414-1,CCU-230414-1-S1,CCU-230414,1,1,檢查software version,數值顯示正常,index_aligned,manual_only,KW-ALIAS-CHECK,manual,from step splitting parser v1; prefill_v1:ui_or_device_check,manual_only,assert_visible,todo_alias,pending,pending,pending,pending
CCU-230414-2,CCU-230414-2-S1,CCU-230414,2,1,檢查firmware version,數值顯示正常,index_aligned,manual_only,KW-ALIAS-CHECK,manual,from step splitting parser v1; prefill_v1:ui_or_device_check,manual_only,assert_visible,todo_alias,pending,pending,pending,pending
CCU-230414-3,CCU-230414-3-S1,CCU-230414,3,1,檢查IoT version,數值顯示正常,index_aligned,manual_only,KW-ALIAS-CHECK,manual,from step splitting parser v1; prefill_v1:ui_or_device_check,manual_only,assert_visible,todo_alias,pending,pending,pending,pending
CCU-230414-4,CCU-230414-4-S1,CCU-230414,4,1,檢查Panel SN,數值顯示正常,index_aligned,manual_only,KW-ALIAS-CHECK,manual,from step splitting parser v1; prefill_v1:ui_or_device_check,manual_only,assert_visible,todo_alias,pending,pending,pending,pending
CCU-230415-1,CCU-230415-1-S1,CCU-230415,1,1,檢查RV voice control instructions,顯示正常,index_aligned,manual_only,KW-ALIAS-CHECK,manual,from step splitting parser v1; prefill_v1:ui_or_device_check,manual_only,assert_visible,todo_alias,pending,pending,pending,pending
CCU-230415-2,CCU-230415-2-S1,CCU-230415,2,1,RV voice command list,顯示正常,index_aligned,unmapped,KW-ALIAS-DEVICE-STATE,manual,from step splitting parser v1; prefill_v2:device_state,manual_only,tap,todo_alias,pending,pending,pending,pending
CCU-230415-3,CCU-230415-3-S1,CCU-230415,3,1,Lights,顯示正常,index_aligned,unmapped,KW-ALIAS-DEVICE-STATE,manual,from step splitting parser v1; prefill_v2:device_state,manual_only,tap,todo_alias,pending,pending,pending,pending
CCU-230415-4,CCU-230415-4-S1,CCU-230415,4,1,Devices,顯示正常,index_aligned,unmapped,,,from step splitting parser v1,unmapped,tap,todo_alias,pending,pending,pending,pending
CCU-230415-5,CCU-230415-5-S1,CCU-230415,5,1,Modes,顯示正常,index_aligned,unmapped,,,from step splitting parser v1,unmapped,tap,todo_alias,pending,pending,pending,pending
CCU-230415-6,CCU-230415-6-S1,CCU-230415,6,1,RV status,顯示正常,index_aligned,unmapped,,,from step splitting parser v1,unmapped,tap,todo_alias,pending,pending,pending,pending
CCU-230415-7,CCU-230415-7-S1,CCU-230415,7,1,youtube link,顯示正常,index_aligned,unmapped,,,from step splitting parser v1,unmapped,tap,todo_alias,pending,pending,pending,pending
CCU-230415-8,CCU-230415-8-S1,CCU-230415,8,1,customer service number,顯示正常,index_aligned,unmapped,,,from step splitting parser v1,unmapped,tap,todo_alias,pending,pending,pending,pending
CCU-230415-9,CCU-230415-9-S1,CCU-230415,9,1,WFCO web site,顯示正常,index_aligned,unmapped,,,from step splitting parser v1,unmapped,tap,todo_alias,pending,pending,pending,pending
CCU-230416-1,CCU-230416-1-S1,CCU-230416,1,1,頁面顯示,顯示正常,index_aligned,unmapped,,,from step splitting parser v1,unmapped,tap,todo_alias,pending,pending,pending,pending
CCU-230416-2,CCU-230416-2-S1,CCU-230416,2,1,點擊edit 更改生日,修改顯示正常,index_aligned,manual_only,KW-ALIAS-CLICK,manual,from step splitting parser v1; prefill_v1:ui_action_click,manual_only,tap,todo_alias,pending,pending,pending,pending
CCU-230416-3,CCU-230416-3-S1,CCU-230416,3,1,修改email,email 修改正常,index_aligned,unmapped,KW-ALIAS-LOGIN-FLOW,manual,from step splitting parser v1; prefill_v2:login_flow,manual_only,tap,email_field,pending,pending,pending,pending
CCU-230416-4,CCU-230416-4-S1,CCU-230416,4,1,修改時鍵盤應自動出現,鍵盤顯示正常,index_aligned,unmapped,,,from step splitting parser v1,unmapped,tap,todo_alias,pending,pending,pending,pending
CCU-230416-5,CCU-230416-5-S1,CCU-230416,5,1,company invite code,顯示正常,index_aligned,unmapped,,,from step splitting parser v1,unmapped,tap,otp_field,pending,pending,pending,pending
CCU-230417-1,CCU-230417-1-S1,CCU-230417,1,1,關閉app語音命令,語音命令關閉正常,index_aligned,unmapped,KW-ALIAS-CLOSE,manual,from step splitting parser v1; prefill_v1:close_or_disable,manual_only,tap,todo_alias,pending,pending,pending,pending
CCU-230417-2,CCU-230417-2-S1,CCU-230417,2,1,"測試app語音命令""turn off all lights""",沒有任何動作,index_aligned,unmapped,KW-ALIAS-DEVICE-STATE,manual,from step splitting parser v1; prefill_v2:device_state,manual_only,tap,todo_alias,pending,pending,pending,pending
CCU-230417-3,CCU-230417-3-S1,CCU-230417,3,1,開啟app語音命令,語音命令開啟正常,index_aligned,unmapped,KW-ALIAS-OPEN,manual,from step splitting parser v1; prefill_v1:open_or_enable,manual_only,tap,todo_alias,pending,pending,pending,pending
CCU-230417-4,CCU-230417-4-S1,CCU-230417,4,1,"測試app語音命令""trun on all lights""",所有燈開啟,index_aligned,unmapped,KW-ALIAS-DEVICE-STATE,manual,from step splitting parser v1; prefill_v2:device_state,manual_only,tap,todo_alias,pending,pending,pending,pending
CCU-230421-1,CCU-230421-1-S1,CCU-230421,1,1,預設值 Device Log Sharing 為 ON,預設值為 ON 顯示正常,index_aligned,unmapped,,,from step splitting parser v1,unmapped,tap,todo_alias,pending,pending,pending,pending
CCU-230421-2,CCU-230421-2-S1,CCU-230421,2,1,讀取面板 Log,正常有收到 Log,index_aligned,unmapped,,,from step splitting parser v1,unmapped,tap,todo_alias,pending,pending,pending,pending
CCU-230421-3,CCU-230421-3-S1,CCU-230421,3,1,調整 Device Log Sharing 為 OFF,"頁面顯示為 OFF ,檢查 Log 不應該上傳到伺服器",index_aligned,unmapped,,,from step splitting parser v1,unmapped,assert_visible,todo_alias,pending,pending,pending,pending
CCU-230421-5,CCU-230421-5-S1,CCU-230421,5,1,讀取面板 Log,不會再收到 Log,index_aligned,unmapped,,,from step splitting parser v1,unmapped,tap,todo_alias,pending,pending,pending,pending
CCU-230424-1,CCU-230424-1-S1,CCU-230424,1,1,檢查版本號是不是等於測試版號,版號顯示正常,index_aligned,manual_only,KW-ALIAS-CHECK,manual,from step splitting parser v1; prefill_v1:ui_or_device_check,manual_only,assert_visible,todo_alias,pending,pending,pending,pending
CCU-230450-1,CCU-230450-1-S1,CCU-230450,1,1,檢查顯示文字,文字顯示正常,index_aligned,manual_only,KW-ALIAS-CHECK,manual,from step splitting parser v1; prefill_v1:ui_or_device_check,manual_only,assert_visible,todo_alias,pending,pending,pending,pending
CCU-230450-2,CCU-230450-2-S1,CCU-230450,2,1,點擊Disconnect,斷線功能正常,index_aligned,manual_only,KW-ALIAS-CLICK,manual,from step splitting parser v1; prefill_v1:ui_action_click,manual_only,tap,todo_alias,pending,pending,pending,pending
CCU-230451-1,CCU-230451-1-S1,CCU-230451,1,1,檢查顯示文字,文字顯示正常,index_aligned,manual_only,KW-ALIAS-CHECK,manual,from step splitting parser v1; prefill_v1:ui_or_device_check,manual_only,assert_visible,todo_alias,pending,pending,pending,pending
CCU-230451-2,CCU-230451-2-S1,CCU-230451,2,1,點擊Disconnect,斷線功能正常,index_aligned,manual_only,KW-ALIAS-CLICK,manual,from step splitting parser v1; prefill_v1:ui_action_click,manual_only,tap,todo_alias,pending,pending,pending,pending
CCU-230452-1,CCU-230452-1-S1,CCU-230452,1,1,點擊Reading Mode,所有的開啟正常 檢查完畢後 點擊關閉Master Control,index_aligned,manual_only,KW-ALIAS-CLICK,manual,from step splitting parser v1; prefill_v1:ui_action_click,manual_only,tap,todo_alias,pending,pending,pending,pending
CCU-230452-2,CCU-230452-2-S1,CCU-230452,2,1,點擊Movie Mode,燈泡開啟正常 檢查完畢後 點擊關閉Master Control,index_aligned,manual_only,KW-ALIAS-CLICK,manual,from step splitting parser v1; prefill_v1:ui_action_click,manual_only,tap,todo_alias,pending,pending,pending,pending
CCU-230452-3,CCU-230452-3-S1,CCU-230452,3,1,點擊Relaxation Mode,燈泡開啟正常 檢查完畢後 點擊關閉Master Control,index_aligned,manual_only,KW-ALIAS-CLICK,manual,from step splitting parser v1; prefill_v1:ui_action_click,manual_only,tap,todo_alias,pending,pending,pending,pending
CCU-230452-4,CCU-230452-4-S1,CCU-230452,4,1,點擊Manage Modes,Manage Mode頁面顯示正常,index_aligned,manual_only,KW-ALIAS-CLICK,manual,from step splitting parser v1; prefill_v1:ui_action_click,manual_only,tap,todo_alias,pending,pending,pending,pending
CCU-230452-5,CCU-230452-5-S1,CCU-230452,5,1,點擊Custom Mode 1,設定燈跟裝置設定為on,index_aligned,manual_only,KW-ALIAS-CLICK,manual,from step splitting parser v1; prefill_v1:ui_action_click,manual_only,tap,settings_button,pending,pending,pending,pending
CCU-230452-5,CCU-230452-5-S2,CCU-230452,5,2,點擊Custom Mode 1,save,index_aligned,manual_only,KW-ALIAS-CLICK,manual,from step splitting parser v1; prefill_v1:ui_action_click,manual_only,tap,save_button,pending,pending,pending,pending
CCU-230452-6,CCU-230452-6-S1,CCU-230452,6,1,點擊Custom Mode2,設定燈與裝置設定為on,index_aligned,manual_only,KW-ALIAS-CLICK,manual,from step splitting parser v1; prefill_v1:ui_action_click,manual_only,tap,settings_button,pending,pending,pending,pending
CCU-230452-6,CCU-230452-6-S2,CCU-230452,6,2,點擊Custom Mode2,cancel,index_aligned,manual_only,KW-ALIAS-CLICK,manual,from step splitting parser v1; prefill_v1:ui_action_click,manual_only,tap,cancel_button,pending,pending,pending,pending
CCU-230452-7,CCU-230452-7-S1,CCU-230452,7,1,確認彈出視窗,彈出視窗顯示正常,index_aligned,unmapped,KW-ALIAS-CHECK,manual,from step splitting parser v1; prefill_v1:ui_or_device_check,manual_only,assert_visible,confirm_button,pending,pending,pending,pending
CCU-230452-8,CCU-230452-8-S1,CCU-230452,8,1,點擊Discard,custom mode2 顯示為空的,index_aligned,manual_only,KW-ALIAS-CLICK,manual,from step splitting parser v1; prefill_v1:ui_action_click,manual_only,tap,todo_alias,pending,pending,pending,pending
CCU-230452-9,CCU-230452-9-S1,CCU-230452,9,1,點擊Custom Mode1,設定與步驟五相同,index_aligned,manual_only,KW-ALIAS-CLICK,manual,from step splitting parser v1; prefill_v1:ui_action_click,manual_only,tap,settings_button,pending,pending,pending,pending
CCU-230453-1,CCU-230453-1-S1,CCU-230453,1,1,檢查顯示文字,文字顯示正常,index_aligned,manual_only,KW-ALIAS-CHECK,manual,from step splitting parser v1; prefill_v1:ui_or_device_check,manual_only,assert_visible,todo_alias,pending,pending,pending,pending
CCU-230453-2,CCU-230453-2-S1,CCU-230453,2,1,點擊Disconnect,斷線功能正常,index_aligned,manual_only,KW-ALIAS-CLICK,manual,from step splitting parser v1; prefill_v1:ui_action_click,manual_only,tap,todo_alias,pending,pending,pending,pending
CCU-231999-1,CCU-231999-1-S1,CCU-231999,1,1,在 RV 頁面點擊 Zone1,出現 Zone1 調整頁面,index_aligned,unmapped,,,from step splitting parser v1,unmapped,tap,todo_alias,pending,pending,pending,pending
CCU-232016-1,CCU-232016-1-S1,CCU-232016,1,1,在 RV 頁面點擊 Zone1,出現 Zone1 調整頁面,index_aligned,unmapped,,,from step splitting parser v1,unmapped,tap,todo_alias,pending,pending,pending,pending
CCU-230656-1,CCU-230656-1-S1,CCU-230656,1,1,點選頁面 remote mode 連線,連線進入,index_aligned,unmapped,,,from step splitting parser v1,unmapped,tap,todo_alias,pending,pending,pending,pending
CCU-230656-1,CCU-230656-1-S2,CCU-230656,1,2,點擊 面板的名稱,看到主畫面,index_aligned,unmapped,KW-ALIAS-CLICK,manual,from step splitting parser v1; prefill_v1:ui_action_click,manual_only,tap,todo_alias,pending,pending,pending,pending
CCU-230656-2,CCU-230656-2-S1,CCU-230656,2,1,,,no_expected,unmapped,,,from step splitting parser v1,unmapped,tap,todo_alias,pending,pending,pending,pending
CCU-230654-1,CCU-230654-1-S1,CCU-230654,1,1,點選頁面 remote mode 連線,連線進入,index_aligned,unmapped,,,from step splitting parser v1,unmapped,tap,todo_alias,pending,pending,pending,pending
CCU-230654-1,CCU-230654-1-S2,CCU-230654,1,2,點擊 面板的名稱,看到主畫面,index_aligned,unmapped,KW-ALIAS-CLICK,manual,from step splitting parser v1; prefill_v1:ui_action_click,manual_only,tap,todo_alias,pending,pending,pending,pending
CCU-230654-2,CCU-230654-2-S1,CCU-230654,2,1,,,no_expected,unmapped,,,from step splitting parser v1,unmapped,tap,todo_alias,pending,pending,pending,pending
CCU-230655-1,CCU-230655-1-S1,CCU-230655,1,1,點選頁面 remote mode 連線,連線進入,index_aligned,unmapped,,,from step splitting parser v1,unmapped,tap,todo_alias,pending,pending,pending,pending
CCU-230655-1,CCU-230655-1-S2,CCU-230655,1,2,點擊 面板的名稱,看到主畫面,index_aligned,unmapped,KW-ALIAS-CLICK,manual,from step splitting parser v1; prefill_v1:ui_action_click,manual_only,tap,todo_alias,pending,pending,pending,pending
CCU-230655-2,CCU-230655-2-S1,CCU-230655,2,1,,,no_expected,unmapped,,,from step splitting parser v1,unmapped,tap,todo_alias,pending,pending,pending,pending
CCU-230649-1,CCU-230649-1-S1,CCU-230649,1,1,在 Settings 頁面最下面 點選 Forget RV Panel,點選 Forget RV Panel,index_aligned,unmapped,,,from step splitting parser v1,unmapped,tap,settings_button,pending,pending,pending,pending
CCU-230843-1,CCU-230843-1-S1,CCU-230843,1,1,點擊 Disconnect,返回 APP,expected_attached_to_first,unmapped,KW-ALIAS-CLICK,manual,from step splitting parser v1; prefill_v1:ui_action_click,manual_only,tap,back_button,pending,pending,pending,pending
CCU-230843-1,CCU-230843-1-S2,CCU-230843,1,2,點擊 Cancel,,expected_attached_to_first,unmapped,KW-ALIAS-CLICK,manual,from step splitting parser v1; prefill_v1:ui_action_click,manual_only,tap,cancel_button,pending,pending,pending,pending
CCU-230844-1,CCU-230844-1-S1,CCU-230844,1,1,點擊 Disconnect,APP 與面板斷線,index_aligned,unmapped,KW-ALIAS-CLICK,manual,from step splitting parser v1; prefill_v1:ui_action_click,manual_only,tap,todo_alias,pending,pending,pending,pending
CCU-230845-1,CCU-230845-1-S1,CCU-230845,1,1,點選頁面 remote mode 連線,連線進入,index_aligned,unmapped,,,from step splitting parser v1,unmapped,tap,todo_alias,pending,pending,pending,pending
CCU-230845-1,CCU-230845-1-S2,CCU-230845,1,2,點擊 面板的名稱,看到主畫面,index_aligned,unmapped,KW-ALIAS-CLICK,manual,from step splitting parser v1; prefill_v1:ui_action_click,manual_only,tap,todo_alias,pending,pending,pending,pending
CCU-230845-2,CCU-230845-2-S1,CCU-230845,2,1,,,no_expected,unmapped,,,from step splitting parser v1,unmapped,tap,todo_alias,pending,pending,pending,pending
CCU-230846-1,CCU-230846-1-S1,CCU-230846,1,1,點選頁面 remote mode 連線,連線進入,index_aligned,unmapped,,,from step splitting parser v1,unmapped,tap,todo_alias,pending,pending,pending,pending
CCU-230846-1,CCU-230846-1-S2,CCU-230846,1,2,點擊 面板的名稱,看到主畫面,index_aligned,unmapped,KW-ALIAS-CLICK,manual,from step splitting parser v1; prefill_v1:ui_action_click,manual_only,tap,todo_alias,pending,pending,pending,pending
CCU-230846-2,CCU-230846-2-S1,CCU-230846,2,1,,,no_expected,unmapped,,,from step splitting parser v1,unmapped,tap,todo_alias,pending,pending,pending,pending
CCU-230847-1,CCU-230847-1-S1,CCU-230847,1,1,點選頁面 remote mode 連線,連線進入,index_aligned,unmapped,,,from step splitting parser v1,unmapped,tap,todo_alias,pending,pending,pending,pending
CCU-230847-1,CCU-230847-1-S2,CCU-230847,1,2,點擊 面板的名稱,看到主畫面,index_aligned,unmapped,KW-ALIAS-CLICK,manual,from step splitting parser v1; prefill_v1:ui_action_click,manual_only,tap,todo_alias,pending,pending,pending,pending
CCU-230847-2,CCU-230847-2-S1,CCU-230847,2,1,,,no_expected,unmapped,,,from step splitting parser v1,unmapped,tap,todo_alias,pending,pending,pending,pending
CCU-230848-1,CCU-230848-1-S1,CCU-230848,1,1,在 Settings 頁面最下面 點選 Forget RV Panel,點選 Forget RV Panel,index_aligned,unmapped,,,from step splitting parser v1,unmapped,tap,settings_button,pending,pending,pending,pending
CCU-230849-1,CCU-230849-1-S1,CCU-230849,1,1,點擊 Disconnect,返回 APP,expected_attached_to_first,unmapped,KW-ALIAS-CLICK,manual,from step splitting parser v1; prefill_v1:ui_action_click,manual_only,tap,back_button,pending,pending,pending,pending
CCU-230849-1,CCU-230849-1-S2,CCU-230849,1,2,點擊 Cancel,,expected_attached_to_first,unmapped,KW-ALIAS-CLICK,manual,from step splitting parser v1; prefill_v1:ui_action_click,manual_only,tap,cancel_button,pending,pending,pending,pending
CCU-230850-1,CCU-230850-1-S1,CCU-230850,1,1,點擊 Disconnect,APP 與面板斷線,index_aligned,unmapped,KW-ALIAS-CLICK,manual,from step splitting parser v1; prefill_v1:ui_action_click,manual_only,tap,todo_alias,pending,pending,pending,pending
CCU-230937-1,CCU-230937-1-S1,CCU-230937,1,1,在 My RV 頁面,胎壓計正確加入,expected_attached_to_first,unmapped,,,from step splitting parser v1,unmapped,tap,todo_alias,pending,pending,pending,pending
CCU-230937-1,CCU-230937-1-S2,CCU-230937,1,2,點擊右上方的 Sensors,,expected_attached_to_first,unmapped,KW-ALIAS-CLICK,manual,from step splitting parser v1; prefill_v1:ui_action_click,manual_only,tap,todo_alias,pending,pending,pending,pending
CCU-230937-1,CCU-230937-1-S3,CCU-230937,1,3,點擊 TPMS Sensors 右邊的➕,,expected_attached_to_first,unmapped,KW-ALIAS-CLICK,manual,from step splitting parser v1; prefill_v1:ui_action_click,manual_only,tap,todo_alias,pending,pending,pending,pending
CCU-230937-1,CCU-230937-1-S4,CCU-230937,1,4,使用QR Code 或者藍牙新增,,expected_attached_to_first,unmapped,KW-ALIAS-BLUETOOTH,manual,from step splitting parser v1; prefill_v1:bluetooth_action,manual_only,tap,otp_field,pending,pending,pending,pending
CCU-230938-1,CCU-230938-1-S1,CCU-230938,1,1,在 My RV 頁面,瓦斯計正確加入,expected_attached_to_first,unmapped,,,from step splitting parser v1,unmapped,tap,todo_alias,pending,pending,pending,pending
CCU-230938-1,CCU-230938-1-S2,CCU-230938,1,2,點擊右上方的 Sensors,,expected_attached_to_first,unmapped,KW-ALIAS-CLICK,manual,from step splitting parser v1; prefill_v1:ui_action_click,manual_only,tap,todo_alias,pending,pending,pending,pending
CCU-230938-1,CCU-230938-1-S3,CCU-230938,1,3,點擊 Propane Sensors 右邊的➕,,expected_attached_to_first,unmapped,KW-ALIAS-CLICK,manual,from step splitting parser v1; prefill_v1:ui_action_click,manual_only,tap,todo_alias,pending,pending,pending,pending
CCU-230938-1,CCU-230938-1-S4,CCU-230938,1,4,點擊 MOPEKA PRO 的 SYNC,,expected_attached_to_first,unmapped,KW-ALIAS-CLICK,manual,from step splitting parser v1; prefill_v1:ui_action_click,manual_only,tap,todo_alias,pending,pending,pending,pending
CCU-230938-1,CCU-230938-1-S5,CCU-230938,1,5,點擊 Confirm,,expected_attached_to_first,unmapped,KW-ALIAS-CLICK,manual,from step splitting parser v1; prefill_v1:ui_action_click,manual_only,tap,confirm_button,pending,pending,pending,pending
CCU-230938-2,CCU-230938-2-S1,CCU-230938,2,1,test pressure,pressure change display normally,index_aligned,unmapped,KW-ALIAS-CODE-LIKE-STEP,manual,from step splitting parser v1; prefill_v2:code_like_step,manual_only,tap,otp_field,pending,pending,pending,pending
CCU-230938-3,CCU-230938-3-S1,CCU-230938,3,1,unplug device,detect device unplug normally,index_aligned,unmapped,,,from step splitting parser v1,unmapped,tap,todo_alias,pending,pending,pending,pending
CCU-230939-1,CCU-230939-1-S1,CCU-230939,1,1,在 My RV 頁面,成功配對,expected_attached_to_first,unmapped,,,from step splitting parser v1,unmapped,tap,success_message,pending,pending,pending,pending
CCU-230939-1,CCU-230939-1-S2,CCU-230939,1,2,在 Controls 分類,,expected_attached_to_first,unmapped,,,from step splitting parser v1,unmapped,tap,todo_alias,pending,pending,pending,pending
CCU-230939-1,CCU-230939-1-S3,CCU-230939,1,3,點擊 Door Lock 右邊的齒輪,,expected_attached_to_first,unmapped,KW-ALIAS-CLICK,manual,from step splitting parser v1; prefill_v1:ui_action_click,manual_only,tap,todo_alias,pending,pending,pending,pending
CCU-230939-1,CCU-230939-1-S4,CCU-230939,1,4,點擊中間的➕,,expected_attached_to_first,unmapped,KW-ALIAS-CLICK,manual,from step splitting parser v1; prefill_v1:ui_action_click,manual_only,tap,todo_alias,pending,pending,pending,pending
CCU-230939-1,CCU-230939-1-S5,CCU-230939,1,5,非IOS跳過此步驟 （掃描門鎖的QR Code),,expected_attached_to_first,unmapped,,,from step splitting parser v1,unmapped,tap,otp_field,pending,pending,pending,pending
CCU-230939-1,CCU-230939-1-S6,CCU-230939,1,6,在電子門鎖按壓 3|4，7|8，1|2，5|6,,expected_attached_to_first,unmapped,,,from step splitting parser v1,unmapped,tap,todo_alias,pending,pending,pending,pending
CCU-230939-1,CCU-230939-1-S7,CCU-230939,1,7,上述按完在電子門鎖,,expected_attached_to_first,unmapped,,,from step splitting parser v1,unmapped,tap,todo_alias,pending,pending,pending,pending
CCU-230939-1,CCU-230939-1-S8,CCU-230939,1,8,按壓1|2，7|8 進入配對,,expected_attached_to_first,unmapped,,,from step splitting parser v1,unmapped,tap,todo_alias,pending,pending,pending,pending
CCU-230939-1,CCU-230939-1-S9,CCU-230939,1,9,手機點選可配對的門鎖,,expected_attached_to_first,unmapped,,,from step splitting parser v1,unmapped,tap,todo_alias,pending,pending,pending,pending
CCU-230940-1,CCU-230940-1-S1,CCU-230940,1,1,對胎壓計施加壓力,壓力顯示正確,index_aligned,unmapped,,,from step splitting parser v1,unmapped,tap,todo_alias,pending,pending,pending,pending
CCU-230941-1,CCU-230941-1-S1,CCU-230941,1,1,查看APP,數值有顯示,index_aligned,manual_only,KW-ALIAS-CHECK,manual,from step splitting parser v1; prefill_v1:ui_or_device_check,manual_only,tap,todo_alias,pending,pending,pending,pending
CCU-230942-1,CCU-230942-1-S1,CCU-230942,1,1,點擊面板 門鎖 點擊APP 門鎖,門鎖 開啟關閉 行為正常,index_aligned,manual_only,KW-ALIAS-CLICK,manual,from step splitting parser v1; prefill_v1:ui_action_click,manual_only,tap,todo_alias,pending,pending,pending,pending
CCU-230934-1,CCU-230934-1-S1,CCU-230934,1,1,對胎壓計施加壓力,壓力顯示正確,index_aligned,unmapped,,,from step splitting parser v1,unmapped,tap,todo_alias,pending,pending,pending,pending
CCU-230935-1,CCU-230935-1-S1,CCU-230935,1,1,查看APP,數值有顯示,index_aligned,manual_only,KW-ALIAS-CHECK,manual,from step splitting parser v1; prefill_v1:ui_or_device_check,manual_only,tap,todo_alias,pending,pending,pending,pending
CCU-230936-1,CCU-230936-1-S1,CCU-230936,1,1,點擊面板 門鎖 點擊APP 門鎖,門鎖 開啟關閉 行為正常,index_aligned,manual_only,KW-ALIAS-CLICK,manual,from step splitting parser v1; prefill_v1:ui_action_click,manual_only,tap,todo_alias,pending,pending,pending,pending
CCU-230928-1,CCU-230928-1-S1,CCU-230928,1,1,在 My RV 頁面,胎壓計正確加入,expected_attached_to_first,unmapped,,,from step splitting parser v1,unmapped,tap,todo_alias,pending,pending,pending,pending
CCU-230928-1,CCU-230928-1-S2,CCU-230928,1,2,點擊右上方的 Sensors,,expected_attached_to_first,unmapped,KW-ALIAS-CLICK,manual,from step splitting parser v1; prefill_v1:ui_action_click,manual_only,tap,todo_alias,pending,pending,pending,pending
CCU-230928-1,CCU-230928-1-S3,CCU-230928,1,3,點擊 TPMS Sensors 右邊的➕,,expected_attached_to_first,unmapped,KW-ALIAS-CLICK,manual,from step splitting parser v1; prefill_v1:ui_action_click,manual_only,tap,todo_alias,pending,pending,pending,pending
CCU-230928-1,CCU-230928-1-S4,CCU-230928,1,4,使用QR Code 或者藍牙新增,,expected_attached_to_first,unmapped,KW-ALIAS-BLUETOOTH,manual,from step splitting parser v1; prefill_v1:bluetooth_action,manual_only,tap,otp_field,pending,pending,pending,pending
CCU-230929-1,CCU-230929-1-S1,CCU-230929,1,1,在 My RV 頁面,瓦斯計正確加入,expected_attached_to_first,unmapped,,,from step splitting parser v1,unmapped,tap,todo_alias,pending,pending,pending,pending
CCU-230929-1,CCU-230929-1-S2,CCU-230929,1,2,點擊右上方的 Sensors,,expected_attached_to_first,unmapped,KW-ALIAS-CLICK,manual,from step splitting parser v1; prefill_v1:ui_action_click,manual_only,tap,todo_alias,pending,pending,pending,pending
CCU-230929-1,CCU-230929-1-S3,CCU-230929,1,3,點擊 Propane Sensors 右邊的➕,,expected_attached_to_first,unmapped,KW-ALIAS-CLICK,manual,from step splitting parser v1; prefill_v1:ui_action_click,manual_only,tap,todo_alias,pending,pending,pending,pending
CCU-230929-1,CCU-230929-1-S4,CCU-230929,1,4,點擊 MOPEKA PRO 的 SYNC,,expected_attached_to_first,unmapped,KW-ALIAS-CLICK,manual,from step splitting parser v1; prefill_v1:ui_action_click,manual_only,tap,todo_alias,pending,pending,pending,pending
CCU-230929-1,CCU-230929-1-S5,CCU-230929,1,5,點擊 Confirm,,expected_attached_to_first,unmapped,KW-ALIAS-CLICK,manual,from step splitting parser v1; prefill_v1:ui_action_click,manual_only,tap,confirm_button,pending,pending,pending,pending
CCU-230929-2,CCU-230929-2-S1,CCU-230929,2,1,test pressure,pressure change display normally,index_aligned,unmapped,KW-ALIAS-CODE-LIKE-STEP,manual,from step splitting parser v1; prefill_v2:code_like_step,manual_only,tap,otp_field,pending,pending,pending,pending
CCU-230929-3,CCU-230929-3-S1,CCU-230929,3,1,unplug device,detect device unplug normally,index_aligned,unmapped,,,from step splitting parser v1,unmapped,tap,todo_alias,pending,pending,pending,pending
CCU-230930-1,CCU-230930-1-S1,CCU-230930,1,1,在 My RV 頁面,成功配對,expected_attached_to_first,unmapped,,,from step splitting parser v1,unmapped,tap,success_message,pending,pending,pending,pending
CCU-230930-1,CCU-230930-1-S2,CCU-230930,1,2,在 Controls 分類,,expected_attached_to_first,unmapped,,,from step splitting parser v1,unmapped,tap,todo_alias,pending,pending,pending,pending
CCU-230930-1,CCU-230930-1-S3,CCU-230930,1,3,點擊 Door Lock 右邊的齒輪,,expected_attached_to_first,unmapped,KW-ALIAS-CLICK,manual,from step splitting parser v1; prefill_v1:ui_action_click,manual_only,tap,todo_alias,pending,pending,pending,pending
CCU-230930-1,CCU-230930-1-S4,CCU-230930,1,4,點擊中間的➕,,expected_attached_to_first,unmapped,KW-ALIAS-CLICK,manual,from step splitting parser v1; prefill_v1:ui_action_click,manual_only,tap,todo_alias,pending,pending,pending,pending
CCU-230930-1,CCU-230930-1-S5,CCU-230930,1,5,非IOS跳過此步驟 （掃描門鎖的QR Code),,expected_attached_to_first,unmapped,,,from step splitting parser v1,unmapped,tap,otp_field,pending,pending,pending,pending
CCU-230930-1,CCU-230930-1-S6,CCU-230930,1,6,在電子門鎖按壓 3|4，7|8，1|2，5|6,,expected_attached_to_first,unmapped,,,from step splitting parser v1,unmapped,tap,todo_alias,pending,pending,pending,pending
CCU-230930-1,CCU-230930-1-S7,CCU-230930,1,7,上述按完在電子門鎖,,expected_attached_to_first,unmapped,,,from step splitting parser v1,unmapped,tap,todo_alias,pending,pending,pending,pending
CCU-230930-1,CCU-230930-1-S8,CCU-230930,1,8,按壓1|2，7|8 進入配對,,expected_attached_to_first,unmapped,,,from step splitting parser v1,unmapped,tap,todo_alias,pending,pending,pending,pending
CCU-230930-1,CCU-230930-1-S9,CCU-230930,1,9,手機點選可配對的門鎖,,expected_attached_to_first,unmapped,,,from step splitting parser v1,unmapped,tap,todo_alias,pending,pending,pending,pending
CCU-230931-1,CCU-230931-1-S1,CCU-230931,1,1,對胎壓計施加壓力,壓力顯示正確,index_aligned,unmapped,,,from step splitting parser v1,unmapped,tap,todo_alias,pending,pending,pending,pending
CCU-230932-1,CCU-230932-1-S1,CCU-230932,1,1,查看APP,數值有顯示,index_aligned,manual_only,KW-ALIAS-CHECK,manual,from step splitting parser v1; prefill_v1:ui_or_device_check,manual_only,tap,todo_alias,pending,pending,pending,pending
CCU-230933-1,CCU-230933-1-S1,CCU-230933,1,1,點擊面板 門鎖 點擊APP 門鎖,門鎖 開啟關閉 行為正常,index_aligned,manual_only,KW-ALIAS-CLICK,manual,from step splitting parser v1; prefill_v1:ui_action_click,manual_only,tap,todo_alias,pending,pending,pending,pending
CCU-230925-1,CCU-230925-1-S1,CCU-230925,1,1,對胎壓計施加壓力,壓力顯示正確,index_aligned,unmapped,,,from step splitting parser v1,unmapped,tap,todo_alias,pending,pending,pending,pending
CCU-230926-1,CCU-230926-1-S1,CCU-230926,1,1,查看APP,數值有顯示,index_aligned,manual_only,KW-ALIAS-CHECK,manual,from step splitting parser v1; prefill_v1:ui_or_device_check,manual_only,tap,todo_alias,pending,pending,pending,pending
CCU-230927-1,CCU-230927-1-S1,CCU-230927,1,1,點擊面板 門鎖 點擊APP 門鎖,門鎖 開啟關閉 行為正常,index_aligned,manual_only,KW-ALIAS-CLICK,manual,from step splitting parser v1; prefill_v1:ui_action_click,manual_only,tap,todo_alias,pending,pending,pending,pending
CCU-22-1,CCU-22-1-S1,CCU-22,1,1,在 My RV 頁面,胎壓計正確加入,expected_attached_to_first,unmapped,,,from step splitting parser v1,unmapped,tap,todo_alias,pending,pending,pending,pending
CCU-22-1,CCU-22-1-S2,CCU-22,1,2,點擊右上方的 Sensors,,expected_attached_to_first,unmapped,KW-ALIAS-CLICK,manual,from step splitting parser v1; prefill_v1:ui_action_click,manual_only,tap,todo_alias,pending,pending,pending,pending
CCU-22-1,CCU-22-1-S3,CCU-22,1,3,點擊 TPMS Sensors 右邊的➕,,expected_attached_to_first,unmapped,KW-ALIAS-CLICK,manual,from step splitting parser v1; prefill_v1:ui_action_click,manual_only,tap,todo_alias,pending,pending,pending,pending
CCU-22-1,CCU-22-1-S4,CCU-22,1,4,使用QR Code 或者藍牙新增,,expected_attached_to_first,unmapped,KW-ALIAS-BLUETOOTH,manual,from step splitting parser v1; prefill_v1:bluetooth_action,manual_only,tap,otp_field,pending,pending,pending,pending
CCU-23-1,CCU-23-1-S1,CCU-23,1,1,在 My RV 頁面,瓦斯計正確加入,expected_attached_to_first,unmapped,,,from step splitting parser v1,unmapped,tap,todo_alias,pending,pending,pending,pending
CCU-23-1,CCU-23-1-S2,CCU-23,1,2,點擊右上方的 Sensors,,expected_attached_to_first,unmapped,KW-ALIAS-CLICK,manual,from step splitting parser v1; prefill_v1:ui_action_click,manual_only,tap,todo_alias,pending,pending,pending,pending
CCU-23-1,CCU-23-1-S3,CCU-23,1,3,點擊 Propane Sensors 右邊的➕,,expected_attached_to_first,unmapped,KW-ALIAS-CLICK,manual,from step splitting parser v1; prefill_v1:ui_action_click,manual_only,tap,todo_alias,pending,pending,pending,pending
CCU-23-1,CCU-23-1-S4,CCU-23,1,4,點擊 MOPEKA PRO 的 SYNC,,expected_attached_to_first,unmapped,KW-ALIAS-CLICK,manual,from step splitting parser v1; prefill_v1:ui_action_click,manual_only,tap,todo_alias,pending,pending,pending,pending
CCU-23-1,CCU-23-1-S5,CCU-23,1,5,點擊 Confirm,,expected_attached_to_first,unmapped,KW-ALIAS-CLICK,manual,from step splitting parser v1; prefill_v1:ui_action_click,manual_only,tap,confirm_button,pending,pending,pending,pending
CCU-23-2,CCU-23-2-S1,CCU-23,2,1,test pressure,pressure change display normally,index_aligned,unmapped,KW-ALIAS-CODE-LIKE-STEP,manual,from step splitting parser v1; prefill_v2:code_like_step,manual_only,tap,otp_field,pending,pending,pending,pending
CCU-23-3,CCU-23-3-S1,CCU-23,3,1,unplug device,detect device unplug normally,index_aligned,unmapped,,,from step splitting parser v1,unmapped,tap,todo_alias,pending,pending,pending,pending
CCU-26-1,CCU-26-1-S1,CCU-26,1,1,對胎壓計施加壓力,壓力顯示正確,index_aligned,unmapped,,,from step splitting parser v1,unmapped,tap,todo_alias,pending,pending,pending,pending
CCU-27-1,CCU-27-1-S1,CCU-27,1,1,查看APP,數值有顯示,index_aligned,manual_only,KW-ALIAS-CHECK,manual,from step splitting parser v1; prefill_v1:ui_or_device_check,manual_only,tap,todo_alias,pending,pending,pending,pending
CCU-230919-1,CCU-230919-1-S1,CCU-230919,1,1,對胎壓計施加壓力,壓力顯示正確,index_aligned,unmapped,,,from step splitting parser v1,unmapped,tap,todo_alias,pending,pending,pending,pending
CCU-230920-1,CCU-230920-1-S1,CCU-230920,1,1,查看APP,數值有顯示,index_aligned,manual_only,KW-ALIAS-CHECK,manual,from step splitting parser v1; prefill_v1:ui_or_device_check,manual_only,tap,todo_alias,pending,pending,pending,pending
CCU-230662-1,CCU-230662-1-S1,CCU-230662,1,1,在 My RV 頁面,胎壓計正確加入,expected_attached_to_first,unmapped,,,from step splitting parser v1,unmapped,tap,todo_alias,pending,pending,pending,pending
CCU-230662-1,CCU-230662-1-S2,CCU-230662,1,2,點擊右上方的 Sensors,,expected_attached_to_first,unmapped,KW-ALIAS-CLICK,manual,from step splitting parser v1; prefill_v1:ui_action_click,manual_only,tap,todo_alias,pending,pending,pending,pending
CCU-230662-1,CCU-230662-1-S3,CCU-230662,1,3,點擊 TPMS Sensors 右邊的➕,,expected_attached_to_first,unmapped,KW-ALIAS-CLICK,manual,from step splitting parser v1; prefill_v1:ui_action_click,manual_only,tap,todo_alias,pending,pending,pending,pending
CCU-230662-1,CCU-230662-1-S4,CCU-230662,1,4,使用QR Code 或者藍牙新增,,expected_attached_to_first,unmapped,KW-ALIAS-BLUETOOTH,manual,from step splitting parser v1; prefill_v1:bluetooth_action,manual_only,tap,otp_field,pending,pending,pending,pending
CCU-230663-1,CCU-230663-1-S1,CCU-230663,1,1,在 My RV 頁面,瓦斯計正確加入,expected_attached_to_first,unmapped,,,from step splitting parser v1,unmapped,tap,todo_alias,pending,pending,pending,pending
CCU-230663-1,CCU-230663-1-S2,CCU-230663,1,2,點擊右上方的 Sensors,,expected_attached_to_first,unmapped,KW-ALIAS-CLICK,manual,from step splitting parser v1; prefill_v1:ui_action_click,manual_only,tap,todo_alias,pending,pending,pending,pending
CCU-230663-1,CCU-230663-1-S3,CCU-230663,1,3,點擊 Propane Sensors 右邊的➕,,expected_attached_to_first,unmapped,KW-ALIAS-CLICK,manual,from step splitting parser v1; prefill_v1:ui_action_click,manual_only,tap,todo_alias,pending,pending,pending,pending
CCU-230663-1,CCU-230663-1-S4,CCU-230663,1,4,點擊 MOPEKA PRO 的 SYNC,,expected_attached_to_first,unmapped,KW-ALIAS-CLICK,manual,from step splitting parser v1; prefill_v1:ui_action_click,manual_only,tap,todo_alias,pending,pending,pending,pending
CCU-230663-1,CCU-230663-1-S5,CCU-230663,1,5,點擊 Confirm,,expected_attached_to_first,unmapped,KW-ALIAS-CLICK,manual,from step splitting parser v1; prefill_v1:ui_action_click,manual_only,tap,confirm_button,pending,pending,pending,pending
CCU-230663-2,CCU-230663-2-S1,CCU-230663,2,1,test pressure,pressure change display normally,index_aligned,unmapped,KW-ALIAS-CODE-LIKE-STEP,manual,from step splitting parser v1; prefill_v2:code_like_step,manual_only,tap,otp_field,pending,pending,pending,pending
CCU-230663-3,CCU-230663-3-S1,CCU-230663,3,1,unplug device,detect device unplug normally,index_aligned,unmapped,,,from step splitting parser v1,unmapped,tap,todo_alias,pending,pending,pending,pending
CCU-230665-1,CCU-230665-1-S1,CCU-230665,1,1,對胎壓計施加壓力,壓力顯示正確,index_aligned,unmapped,,,from step splitting parser v1,unmapped,tap,todo_alias,pending,pending,pending,pending
CCU-230666-1,CCU-230666-1-S1,CCU-230666,1,1,查看APP,數值有顯示,index_aligned,manual_only,KW-ALIAS-CHECK,manual,from step splitting parser v1; prefill_v1:ui_or_device_check,manual_only,tap,todo_alias,pending,pending,pending,pending
CCU-230922-1,CCU-230922-1-S1,CCU-230922,1,1,對胎壓計施加壓力,壓力顯示正確,index_aligned,unmapped,,,from step splitting parser v1,unmapped,tap,todo_alias,pending,pending,pending,pending
CCU-230923-1,CCU-230923-1-S1,CCU-230923,1,1,查看APP,數值有顯示,index_aligned,manual_only,KW-ALIAS-CHECK,manual,from step splitting parser v1; prefill_v1:ui_or_device_check,manual_only,tap,todo_alias,pending,pending,pending,pending
CCU-1-1,CCU-1-1-S1,CCU-1,1,1,增加json 到app,加入正確,index_aligned,unmapped,,,from step splitting parser v1,unmapped,tap,todo_alias,pending,pending,pending,pending
CCU-1-2,CCU-1-2-S1,CCU-1,2,1,測試output,output 操作顯示正確,index_aligned,unmapped,,,from step splitting parser v1,unmapped,tap,todo_alias,pending,pending,pending,pending
CCU-1-3,CCU-1-3-S1,CCU-1,3,1,測試input,對應的output 開關正確,index_aligned,unmapped,,,from step splitting parser v1,unmapped,tap,todo_alias,pending,pending,pending,pending
CCU-2-1,CCU-2-1-S1,CCU-2,1,1,增加json到app,加入正確,index_aligned,unmapped,,,from step splitting parser v1,unmapped,tap,todo_alias,pending,pending,pending,pending
CCU-2-2,CCU-2-2-S1,CCU-2,2,1,測試output,output操作顯示正確,index_aligned,unmapped,,,from step splitting parser v1,unmapped,tap,todo_alias,pending,pending,pending,pending
CCU-2-3,CCU-2-3-S1,CCU-2,3,1,test input,related output on / off success,index_aligned,unmapped,KW-ALIAS-CODE-LIKE-STEP,manual,from step splitting parser v1; prefill_v2:code_like_step,manual_only,tap,otp_field,pending,pending,pending,pending
CCU-2-4,CCU-2-4-S1,CCU-2,4,1,,,no_expected,unmapped,,,from step splitting parser v1,unmapped,tap,todo_alias,pending,pending,pending,pending
CCU-3-1,CCU-3-1-S1,CCU-3,1,1,add json to app,setup success,index_aligned,unmapped,,,from step splitting parser v1,unmapped,tap,success_message,pending,pending,pending,pending
CCU-3-2,CCU-3-2-S1,CCU-3,2,1,test output,output display,index_aligned,unmapped,KW-ALIAS-CODE-LIKE-STEP,manual,from step splitting parser v1; prefill_v2:code_like_step,manual_only,tap,otp_field,pending,pending,pending,pending
CCU-3-2,CCU-3-2-S2,CCU-3,2,2,test output,operation success,index_aligned,unmapped,KW-ALIAS-CODE-LIKE-STEP,manual,from step splitting parser v1; prefill_v2:code_like_step,manual_only,tap,otp_field,pending,pending,pending,pending
CCU-3-3,CCU-3-3-S1,CCU-3,3,1,test input,input related output operation success,index_aligned,unmapped,KW-ALIAS-CODE-LIKE-STEP,manual,from step splitting parser v1; prefill_v2:code_like_step,manual_only,tap,otp_field,pending,pending,pending,pending
CCU-5-1,CCU-5-1-S1,CCU-5,1,1,import json to app,import success,index_aligned,unmapped,KW-ALIAS-CODE-LIKE-STEP,manual,from step splitting parser v1; prefill_v2:code_like_step,manual_only,tap,otp_field,pending,pending,pending,pending
CCU-5-2,CCU-5-2-S1,CCU-5,2,1,switch output operation,output execute normally,index_aligned,unmapped,KW-ALIAS-CODE-LIKE-STEP,manual,from step splitting parser v1; prefill_v2:code_like_step,manual_only,tap,otp_field,pending,pending,pending,pending
CCU-5-3,CCU-5-3-S1,CCU-5,3,1,manual switch input on / off,output should not work,index_aligned,unmapped,KW-ALIAS-CODE-LIKE-STEP,manual,from step splitting parser v1; prefill_v2:code_like_step,manual_only,tap,otp_field,pending,pending,pending,pending
CCU-6-1,CCU-6-1-S1,CCU-6,1,1,import json to app,import success,index_aligned,unmapped,KW-ALIAS-CODE-LIKE-STEP,manual,from step splitting parser v1; prefill_v2:code_like_step,manual_only,tap,otp_field,pending,pending,pending,pending
CCU-6-2,CCU-6-2-S1,CCU-6,2,1,switch output operation,output execute normally,index_aligned,unmapped,KW-ALIAS-CODE-LIKE-STEP,manual,from step splitting parser v1; prefill_v2:code_like_step,manual_only,tap,otp_field,pending,pending,pending,pending
CCU-6-3,CCU-6-3-S1,CCU-6,3,1,manual switch input on / off,output should not work,index_aligned,unmapped,KW-ALIAS-CODE-LIKE-STEP,manual,from step splitting parser v1; prefill_v2:code_like_step,manual_only,tap,otp_field,pending,pending,pending,pending
CCU-7-1,CCU-7-1-S1,CCU-7,1,1,import json to app,import success,index_aligned,unmapped,KW-ALIAS-CODE-LIKE-STEP,manual,from step splitting parser v1; prefill_v2:code_like_step,manual_only,tap,otp_field,pending,pending,pending,pending
CCU-7-2,CCU-7-2-S1,CCU-7,2,1,switch output operation,output execute normally,index_aligned,unmapped,KW-ALIAS-CODE-LIKE-STEP,manual,from step splitting parser v1; prefill_v2:code_like_step,manual_only,tap,otp_field,pending,pending,pending,pending
CCU-7-3,CCU-7-3-S1,CCU-7,3,1,manual switch input on / off,output work normally,index_aligned,unmapped,KW-ALIAS-CODE-LIKE-STEP,manual,from step splitting parser v1; prefill_v2:code_like_step,manual_only,tap,otp_field,pending,pending,pending,pending
CCU-8-1,CCU-8-1-S1,CCU-8,1,1,import json to app,import success,index_aligned,unmapped,KW-ALIAS-CODE-LIKE-STEP,manual,from step splitting parser v1; prefill_v2:code_like_step,manual_only,tap,otp_field,pending,pending,pending,pending
CCU-8-2,CCU-8-2-S1,CCU-8,2,1,test output,output work normally,index_aligned,unmapped,KW-ALIAS-CODE-LIKE-STEP,manual,from step splitting parser v1; prefill_v2:code_like_step,manual_only,tap,otp_field,pending,pending,pending,pending
CCU-8-3,CCU-8-3-S1,CCU-8,3,1,test input,check output work normally,index_aligned,unmapped,KW-ALIAS-CODE-LIKE-STEP,manual,from step splitting parser v1; prefill_v2:code_like_step,manual_only,tap,otp_field,pending,pending,pending,pending
CCU-9-1,CCU-9-1-S1,CCU-9,1,1,import json toapp,import success,index_aligned,unmapped,KW-ALIAS-CODE-LIKE-STEP,manual,from step splitting parser v1; prefill_v2:code_like_step,manual_only,tap,otp_field,pending,pending,pending,pending
CCU-9-2,CCU-9-2-S1,CCU-9,2,1,test output,output work normally,index_aligned,unmapped,KW-ALIAS-CODE-LIKE-STEP,manual,from step splitting parser v1; prefill_v2:code_like_step,manual_only,tap,otp_field,pending,pending,pending,pending
CCU-9-3,CCU-9-3-S1,CCU-9,3,1,test input,related output on / off success,index_aligned,unmapped,KW-ALIAS-CODE-LIKE-STEP,manual,from step splitting parser v1; prefill_v2:code_like_step,manual_only,tap,otp_field,pending,pending,pending,pending
CCU-9-4,CCU-9-4-S1,CCU-9,4,1,,,no_expected,unmapped,,,from step splitting parser v1,unmapped,tap,todo_alias,pending,pending,pending,pending
CCU-10-1,CCU-10-1-S1,CCU-10,1,1,add json to app,setup success,index_aligned,unmapped,,,from step splitting parser v1,unmapped,tap,success_message,pending,pending,pending,pending
CCU-10-2,CCU-10-2-S1,CCU-10,2,1,test output,output display,index_aligned,unmapped,KW-ALIAS-CODE-LIKE-STEP,manual,from step splitting parser v1; prefill_v2:code_like_step,manual_only,tap,otp_field,pending,pending,pending,pending
CCU-10-2,CCU-10-2-S2,CCU-10,2,2,test output,operation success,index_aligned,unmapped,KW-ALIAS-CODE-LIKE-STEP,manual,from step splitting parser v1; prefill_v2:code_like_step,manual_only,tap,otp_field,pending,pending,pending,pending
CCU-10-3,CCU-10-3-S1,CCU-10,3,1,test input,input related output operation success,index_aligned,unmapped,KW-ALIAS-CODE-LIKE-STEP,manual,from step splitting parser v1; prefill_v2:code_like_step,manual_only,tap,otp_field,pending,pending,pending,pending
CCU-12-1,CCU-12-1-S1,CCU-12,1,1,import json to app,import success,index_aligned,unmapped,KW-ALIAS-CODE-LIKE-STEP,manual,from step splitting parser v1; prefill_v2:code_like_step,manual_only,tap,otp_field,pending,pending,pending,pending
CCU-12-2,CCU-12-2-S1,CCU-12,2,1,switch output operation,output execute normally,index_aligned,unmapped,KW-ALIAS-CODE-LIKE-STEP,manual,from step splitting parser v1; prefill_v2:code_like_step,manual_only,tap,otp_field,pending,pending,pending,pending
CCU-12-3,CCU-12-3-S1,CCU-12,3,1,manual switch input on / off,output should not work,index_aligned,unmapped,KW-ALIAS-CODE-LIKE-STEP,manual,from step splitting parser v1; prefill_v2:code_like_step,manual_only,tap,otp_field,pending,pending,pending,pending
CCU-13-1,CCU-13-1-S1,CCU-13,1,1,import json to app,import success,index_aligned,unmapped,KW-ALIAS-CODE-LIKE-STEP,manual,from step splitting parser v1; prefill_v2:code_like_step,manual_only,tap,otp_field,pending,pending,pending,pending
CCU-13-2,CCU-13-2-S1,CCU-13,2,1,switch output operation,output execute normally,index_aligned,unmapped,KW-ALIAS-CODE-LIKE-STEP,manual,from step splitting parser v1; prefill_v2:code_like_step,manual_only,tap,otp_field,pending,pending,pending,pending
CCU-13-3,CCU-13-3-S1,CCU-13,3,1,manual switch input on / off,output should not work,index_aligned,unmapped,KW-ALIAS-CODE-LIKE-STEP,manual,from step splitting parser v1; prefill_v2:code_like_step,manual_only,tap,otp_field,pending,pending,pending,pending
CCU-14-1,CCU-14-1-S1,CCU-14,1,1,import json to app,import success,index_aligned,unmapped,KW-ALIAS-CODE-LIKE-STEP,manual,from step splitting parser v1; prefill_v2:code_like_step,manual_only,tap,otp_field,pending,pending,pending,pending
CCU-14-2,CCU-14-2-S1,CCU-14,2,1,switch output operation,output execute normally,index_aligned,unmapped,KW-ALIAS-CODE-LIKE-STEP,manual,from step splitting parser v1; prefill_v2:code_like_step,manual_only,tap,otp_field,pending,pending,pending,pending
CCU-14-3,CCU-14-3-S1,CCU-14,3,1,manual switch input on / off,output work normally,index_aligned,unmapped,KW-ALIAS-CODE-LIKE-STEP,manual,from step splitting parser v1; prefill_v2:code_like_step,manual_only,tap,otp_field,pending,pending,pending,pending
CCU-15-1,CCU-15-1-S1,CCU-15,1,1,import json to app,import success,index_aligned,unmapped,KW-ALIAS-CODE-LIKE-STEP,manual,from step splitting parser v1; prefill_v2:code_like_step,manual_only,tap,otp_field,pending,pending,pending,pending
CCU-15-2,CCU-15-2-S1,CCU-15,2,1,test output,output work normally,index_aligned,unmapped,KW-ALIAS-CODE-LIKE-STEP,manual,from step splitting parser v1; prefill_v2:code_like_step,manual_only,tap,otp_field,pending,pending,pending,pending
CCU-15-3,CCU-15-3-S1,CCU-15,3,1,test input,check output work normally,index_aligned,unmapped,KW-ALIAS-CODE-LIKE-STEP,manual,from step splitting parser v1; prefill_v2:code_like_step,manual_only,tap,otp_field,pending,pending,pending,pending
CCU-16-1,CCU-16-1-S1,CCU-16,1,1,import json toapp,import success,index_aligned,unmapped,KW-ALIAS-CODE-LIKE-STEP,manual,from step splitting parser v1; prefill_v2:code_like_step,manual_only,tap,otp_field,pending,pending,pending,pending
CCU-16-2,CCU-16-2-S1,CCU-16,2,1,test output,output work normally,index_aligned,unmapped,KW-ALIAS-CODE-LIKE-STEP,manual,from step splitting parser v1; prefill_v2:code_like_step,manual_only,tap,otp_field,pending,pending,pending,pending
CCU-16-3,CCU-16-3-S1,CCU-16,3,1,test input,related output on / off success,index_aligned,unmapped,KW-ALIAS-CODE-LIKE-STEP,manual,from step splitting parser v1; prefill_v2:code_like_step,manual_only,tap,otp_field,pending,pending,pending,pending
CCU-16-4,CCU-16-4-S1,CCU-16,4,1,,,no_expected,unmapped,,,from step splitting parser v1,unmapped,tap,todo_alias,pending,pending,pending,pending
CCU-17-1,CCU-17-1-S1,CCU-17,1,1,add json to app,setup success,index_aligned,unmapped,,,from step splitting parser v1,unmapped,tap,success_message,pending,pending,pending,pending
CCU-17-2,CCU-17-2-S1,CCU-17,2,1,test output,output display,index_aligned,unmapped,KW-ALIAS-CODE-LIKE-STEP,manual,from step splitting parser v1; prefill_v2:code_like_step,manual_only,tap,otp_field,pending,pending,pending,pending
CCU-17-2,CCU-17-2-S2,CCU-17,2,2,test output,operation success,index_aligned,unmapped,KW-ALIAS-CODE-LIKE-STEP,manual,from step splitting parser v1; prefill_v2:code_like_step,manual_only,tap,otp_field,pending,pending,pending,pending
CCU-17-3,CCU-17-3-S1,CCU-17,3,1,test input,input related output operation success,index_aligned,unmapped,KW-ALIAS-CODE-LIKE-STEP,manual,from step splitting parser v1; prefill_v2:code_like_step,manual_only,tap,otp_field,pending,pending,pending,pending
CCU-19-1,CCU-19-1-S1,CCU-19,1,1,import json to app,import success,index_aligned,unmapped,KW-ALIAS-CODE-LIKE-STEP,manual,from step splitting parser v1; prefill_v2:code_like_step,manual_only,tap,otp_field,pending,pending,pending,pending
CCU-19-2,CCU-19-2-S1,CCU-19,2,1,switch output operation,output execute normally,index_aligned,unmapped,KW-ALIAS-CODE-LIKE-STEP,manual,from step splitting parser v1; prefill_v2:code_like_step,manual_only,tap,otp_field,pending,pending,pending,pending
CCU-19-3,CCU-19-3-S1,CCU-19,3,1,manual switch input on / off,output should not work,index_aligned,unmapped,KW-ALIAS-CODE-LIKE-STEP,manual,from step splitting parser v1; prefill_v2:code_like_step,manual_only,tap,otp_field,pending,pending,pending,pending
CCU-20-1,CCU-20-1-S1,CCU-20,1,1,import json to app,import success,index_aligned,unmapped,KW-ALIAS-CODE-LIKE-STEP,manual,from step splitting parser v1; prefill_v2:code_like_step,manual_only,tap,otp_field,pending,pending,pending,pending
CCU-20-2,CCU-20-2-S1,CCU-20,2,1,switch output operation,output execute normally,index_aligned,unmapped,KW-ALIAS-CODE-LIKE-STEP,manual,from step splitting parser v1; prefill_v2:code_like_step,manual_only,tap,otp_field,pending,pending,pending,pending
CCU-20-3,CCU-20-3-S1,CCU-20,3,1,manual switch input on / off,output should not work,index_aligned,unmapped,KW-ALIAS-CODE-LIKE-STEP,manual,from step splitting parser v1; prefill_v2:code_like_step,manual_only,tap,otp_field,pending,pending,pending,pending
CCU-21-1,CCU-21-1-S1,CCU-21,1,1,import json to app,import success,index_aligned,unmapped,KW-ALIAS-CODE-LIKE-STEP,manual,from step splitting parser v1; prefill_v2:code_like_step,manual_only,tap,otp_field,pending,pending,pending,pending
CCU-21-2,CCU-21-2-S1,CCU-21,2,1,switch output operation,output execute normally,index_aligned,unmapped,KW-ALIAS-CODE-LIKE-STEP,manual,from step splitting parser v1; prefill_v2:code_like_step,manual_only,tap,otp_field,pending,pending,pending,pending
CCU-21-3,CCU-21-3-S1,CCU-21,3,1,manual switch input on / off,output work normally,index_aligned,unmapped,KW-ALIAS-CODE-LIKE-STEP,manual,from step splitting parser v1; prefill_v2:code_like_step,manual_only,tap,otp_field,pending,pending,pending,pending
CCU-230943-1,CCU-230943-1-S1,CCU-230943,1,1,增加json 到app,加入正確,index_aligned,unmapped,,,from step splitting parser v1,unmapped,tap,todo_alias,pending,pending,pending,pending
CCU-230943-2,CCU-230943-2-S1,CCU-230943,2,1,測試output,output 操作顯示正確,index_aligned,unmapped,,,from step splitting parser v1,unmapped,tap,todo_alias,pending,pending,pending,pending
CCU-230943-3,CCU-230943-3-S1,CCU-230943,3,1,測試input,對應的output 開關正確,index_aligned,unmapped,,,from step splitting parser v1,unmapped,tap,todo_alias,pending,pending,pending,pending
CCU-230944-1,CCU-230944-1-S1,CCU-230944,1,1,增加json到app,加入正確,index_aligned,unmapped,,,from step splitting parser v1,unmapped,tap,todo_alias,pending,pending,pending,pending
CCU-230944-2,CCU-230944-2-S1,CCU-230944,2,1,測試output,output操作顯示正確,index_aligned,unmapped,,,from step splitting parser v1,unmapped,tap,todo_alias,pending,pending,pending,pending
CCU-230944-3,CCU-230944-3-S1,CCU-230944,3,1,test input,related output on / off success,index_aligned,unmapped,KW-ALIAS-CODE-LIKE-STEP,manual,from step splitting parser v1; prefill_v2:code_like_step,manual_only,tap,otp_field,pending,pending,pending,pending
CCU-230944-4,CCU-230944-4-S1,CCU-230944,4,1,,,no_expected,unmapped,,,from step splitting parser v1,unmapped,tap,todo_alias,pending,pending,pending,pending
CCU-230945-1,CCU-230945-1-S1,CCU-230945,1,1,add json to app,setup success,index_aligned,unmapped,,,from step splitting parser v1,unmapped,tap,success_message,pending,pending,pending,pending
CCU-230945-2,CCU-230945-2-S1,CCU-230945,2,1,test output,output display,index_aligned,unmapped,KW-ALIAS-CODE-LIKE-STEP,manual,from step splitting parser v1; prefill_v2:code_like_step,manual_only,tap,otp_field,pending,pending,pending,pending
CCU-230945-2,CCU-230945-2-S2,CCU-230945,2,2,test output,operation success,index_aligned,unmapped,KW-ALIAS-CODE-LIKE-STEP,manual,from step splitting parser v1; prefill_v2:code_like_step,manual_only,tap,otp_field,pending,pending,pending,pending
CCU-230945-3,CCU-230945-3-S1,CCU-230945,3,1,test input,input related output operation success,index_aligned,unmapped,KW-ALIAS-CODE-LIKE-STEP,manual,from step splitting parser v1; prefill_v2:code_like_step,manual_only,tap,otp_field,pending,pending,pending,pending
CCU-230947-1,CCU-230947-1-S1,CCU-230947,1,1,import json to app,import success,index_aligned,unmapped,KW-ALIAS-CODE-LIKE-STEP,manual,from step splitting parser v1; prefill_v2:code_like_step,manual_only,tap,otp_field,pending,pending,pending,pending
CCU-230947-2,CCU-230947-2-S1,CCU-230947,2,1,switch output operation,output execute normally,index_aligned,unmapped,KW-ALIAS-CODE-LIKE-STEP,manual,from step splitting parser v1; prefill_v2:code_like_step,manual_only,tap,otp_field,pending,pending,pending,pending
CCU-230947-3,CCU-230947-3-S1,CCU-230947,3,1,manual switch input on / off,output should not work,index_aligned,unmapped,KW-ALIAS-CODE-LIKE-STEP,manual,from step splitting parser v1; prefill_v2:code_like_step,manual_only,tap,otp_field,pending,pending,pending,pending
CCU-230948-1,CCU-230948-1-S1,CCU-230948,1,1,import json to app,import success,index_aligned,unmapped,KW-ALIAS-CODE-LIKE-STEP,manual,from step splitting parser v1; prefill_v2:code_like_step,manual_only,tap,otp_field,pending,pending,pending,pending
CCU-230948-2,CCU-230948-2-S1,CCU-230948,2,1,switch output operation,output execute normally,index_aligned,unmapped,KW-ALIAS-CODE-LIKE-STEP,manual,from step splitting parser v1; prefill_v2:code_like_step,manual_only,tap,otp_field,pending,pending,pending,pending
CCU-230948-3,CCU-230948-3-S1,CCU-230948,3,1,manual switch input on / off,output should not work,index_aligned,unmapped,KW-ALIAS-CODE-LIKE-STEP,manual,from step splitting parser v1; prefill_v2:code_like_step,manual_only,tap,otp_field,pending,pending,pending,pending
CCU-230949-1,CCU-230949-1-S1,CCU-230949,1,1,import json to app,import success,index_aligned,unmapped,KW-ALIAS-CODE-LIKE-STEP,manual,from step splitting parser v1; prefill_v2:code_like_step,manual_only,tap,otp_field,pending,pending,pending,pending
CCU-230949-2,CCU-230949-2-S1,CCU-230949,2,1,switch output operation,output execute normally,index_aligned,unmapped,KW-ALIAS-CODE-LIKE-STEP,manual,from step splitting parser v1; prefill_v2:code_like_step,manual_only,tap,otp_field,pending,pending,pending,pending
CCU-230949-3,CCU-230949-3-S1,CCU-230949,3,1,manual switch input on / off,output work normally,index_aligned,unmapped,KW-ALIAS-CODE-LIKE-STEP,manual,from step splitting parser v1; prefill_v2:code_like_step,manual_only,tap,otp_field,pending,pending,pending,pending
CCU-230950-1,CCU-230950-1-S1,CCU-230950,1,1,import json to app,import success,index_aligned,unmapped,KW-ALIAS-CODE-LIKE-STEP,manual,from step splitting parser v1; prefill_v2:code_like_step,manual_only,tap,otp_field,pending,pending,pending,pending
CCU-230950-2,CCU-230950-2-S1,CCU-230950,2,1,test output,output work normally,index_aligned,unmapped,KW-ALIAS-CODE-LIKE-STEP,manual,from step splitting parser v1; prefill_v2:code_like_step,manual_only,tap,otp_field,pending,pending,pending,pending
CCU-230950-3,CCU-230950-3-S1,CCU-230950,3,1,test input,check output work normally,index_aligned,unmapped,KW-ALIAS-CODE-LIKE-STEP,manual,from step splitting parser v1; prefill_v2:code_like_step,manual_only,tap,otp_field,pending,pending,pending,pending
CCU-230951-1,CCU-230951-1-S1,CCU-230951,1,1,import json toapp,import success,index_aligned,unmapped,KW-ALIAS-CODE-LIKE-STEP,manual,from step splitting parser v1; prefill_v2:code_like_step,manual_only,tap,otp_field,pending,pending,pending,pending
CCU-230951-2,CCU-230951-2-S1,CCU-230951,2,1,test output,output work normally,index_aligned,unmapped,KW-ALIAS-CODE-LIKE-STEP,manual,from step splitting parser v1; prefill_v2:code_like_step,manual_only,tap,otp_field,pending,pending,pending,pending
CCU-230951-3,CCU-230951-3-S1,CCU-230951,3,1,test input,related output on / off success,index_aligned,unmapped,KW-ALIAS-CODE-LIKE-STEP,manual,from step splitting parser v1; prefill_v2:code_like_step,manual_only,tap,otp_field,pending,pending,pending,pending
CCU-230951-4,CCU-230951-4-S1,CCU-230951,4,1,,,no_expected,unmapped,,,from step splitting parser v1,unmapped,tap,todo_alias,pending,pending,pending,pending
CCU-230952-1,CCU-230952-1-S1,CCU-230952,1,1,add json to app,setup success,index_aligned,unmapped,,,from step splitting parser v1,unmapped,tap,success_message,pending,pending,pending,pending
CCU-230952-2,CCU-230952-2-S1,CCU-230952,2,1,test output,output display,index_aligned,unmapped,KW-ALIAS-CODE-LIKE-STEP,manual,from step splitting parser v1; prefill_v2:code_like_step,manual_only,tap,otp_field,pending,pending,pending,pending
CCU-230952-2,CCU-230952-2-S2,CCU-230952,2,2,test output,operation success,index_aligned,unmapped,KW-ALIAS-CODE-LIKE-STEP,manual,from step splitting parser v1; prefill_v2:code_like_step,manual_only,tap,otp_field,pending,pending,pending,pending
CCU-230952-3,CCU-230952-3-S1,CCU-230952,3,1,test input,input related output operation success,index_aligned,unmapped,KW-ALIAS-CODE-LIKE-STEP,manual,from step splitting parser v1; prefill_v2:code_like_step,manual_only,tap,otp_field,pending,pending,pending,pending
CCU-230954-1,CCU-230954-1-S1,CCU-230954,1,1,import json to app,import success,index_aligned,unmapped,KW-ALIAS-CODE-LIKE-STEP,manual,from step splitting parser v1; prefill_v2:code_like_step,manual_only,tap,otp_field,pending,pending,pending,pending
CCU-230954-2,CCU-230954-2-S1,CCU-230954,2,1,switch output operation,output execute normally,index_aligned,unmapped,KW-ALIAS-CODE-LIKE-STEP,manual,from step splitting parser v1; prefill_v2:code_like_step,manual_only,tap,otp_field,pending,pending,pending,pending
CCU-230954-3,CCU-230954-3-S1,CCU-230954,3,1,manual switch input on / off,output should not work,index_aligned,unmapped,KW-ALIAS-CODE-LIKE-STEP,manual,from step splitting parser v1; prefill_v2:code_like_step,manual_only,tap,otp_field,pending,pending,pending,pending
CCU-230955-1,CCU-230955-1-S1,CCU-230955,1,1,import json to app,import success,index_aligned,unmapped,KW-ALIAS-CODE-LIKE-STEP,manual,from step splitting parser v1; prefill_v2:code_like_step,manual_only,tap,otp_field,pending,pending,pending,pending
CCU-230955-2,CCU-230955-2-S1,CCU-230955,2,1,switch output operation,output execute normally,index_aligned,unmapped,KW-ALIAS-CODE-LIKE-STEP,manual,from step splitting parser v1; prefill_v2:code_like_step,manual_only,tap,otp_field,pending,pending,pending,pending
CCU-230955-3,CCU-230955-3-S1,CCU-230955,3,1,manual switch input on / off,output should not work,index_aligned,unmapped,KW-ALIAS-CODE-LIKE-STEP,manual,from step splitting parser v1; prefill_v2:code_like_step,manual_only,tap,otp_field,pending,pending,pending,pending
CCU-230956-1,CCU-230956-1-S1,CCU-230956,1,1,import json to app,import success,index_aligned,unmapped,KW-ALIAS-CODE-LIKE-STEP,manual,from step splitting parser v1; prefill_v2:code_like_step,manual_only,tap,otp_field,pending,pending,pending,pending
CCU-230956-2,CCU-230956-2-S1,CCU-230956,2,1,switch output operation,output execute normally,index_aligned,unmapped,KW-ALIAS-CODE-LIKE-STEP,manual,from step splitting parser v1; prefill_v2:code_like_step,manual_only,tap,otp_field,pending,pending,pending,pending
CCU-230956-3,CCU-230956-3-S1,CCU-230956,3,1,manual switch input on / off,output work normally,index_aligned,unmapped,KW-ALIAS-CODE-LIKE-STEP,manual,from step splitting parser v1; prefill_v2:code_like_step,manual_only,tap,otp_field,pending,pending,pending,pending
CCU-230957-1,CCU-230957-1-S1,CCU-230957,1,1,import json to app,import success,index_aligned,unmapped,KW-ALIAS-CODE-LIKE-STEP,manual,from step splitting parser v1; prefill_v2:code_like_step,manual_only,tap,otp_field,pending,pending,pending,pending
CCU-230957-2,CCU-230957-2-S1,CCU-230957,2,1,test output,output work normally,index_aligned,unmapped,KW-ALIAS-CODE-LIKE-STEP,manual,from step splitting parser v1; prefill_v2:code_like_step,manual_only,tap,otp_field,pending,pending,pending,pending
CCU-230957-3,CCU-230957-3-S1,CCU-230957,3,1,test input,check output work normally,index_aligned,unmapped,KW-ALIAS-CODE-LIKE-STEP,manual,from step splitting parser v1; prefill_v2:code_like_step,manual_only,tap,otp_field,pending,pending,pending,pending
CCU-230958-1,CCU-230958-1-S1,CCU-230958,1,1,import json toapp,import success,index_aligned,unmapped,KW-ALIAS-CODE-LIKE-STEP,manual,from step splitting parser v1; prefill_v2:code_like_step,manual_only,tap,otp_field,pending,pending,pending,pending
CCU-230958-2,CCU-230958-2-S1,CCU-230958,2,1,test output,output work normally,index_aligned,unmapped,KW-ALIAS-CODE-LIKE-STEP,manual,from step splitting parser v1; prefill_v2:code_like_step,manual_only,tap,otp_field,pending,pending,pending,pending
CCU-230958-3,CCU-230958-3-S1,CCU-230958,3,1,test input,related output on / off success,index_aligned,unmapped,KW-ALIAS-CODE-LIKE-STEP,manual,from step splitting parser v1; prefill_v2:code_like_step,manual_only,tap,otp_field,pending,pending,pending,pending
CCU-230958-4,CCU-230958-4-S1,CCU-230958,4,1,,,no_expected,unmapped,,,from step splitting parser v1,unmapped,tap,todo_alias,pending,pending,pending,pending
CCU-230959-1,CCU-230959-1-S1,CCU-230959,1,1,add json to app,setup success,index_aligned,unmapped,,,from step splitting parser v1,unmapped,tap,success_message,pending,pending,pending,pending
CCU-230959-2,CCU-230959-2-S1,CCU-230959,2,1,test output,output display,index_aligned,unmapped,KW-ALIAS-CODE-LIKE-STEP,manual,from step splitting parser v1; prefill_v2:code_like_step,manual_only,tap,otp_field,pending,pending,pending,pending
CCU-230959-2,CCU-230959-2-S2,CCU-230959,2,2,test output,operation success,index_aligned,unmapped,KW-ALIAS-CODE-LIKE-STEP,manual,from step splitting parser v1; prefill_v2:code_like_step,manual_only,tap,otp_field,pending,pending,pending,pending
CCU-230959-3,CCU-230959-3-S1,CCU-230959,3,1,test input,input related output operation success,index_aligned,unmapped,KW-ALIAS-CODE-LIKE-STEP,manual,from step splitting parser v1; prefill_v2:code_like_step,manual_only,tap,otp_field,pending,pending,pending,pending
CCU-230961-1,CCU-230961-1-S1,CCU-230961,1,1,import json to app,import success,index_aligned,unmapped,KW-ALIAS-CODE-LIKE-STEP,manual,from step splitting parser v1; prefill_v2:code_like_step,manual_only,tap,otp_field,pending,pending,pending,pending
CCU-230961-2,CCU-230961-2-S1,CCU-230961,2,1,switch output operation,output execute normally,index_aligned,unmapped,KW-ALIAS-CODE-LIKE-STEP,manual,from step splitting parser v1; prefill_v2:code_like_step,manual_only,tap,otp_field,pending,pending,pending,pending
CCU-230961-3,CCU-230961-3-S1,CCU-230961,3,1,manual switch input on / off,output should not work,index_aligned,unmapped,KW-ALIAS-CODE-LIKE-STEP,manual,from step splitting parser v1; prefill_v2:code_like_step,manual_only,tap,otp_field,pending,pending,pending,pending
CCU-230962-1,CCU-230962-1-S1,CCU-230962,1,1,import json to app,import success,index_aligned,unmapped,KW-ALIAS-CODE-LIKE-STEP,manual,from step splitting parser v1; prefill_v2:code_like_step,manual_only,tap,otp_field,pending,pending,pending,pending
CCU-230962-2,CCU-230962-2-S1,CCU-230962,2,1,switch output operation,output execute normally,index_aligned,unmapped,KW-ALIAS-CODE-LIKE-STEP,manual,from step splitting parser v1; prefill_v2:code_like_step,manual_only,tap,otp_field,pending,pending,pending,pending
CCU-230962-3,CCU-230962-3-S1,CCU-230962,3,1,manual switch input on / off,output should not work,index_aligned,unmapped,KW-ALIAS-CODE-LIKE-STEP,manual,from step splitting parser v1; prefill_v2:code_like_step,manual_only,tap,otp_field,pending,pending,pending,pending
CCU-230963-1,CCU-230963-1-S1,CCU-230963,1,1,import json to app,import success,index_aligned,unmapped,KW-ALIAS-CODE-LIKE-STEP,manual,from step splitting parser v1; prefill_v2:code_like_step,manual_only,tap,otp_field,pending,pending,pending,pending
CCU-230963-2,CCU-230963-2-S1,CCU-230963,2,1,switch output operation,output execute normally,index_aligned,unmapped,KW-ALIAS-CODE-LIKE-STEP,manual,from step splitting parser v1; prefill_v2:code_like_step,manual_only,tap,otp_field,pending,pending,pending,pending
CCU-230963-3,CCU-230963-3-S1,CCU-230963,3,1,manual switch input on / off,output work normally,index_aligned,unmapped,KW-ALIAS-CODE-LIKE-STEP,manual,from step splitting parser v1; prefill_v2:code_like_step,manual_only,tap,otp_field,pending,pending,pending,pending
CCU-230485-1,CCU-230485-1-S1,CCU-230485,1,1,步驟 1:,測試通過,expected_attached_to_first,unmapped,,,from step splitting parser v1,unmapped,tap,todo_alias,pending,pending,pending,pending
CCU-230485-1,CCU-230485-1-S2,CCU-230485,1,2,開啟 HVAC,,expected_attached_to_first,unmapped,KW-ALIAS-OPEN,manual,from step splitting parser v1; prefill_v1:open_or_enable,manual_only,tap,todo_alias,pending,pending,pending,pending
CCU-230485-1,CCU-230485-1-S3,CCU-230485,1,3,關閉 HVAC,,expected_attached_to_first,unmapped,KW-ALIAS-CLOSE,manual,from step splitting parser v1; prefill_v1:close_or_disable,manual_only,tap,todo_alias,pending,pending,pending,pending
CCU-230485-1,CCU-230485-1-S4,CCU-230485,1,4,隔天看HVAC Bug#1116 | 預期結果: 沒有開啟HVAC,,expected_attached_to_first,unmapped,,,from step splitting parser v1,unmapped,tap,todo_alias,pending,pending,pending,pending
CCU-230549-1,CCU-230549-1-S1,CCU-230549,1,1,步驟 1:,測試通過,expected_attached_to_first,unmapped,,,from step splitting parser v1,unmapped,tap,todo_alias,pending,pending,pending,pending
CCU-230549-1,CCU-230549-1-S2,CCU-230549,1,2,手機連上藍牙，WIFI設定好,,expected_attached_to_first,unmapped,KW-ALIAS-BLUETOOTH,manual,from step splitting parser v1; prefill_v1:bluetooth_action,manual_only,tap,wifi_status_label,pending,pending,pending,pending
CCU-230549-1,CCU-230549-1-S3,CCU-230549,1,3,在My RV 頁面,,expected_attached_to_first,unmapped,,,from step splitting parser v1,unmapped,tap,todo_alias,pending,pending,pending,pending
CCU-230549-1,CCU-230549-1-S4,CCU-230549,1,4,在 Controls分類 點選Door Lock 右上角齒輪（設定）,,expected_attached_to_first,unmapped,,,from step splitting parser v1,unmapped,tap,settings_button,pending,pending,pending,pending
CCU-230549-1,CCU-230549-1-S5,CCU-230549,1,5,配對好門鎖,,expected_attached_to_first,unmapped,,,from step splitting parser v1,unmapped,tap,todo_alias,pending,pending,pending,pending
CCU-230549-1,CCU-230549-1-S6,CCU-230549,1,6,點選面板DOOR LOCK,,expected_attached_to_first,unmapped,,,from step splitting parser v1,unmapped,tap,todo_alias,pending,pending,pending,pending
CCU-230549-1,CCU-230549-1-S7,CCU-230549,1,7,放置隔天再試試看DOOR LOCK Bub#1165 | 預期結果: 面板與門鎖動作是同步的 查看隔天是否與上述相同,,expected_attached_to_first,unmapped,,,from step splitting parser v1,unmapped,tap,todo_alias,pending,pending,pending,pending
CCU-230548-1,CCU-230548-1-S1,CCU-230548,1,1,步驟 1:,測試通過,expected_attached_to_first,unmapped,,,from step splitting parser v1,unmapped,tap,todo_alias,pending,pending,pending,pending
CCU-230548-1,CCU-230548-1-S2,CCU-230548,1,2,手機藍牙登入設置好WIFI,,expected_attached_to_first,unmapped,KW-ALIAS-BLUETOOTH,manual,from step splitting parser v1; prefill_v1:bluetooth_action,manual_only,tap,login_button,pending,pending,pending,pending
CCU-230548-1,CCU-230548-1-S3,CCU-230548,1,3,確認WIFI燈恆亮,,expected_attached_to_first,unmapped,KW-ALIAS-CHECK,manual,from step splitting parser v1; prefill_v1:ui_or_device_check,manual_only,assert_visible,confirm_button,pending,pending,pending,pending
CCU-230548-1,CCU-230548-1-S4,CCU-230548,1,4,放置三天後檢查 Bug#1215 | 預期結果: WIFI燈恆亮,,expected_attached_to_first,unmapped,KW-ALIAS-WIFI,manual,from step splitting parser v1; prefill_v1:wifi_action,manual_only,assert_visible,wifi_status_label,pending,pending,pending,pending
CCU-230530-1,CCU-230530-1-S1,CCU-230530,1,1,步驟 1:,測試通過,expected_attached_to_first,unmapped,,,from step splitting parser v1,unmapped,tap,todo_alias,pending,pending,pending,pending
CCU-230530-1,CCU-230530-1-S2,CCU-230530,1,2,開機後LCD點開版本確認無誤,,expected_attached_to_first,unmapped,KW-ALIAS-DEVICE-STATE,manual,from step splitting parser v1; prefill_v2:device_state,manual_only,assert_visible,confirm_button,pending,pending,pending,pending
CCU-230530-1,CCU-230530-1-S3,CCU-230530,1,3,放置隔夜 Bug#1269 | 預期結果: LCD會自動進入休眠狀態,,expected_attached_to_first,unmapped,KW-ALIAS-DEVICE-STATE,manual,from step splitting parser v1; prefill_v2:device_state,manual_only,tap,todo_alias,pending,pending,pending,pending
CCU-199-1,CCU-199-1-S1,CCU-199,1,1,連續點擊Light1~Light3開關,Iot 面板顯示燈號如自己點擊順序開或關,index_aligned,unmapped,KW-ALIAS-DEVICE-STATE,manual,from step splitting parser v1; prefill_v2:device_state,manual_only,tap,todo_alias,pending,pending,pending,pending
CCU-199-2,CCU-199-2-S1,CCU-199,2,1,放置過夜(下班前設置好）,放置過夜完成,index_aligned,unmapped,KW-ALIAS-WAIT,manual,from step splitting parser v1; prefill_v1:wait_or_timing,manual_only,wait,success_message,pending,pending,pending,pending
CCU-199-3,CCU-199-3-S1,CCU-199,3,1,"重複 1, 2, 3",IOT 面板顯示如同點擊順序開或關,index_aligned,unmapped,,,from step splitting parser v1,unmapped,tap,todo_alias,pending,pending,pending,pending
CCU-199-4,CCU-199-4-S1,CCU-199,4,1,等待過夜,每日到公司 檢查,index_aligned,unmapped,KW-ALIAS-WAIT,manual,from step splitting parser v1; prefill_v1:wait_or_timing,manual_only,assert_visible,todo_alias,pending,pending,pending,pending
CCU-230623-1,CCU-230623-1-S1,CCU-230623,1,1,步驟 1: 隔夜後使用語音測試 及 APP 連線 Bug#1311 | 預期結果: 正常都可使用,測試通過,index_aligned,unmapped,KW-ALIAS-DEVICE-STATE,manual,from step splitting parser v1; prefill_v2:device_state,manual_only,tap,todo_alias,pending,pending,pending,pending
CCU-230676-1,CCU-230676-1-S1,CCU-230676,1,1,步驟 1:,測試通過,expected_attached_to_first,unmapped,,,from step splitting parser v1,unmapped,tap,todo_alias,pending,pending,pending,pending
CCU-230676-1,CCU-230676-1-S2,CCU-230676,1,2,"手機操作：Anduion 手機（已連上藍牙,設定好WiFi,藍牙門鎖）",,expected_attached_to_first,unmapped,KW-ALIAS-BLUETOOTH,manual,from step splitting parser v1; prefill_v1:bluetooth_action,manual_only,tap,wifi_status_label,pending,pending,pending,pending
CCU-230676-1,CCU-230676-1-S3,CCU-230676,1,3,放置隔夜,,expected_attached_to_first,unmapped,,,from step splitting parser v1,unmapped,tap,todo_alias,pending,pending,pending,pending
CCU-230676-1,CCU-230676-1-S4,CCU-230676,1,4,隔夜後：長按藍牙按鈕（直到閃白燈） Bug#1604 | 預期結果: 清除藍牙配對,,expected_attached_to_first,unmapped,KW-ALIAS-BLUETOOTH,manual,from step splitting parser v1; prefill_v1:bluetooth_action,manual_only,tap,bluetooth_status_label,pending,pending,pending,pending
CCU-231145-1,CCU-231145-1-S1,CCU-231145,1,1,步驟 1:,測試通過,expected_attached_to_first,unmapped,,,from step splitting parser v1,unmapped,tap,todo_alias,pending,pending,pending,pending
CCU-231145-1,CCU-231145-1-S2,CCU-231145,1,2,手機 (已連接藍牙，已連接WiFi ),,expected_attached_to_first,unmapped,KW-ALIAS-BLUETOOTH,manual,from step splitting parser v1; prefill_v1:bluetooth_action,manual_only,tap,wifi_status_label,pending,pending,pending,pending
CCU-231145-1,CCU-231145-1-S3,CCU-231145,1,3,Light1~Light8 開啟 ( Master Control [ ON ] ),,expected_attached_to_first,unmapped,KW-ALIAS-DEVICE-STATE,manual,from step splitting parser v1; prefill_v2:device_state,manual_only,tap,todo_alias,pending,pending,pending,pending
CCU-231145-1,CCU-231145-1-S4,CCU-231145,1,4,Light1~Light8 關閉 ( Master Control [ OFF ] ),,expected_attached_to_first,unmapped,KW-ALIAS-DEVICE-STATE,manual,from step splitting parser v1; prefill_v2:device_state,manual_only,tap,todo_alias,pending,pending,pending,pending
CCU-231145-1,CCU-231145-1-S5,CCU-231145,1,5,放置過夜 [ 隔夜 (1日) ] Bug#1788 | 預期結果: Master Control 沒有提示亮燈,,expected_attached_to_first,unmapped,KW-ALIAS-WAIT,manual,from step splitting parser v1; prefill_v1:wait_or_timing,manual_only,wait,todo_alias,pending,pending,pending,pending
CCU-231146-1,CCU-231146-1-S1,CCU-231146,1,1,步驟 1:,測試通過,expected_attached_to_first,unmapped,,,from step splitting parser v1,unmapped,tap,todo_alias,pending,pending,pending,pending
CCU-231146-1,CCU-231146-1-S2,CCU-231146,1,2,手機 (已連接藍牙，已連接WiFi ),,expected_attached_to_first,unmapped,KW-ALIAS-BLUETOOTH,manual,from step splitting parser v1; prefill_v1:bluetooth_action,manual_only,tap,wifi_status_label,pending,pending,pending,pending
CCU-231146-1,CCU-231146-1-S3,CCU-231146,1,3,放置過夜 [ 隔夜 (1日) ] Bug#1787 | 預期結果: 面板正常無閃爍,,expected_attached_to_first,unmapped,KW-ALIAS-WAIT,manual,from step splitting parser v1; prefill_v1:wait_or_timing,manual_only,wait,todo_alias,pending,pending,pending,pending
CCU-231147-1,CCU-231147-1-S1,CCU-231147,1,1,步驟 1:,測試通過,expected_attached_to_first,unmapped,,,from step splitting parser v1,unmapped,tap,todo_alias,pending,pending,pending,pending
CCU-231147-1,CCU-231147-1-S2,CCU-231147,1,2,手機 (已連接藍牙，已連接WiFi ),,expected_attached_to_first,unmapped,KW-ALIAS-BLUETOOTH,manual,from step splitting parser v1; prefill_v1:bluetooth_action,manual_only,tap,wifi_status_label,pending,pending,pending,pending
CCU-231147-1,CCU-231147-1-S3,CCU-231147,1,3,放置過夜 [ 隔夜 (1日) ] Bug#1789 | 預期結果: Tank Heater 不會自動亮啟,,expected_attached_to_first,unmapped,KW-ALIAS-WAIT,manual,from step splitting parser v1; prefill_v1:wait_or_timing,manual_only,wait,todo_alias,pending,pending,pending,pending
CCU-231148-1,CCU-231148-1-S1,CCU-231148,1,1,步驟 1:,測試通過,expected_attached_to_first,unmapped,,,from step splitting parser v1,unmapped,tap,todo_alias,pending,pending,pending,pending
CCU-231148-1,CCU-231148-1-S2,CCU-231148,1,2,手機 (已連接藍牙，已連接WiFi ),,expected_attached_to_first,unmapped,KW-ALIAS-BLUETOOTH,manual,from step splitting parser v1; prefill_v1:bluetooth_action,manual_only,tap,wifi_status_label,pending,pending,pending,pending
CCU-231148-1,CCU-231148-1-S3,CCU-231148,1,3,放置過夜 [ 隔夜 ( 2日) ],,expected_attached_to_first,unmapped,KW-ALIAS-WAIT,manual,from step splitting parser v1; prefill_v1:wait_or_timing,manual_only,wait,todo_alias,pending,pending,pending,pending
CCU-231148-1,CCU-231148-1-S4,CCU-231148,1,4,使用語音 Hey power pro ， Off Grid Mode Bug#1818 | 預期結果: 將燈光亮度降低至 50% 關閉水泵 ( Water Pump ) 關閉熱水器 ( Water Heater ) 關閉空調 ( Climate control ) 關閉油箱 ( Tank pads ),,expected_attached_to_first,unmapped,KW-ALIAS-DEVICE-STATE,manual,from step splitting parser v1; prefill_v2:device_state,manual_only,tap,todo_alias,pending,pending,pending,pending
CCU-231655-1,CCU-231655-1-S1,CCU-231655,1,1,步驟 1:,測試通過,expected_attached_to_first,unmapped,,,from step splitting parser v1,unmapped,tap,todo_alias,pending,pending,pending,pending
CCU-231655-1,CCU-231655-1-S2,CCU-231655,1,2,手機 (已連接藍牙，已連接WiFi ),,expected_attached_to_first,unmapped,KW-ALIAS-BLUETOOTH,manual,from step splitting parser v1; prefill_v1:bluetooth_action,manual_only,tap,wifi_status_label,pending,pending,pending,pending
CCU-231655-1,CCU-231655-1-S3,CCU-231655,1,3,Light1 ~ Light8 開燈,,expected_attached_to_first,unmapped,KW-ALIAS-DEVICE-STATE,manual,from step splitting parser v1; prefill_v2:device_state,manual_only,tap,todo_alias,pending,pending,pending,pending
CCU-231655-1,CCU-231655-1-S4,CCU-231655,1,4,Light1 ~ Light8 關燈,,expected_attached_to_first,unmapped,KW-ALIAS-DEVICE-STATE,manual,from step splitting parser v1; prefill_v2:device_state,manual_only,tap,todo_alias,pending,pending,pending,pending
CCU-231655-1,CCU-231655-1-S5,CCU-231655,1,5,放置過夜 [ 隔夜 ( 2日) ] Bug#1850 | 預期結果: APP 與面板同步,,expected_attached_to_first,unmapped,KW-ALIAS-WAIT,manual,from step splitting parser v1; prefill_v1:wait_or_timing,manual_only,wait,todo_alias,pending,pending,pending,pending
CCU-230615-1,CCU-230615-1-S1,CCU-230615,1,1,步驟 1:,測試通過,expected_attached_to_first,unmapped,,,from step splitting parser v1,unmapped,tap,todo_alias,pending,pending,pending,pending
CCU-230615-1,CCU-230615-1-S2,CCU-230615,1,2,LCD 選擇 Zone2,,expected_attached_to_first,unmapped,KW-ALIAS-DEVICE-STATE,manual,from step splitting parser v1; prefill_v2:device_state,manual_only,tap,todo_alias,pending,pending,pending,pending
CCU-230615-1,CCU-230615-1-S3,CCU-230615,1,3,開啟 Mode : HEAT FAN : AUTO,,expected_attached_to_first,unmapped,KW-ALIAS-OPEN,manual,from step splitting parser v1; prefill_v1:open_or_enable,manual_only,tap,todo_alias,pending,pending,pending,pending
CCU-230615-1,CCU-230615-1-S4,CCU-230615,1,4,點選 Options,,expected_attached_to_first,unmapped,,,from step splitting parser v1,unmapped,tap,todo_alias,pending,pending,pending,pending
CCU-230615-1,CCU-230615-1-S5,CCU-230615,1,5,點選 Config,,expected_attached_to_first,unmapped,,,from step splitting parser v1,unmapped,tap,todo_alias,pending,pending,pending,pending
CCU-230615-1,CCU-230615-1-S6,CCU-230615,1,6,設定 Zone2 : Disable,,expected_attached_to_first,unmapped,KW-ALIAS-SET,manual,from step splitting parser v1; prefill_v1:set_or_select,manual_only,tap,settings_button,pending,pending,pending,pending
CCU-230615-1,CCU-230615-1-S7,CCU-230615,1,7,回到主頁查看 | 預期結果: Zone2 消失，Zone2 輸出關閉,,expected_attached_to_first,unmapped,KW-ALIAS-NAVIGATION,manual,from step splitting parser v1; prefill_v2:navigation_flow,manual_only,tap,todo_alias,pending,pending,pending,pending
CCU-230507-1,CCU-230507-1-S1,CCU-230507,1,1,步驟 1:,測試通過,expected_attached_to_first,unmapped,,,from step splitting parser v1,unmapped,tap,todo_alias,pending,pending,pending,pending
CCU-230507-1,CCU-230507-1-S2,CCU-230507,1,2,手機（已連上藍牙）,,expected_attached_to_first,unmapped,KW-ALIAS-BLUETOOTH,manual,from step splitting parser v1; prefill_v1:bluetooth_action,manual_only,tap,bluetooth_status_label,pending,pending,pending,pending
CCU-230507-1,CCU-230507-1-S3,CCU-230507,1,3,設定好 WIFI,,expected_attached_to_first,unmapped,KW-ALIAS-SET,manual,from step splitting parser v1; prefill_v1:set_or_select,manual_only,tap,wifi_status_label,pending,pending,pending,pending
CCU-230507-1,CCU-230507-1-S4,CCU-230507,1,4,在 My RV 頁面,,expected_attached_to_first,unmapped,,,from step splitting parser v1,unmapped,tap,todo_alias,pending,pending,pending,pending
CCU-230507-1,CCU-230507-1-S5,CCU-230507,1,5,點選右上角 Disconnect 斷線後,,expected_attached_to_first,unmapped,,,from step splitting parser v1,unmapped,tap,todo_alias,pending,pending,pending,pending
CCU-230507-1,CCU-230507-1-S6,CCU-230507,1,6,使用 Remote mode 登入 Bug#1395 | 預期結果: 在讀取的時候有Ｘ可以點選取消,,expected_attached_to_first,unmapped,KW-ALIAS-LOGIN-FLOW,manual,from step splitting parser v1; prefill_v2:login_flow,manual_only,tap,login_button,pending,pending,pending,pending
CCU-230511-1,CCU-230511-1-S1,CCU-230511,1,1,步驟 1:,測試通過,expected_attached_to_first,unmapped,,,from step splitting parser v1,unmapped,tap,todo_alias,pending,pending,pending,pending
CCU-230511-1,CCU-230511-1-S2,CCU-230511,1,2,手機（已連線藍牙）,,expected_attached_to_first,unmapped,KW-ALIAS-BLUETOOTH,manual,from step splitting parser v1; prefill_v1:bluetooth_action,manual_only,tap,bluetooth_status_label,pending,pending,pending,pending
CCU-230511-1,CCU-230511-1-S3,CCU-230511,1,3,在 My RV 頁面,,expected_attached_to_first,unmapped,,,from step splitting parser v1,unmapped,tap,todo_alias,pending,pending,pending,pending
CCU-230511-1,CCU-230511-1-S4,CCU-230511,1,4,點選右上角 Sensors 設定好胎壓計,,expected_attached_to_first,unmapped,,,from step splitting parser v1,unmapped,tap,settings_button,pending,pending,pending,pending
CCU-230511-1,CCU-230511-1-S5,CCU-230511,1,5,點選左上角 Device Name,,expected_attached_to_first,unmapped,,,from step splitting parser v1,unmapped,tap,todo_alias,pending,pending,pending,pending
CCU-230511-1,CCU-230511-1-S6,CCU-230511,1,6,更改名稱，點選右上角5.Save,,expected_attached_to_first,unmapped,,,from step splitting parser v1,unmapped,tap,save_button,pending,pending,pending,pending
CCU-230511-1,CCU-230511-1-S7,CCU-230511,1,7,查看 胎壓計，LCD 溫度顯示 Bug#1336 | 預期結果: 胎壓計，溫度顯示正常,,expected_attached_to_first,unmapped,KW-ALIAS-CHECK,manual,from step splitting parser v1; prefill_v1:ui_or_device_check,manual_only,tap,todo_alias,pending,pending,pending,pending
CCU-230552-1,CCU-230552-1-S1,CCU-230552,1,1,步驟 1:,測試通過,expected_attached_to_first,unmapped,,,from step splitting parser v1,unmapped,tap,todo_alias,pending,pending,pending,pending
CCU-230552-1,CCU-230552-1-S2,CCU-230552,1,2,手機（已連上藍牙）,,expected_attached_to_first,unmapped,KW-ALIAS-BLUETOOTH,manual,from step splitting parser v1; prefill_v1:bluetooth_action,manual_only,tap,bluetooth_status_label,pending,pending,pending,pending
CCU-230552-1,CCU-230552-1-S3,CCU-230552,1,3,對面板使用 Hey power pro ， I'm home,,expected_attached_to_first,unmapped,,,from step splitting parser v1,unmapped,tap,home_title,pending,pending,pending,pending
CCU-230552-1,CCU-230552-1-S4,CCU-230552,1,4,對面板使用 Hey power pro ， I'm back,,expected_attached_to_first,unmapped,,,from step splitting parser v1,unmapped,navigate,back_button,pending,pending,pending,pending
CCU-230552-1,CCU-230552-1-S5,CCU-230552,1,5,對面板使用 Hey power pro ， goodnight Bug#1177 | 預期結果: 皆有回應,,expected_attached_to_first,unmapped,,,from step splitting parser v1,unmapped,tap,todo_alias,pending,pending,pending,pending
CCU-230552-1,CCU-230552-1-S6,CCU-230552,1,6,有執行相關運作,,expected_attached_to_first,unmapped,,,from step splitting parser v1,unmapped,tap,todo_alias,pending,pending,pending,pending
CCU-230551-1,CCU-230551-1-S1,CCU-230551,1,1,步驟 1:,測試通過,expected_attached_to_first,unmapped,,,from step splitting parser v1,unmapped,tap,todo_alias,pending,pending,pending,pending
CCU-230551-1,CCU-230551-1-S2,CCU-230551,1,2,手機（已連上藍牙）,,expected_attached_to_first,unmapped,KW-ALIAS-BLUETOOTH,manual,from step splitting parser v1; prefill_v1:bluetooth_action,manual_only,tap,bluetooth_status_label,pending,pending,pending,pending
CCU-230551-1,CCU-230551-1-S3,CCU-230551,1,3,對面板使用語音命令 hey power pro,,expected_attached_to_first,unmapped,KW-ALIAS-DEVICE-STATE,manual,from step splitting parser v1; prefill_v2:device_state,manual_only,tap,todo_alias,pending,pending,pending,pending
CCU-230551-1,CCU-230551-1-S4,CCU-230551,1,4,緊接著使用語音命令 all lights 100%,,expected_attached_to_first,unmapped,KW-ALIAS-DEVICE-STATE,manual,from step splitting parser v1; prefill_v2:device_state,manual_only,tap,todo_alias,pending,pending,pending,pending
CCU-230551-1,CCU-230551-1-S5,CCU-230551,1,5,手機 在 My RV 頁面,,expected_attached_to_first,unmapped,,,from step splitting parser v1,unmapped,tap,todo_alias,pending,pending,pending,pending
CCU-230551-1,CCU-230551-1-S6,CCU-230551,1,6,在 Modes 分類，點選Reading Mode Bug#1234 | 預期結果: 燈的亮度直接顯示10%亮度,,expected_attached_to_first,unmapped,,,from step splitting parser v1,unmapped,tap,todo_alias,pending,pending,pending,pending
CCU-230550-1,CCU-230550-1-S1,CCU-230550,1,1,步驟 1:,測試通過,expected_attached_to_first,unmapped,,,from step splitting parser v1,unmapped,tap,todo_alias,pending,pending,pending,pending
CCU-230550-1,CCU-230550-1-S2,CCU-230550,1,2,手機藍牙已設定,,expected_attached_to_first,unmapped,KW-ALIAS-BLUETOOTH,manual,from step splitting parser v1; prefill_v1:bluetooth_action,manual_only,tap,bluetooth_status_label,pending,pending,pending,pending
CCU-230550-1,CCU-230550-1-S3,CCU-230550,1,3,LCD 控制，點選 Options,,expected_attached_to_first,unmapped,KW-ALIAS-DEVICE-STATE,manual,from step splitting parser v1; prefill_v2:device_state,manual_only,tap,todo_alias,pending,pending,pending,pending
CCU-230550-1,CCU-230550-1-S4,CCU-230550,1,4,點選 Config,,expected_attached_to_first,unmapped,,,from step splitting parser v1,unmapped,tap,todo_alias,pending,pending,pending,pending
CCU-230550-1,CCU-230550-1-S5,CCU-230550,1,5,讓任意一個點選為Disable,,expected_attached_to_first,unmapped,,,from step splitting parser v1,unmapped,tap,todo_alias,pending,pending,pending,pending
CCU-230550-1,CCU-230550-1-S6,CCU-230550,1,6,檢查LCD 主頁點選的是否已關閉（未顯示）,,expected_attached_to_first,unmapped,KW-ALIAS-CHECK,manual,from step splitting parser v1; prefill_v1:ui_or_device_check,manual_only,assert_visible,todo_alias,pending,pending,pending,pending
CCU-230550-1,CCU-230550-1-S7,CCU-230550,1,7,讓點選的水位滿查看是否APP會通知 Bug#1248 | 預期結果: 被點選的水箱不應該有通知,,expected_attached_to_first,unmapped,,,from step splitting parser v1,unmapped,tap,notification_permission_dialog,pending,pending,pending,pending
CCU-230547-1,CCU-230547-1-S1,CCU-230547,1,1,步驟 1:,測試通過,expected_attached_to_first,unmapped,,,from step splitting parser v1,unmapped,tap,todo_alias,pending,pending,pending,pending
CCU-230547-1,CCU-230547-1-S2,CCU-230547,1,2,Android 設定好藍牙連線,,expected_attached_to_first,unmapped,KW-ALIAS-BLUETOOTH,manual,from step splitting parser v1; prefill_v1:bluetooth_action,manual_only,tap,bluetooth_status_label,pending,pending,pending,pending
CCU-230547-1,CCU-230547-1-S3,CCU-230547,1,3,在 My RV 頁面,,expected_attached_to_first,unmapped,,,from step splitting parser v1,unmapped,tap,todo_alias,pending,pending,pending,pending
CCU-230547-1,CCU-230547-1-S4,CCU-230547,1,4,點選右上角 Sensors,,expected_attached_to_first,unmapped,,,from step splitting parser v1,unmapped,tap,todo_alias,pending,pending,pending,pending
CCU-230547-1,CCU-230547-1-S5,CCU-230547,1,5,加入目前有的感測器,,expected_attached_to_first,unmapped,,,from step splitting parser v1,unmapped,tap,todo_alias,pending,pending,pending,pending
CCU-230547-1,CCU-230547-1-S6,CCU-230547,1,6,點選右上Disconnect 斷開,,expected_attached_to_first,unmapped,,,from step splitting parser v1,unmapped,tap,todo_alias,pending,pending,pending,pending
CCU-230547-1,CCU-230547-1-S7,CCU-230547,1,7,使用 IOS 藍牙登入,,expected_attached_to_first,unmapped,KW-ALIAS-BLUETOOTH,manual,from step splitting parser v1; prefill_v1:bluetooth_action,manual_only,tap,login_button,pending,pending,pending,pending
CCU-230547-1,CCU-230547-1-S8,CCU-230547,1,8,在 My RV 頁面,,expected_attached_to_first,unmapped,,,from step splitting parser v1,unmapped,tap,todo_alias,pending,pending,pending,pending
CCU-230547-1,CCU-230547-1-S9,CCU-230547,1,9,點選右上角 Sensors,,expected_attached_to_first,unmapped,,,from step splitting parser v1,unmapped,tap,todo_alias,pending,pending,pending,pending
CCU-230547-1,CCU-230547-1-S10,CCU-230547,1,10,查看感測器 Bug#1232 | 預期結果: 查看感測器是否同步,,expected_attached_to_first,unmapped,KW-ALIAS-CHECK,manual,from step splitting parser v1; prefill_v1:ui_or_device_check,manual_only,tap,todo_alias,pending,pending,pending,pending
CCU-230546-1,CCU-230546-1-S1,CCU-230546,1,1,步驟 1:,測試通過,expected_attached_to_first,unmapped,,,from step splitting parser v1,unmapped,tap,todo_alias,pending,pending,pending,pending
CCU-230546-1,CCU-230546-1-S2,CCU-230546,1,2,在 IOT 面板 馬達擇其一,,expected_attached_to_first,unmapped,,,from step splitting parser v1,unmapped,tap,todo_alias,pending,pending,pending,pending
CCU-230546-1,CCU-230546-1-S3,CCU-230546,1,3,按住其一 EXTEND，RETRACT 按鈕 Bug#1252 | 預期結果: 馬達正常轉動,,expected_attached_to_first,unmapped,,,from step splitting parser v1,unmapped,tap,todo_alias,pending,pending,pending,pending
CCU-230545-1,CCU-230545-1-S1,CCU-230545,1,1,步驟 1:,測試通過,expected_attached_to_first,unmapped,,,from step splitting parser v1,unmapped,tap,todo_alias,pending,pending,pending,pending
CCU-230545-1,CCU-230545-1-S2,CCU-230545,1,2,在 Settings 頁面,,expected_attached_to_first,unmapped,,,from step splitting parser v1,unmapped,tap,settings_button,pending,pending,pending,pending
CCU-230545-1,CCU-230545-1-S3,CCU-230545,1,3,在 RV 分類點擊 Power Pro Companion,,expected_attached_to_first,unmapped,,,from step splitting parser v1,unmapped,tap,todo_alias,pending,pending,pending,pending
CCU-230545-1,CCU-230545-1-S4,CCU-230545,1,4,麥克風（左下）點選後說語音,,expected_attached_to_first,unmapped,KW-ALIAS-DEVICE-STATE,manual,from step splitting parser v1; prefill_v2:device_state,manual_only,tap,todo_alias,pending,pending,pending,pending
CCU-230545-1,CCU-230545-1-S5,CCU-230545,1,5,在說語音時 喇叭按靜音（左下）按下 Bug#1268 | 預期結果: 麥克風可正常使用語音 喇叭點靜音會即刻靜音,,expected_attached_to_first,unmapped,KW-ALIAS-DEVICE-STATE,manual,from step splitting parser v1; prefill_v2:device_state,manual_only,tap,todo_alias,pending,pending,pending,pending
CCU-230529-1,CCU-230529-1-S1,CCU-230529,1,1,步驟 1:,測試通過,expected_attached_to_first,unmapped,,,from step splitting parser v1,unmapped,tap,todo_alias,pending,pending,pending,pending
CCU-230529-1,CCU-230529-1-S2,CCU-230529,1,2,使用藍牙登入，設定好藍牙門鎖，設定WIFI,,expected_attached_to_first,unmapped,KW-ALIAS-BLUETOOTH,manual,from step splitting parser v1; prefill_v1:bluetooth_action,manual_only,tap,login_button,pending,pending,pending,pending
CCU-230529-1,CCU-230529-1-S3,CCU-230529,1,3,登出藍牙連線，使用 remote mode 登入,,expected_attached_to_first,unmapped,KW-ALIAS-BLUETOOTH,manual,from step splitting parser v1; prefill_v1:bluetooth_action,manual_only,tap,login_button,pending,pending,pending,pending
CCU-230529-1,CCU-230529-1-S4,CCU-230529,1,4,在My RV，Controls 分類,,expected_attached_to_first,unmapped,,,from step splitting parser v1,unmapped,tap,todo_alias,pending,pending,pending,pending
CCU-230529-1,CCU-230529-1-S5,CCU-230529,1,5,點選Door Lock Bug#1273 | 預期結果: 正常可以控制門鎖,,expected_attached_to_first,unmapped,,,from step splitting parser v1,unmapped,tap,todo_alias,pending,pending,pending,pending
CCU-230519-1,CCU-230519-1-S1,CCU-230519,1,1,步驟 1:,測試通過,expected_attached_to_first,unmapped,,,from step splitting parser v1,unmapped,tap,todo_alias,pending,pending,pending,pending
CCU-230519-1,CCU-230519-1-S2,CCU-230519,1,2,使用3511A面板,,expected_attached_to_first,unmapped,,,from step splitting parser v1,unmapped,tap,todo_alias,pending,pending,pending,pending
CCU-230519-1,CCU-230519-1-S3,CCU-230519,1,3,使用語音命令 Hey power pro,,expected_attached_to_first,unmapped,KW-ALIAS-DEVICE-STATE,manual,from step splitting parser v1; prefill_v2:device_state,manual_only,tap,todo_alias,pending,pending,pending,pending
CCU-230519-1,CCU-230519-1-S4,CCU-230519,1,4,使用語音命令 CLimate Control ON Bug#1295 | 預期結果: 不該有回應,,expected_attached_to_first,unmapped,KW-ALIAS-DEVICE-STATE,manual,from step splitting parser v1; prefill_v2:device_state,manual_only,tap,todo_alias,pending,pending,pending,pending
CCU-230515-1,CCU-230515-1-S1,CCU-230515,1,1,步驟 1:,測試通過,expected_attached_to_first,unmapped,,,from step splitting parser v1,unmapped,tap,todo_alias,pending,pending,pending,pending
CCU-230515-1,CCU-230515-1-S2,CCU-230515,1,2,在面板上讓馬達開始運轉,,expected_attached_to_first,unmapped,,,from step splitting parser v1,unmapped,tap,todo_alias,pending,pending,pending,pending
CCU-230515-1,CCU-230515-1-S3,CCU-230515,1,3,讓3511B的brake接上正極 Bug#1323 | 預期結果: 馬達應在6秒內立刻停止,,expected_attached_to_first,unmapped,,,from step splitting parser v1,unmapped,tap,todo_alias,pending,pending,pending,pending
CCU-230514-1,CCU-230514-1-S1,CCU-230514,1,1,步驟 1:,測試通過,expected_attached_to_first,unmapped,,,from step splitting parser v1,unmapped,tap,todo_alias,pending,pending,pending,pending
CCU-230514-1,CCU-230514-1-S2,CCU-230514,1,2,在LCD 點選Options,,expected_attached_to_first,unmapped,KW-ALIAS-DEVICE-STATE,manual,from step splitting parser v1; prefill_v2:device_state,manual_only,tap,todo_alias,pending,pending,pending,pending
CCU-230514-1,CCU-230514-1-S3,CCU-230514,1,3,點選Version Bug#1325 | 預期結果: 查看是否與版本規則相同,,expected_attached_to_first,unmapped,,,from step splitting parser v1,unmapped,tap,todo_alias,pending,pending,pending,pending
CCU-230513-1,CCU-230513-1-S1,CCU-230513,1,1,步驟 1:,測試通過,expected_attached_to_first,unmapped,,,from step splitting parser v1,unmapped,tap,todo_alias,pending,pending,pending,pending
CCU-230513-1,CCU-230513-1-S2,CCU-230513,1,2,點選主頁面下面中間麥克風,,expected_attached_to_first,unmapped,,,from step splitting parser v1,unmapped,tap,todo_alias,pending,pending,pending,pending
CCU-230513-1,CCU-230513-1-S3,CCU-230513,1,3,使用APP語音命令 （摘要有項目） Bug#1326 | 預期結果: 皆有回應,,expected_attached_to_first,unmapped,KW-ALIAS-DEVICE-STATE,manual,from step splitting parser v1; prefill_v2:device_state,manual_only,tap,todo_alias,pending,pending,pending,pending
CCU-230512-1,CCU-230512-1-S1,CCU-230512,1,1,步驟 1:,測試通過,expected_attached_to_first,unmapped,,,from step splitting parser v1,unmapped,tap,todo_alias,pending,pending,pending,pending
CCU-230512-1,CCU-230512-1-S2,CCU-230512,1,2,在 Settings 頁面,,expected_attached_to_first,unmapped,,,from step splitting parser v1,unmapped,tap,settings_button,pending,pending,pending,pending
CCU-230512-1,CCU-230512-1-S3,CCU-230512,1,3,RV 分類，點選 Nickname,,expected_attached_to_first,unmapped,,,from step splitting parser v1,unmapped,tap,todo_alias,pending,pending,pending,pending
CCU-230512-1,CCU-230512-1-S4,CCU-230512,1,4,給予空值點選右上 Save Bug#1335 | 預期結果: Nickname 如同設定是空值,,expected_attached_to_first,unmapped,,,from step splitting parser v1,unmapped,tap,save_button,pending,pending,pending,pending
CCU-230510-1,CCU-230510-1-S1,CCU-230510,1,1,在面板上面點選 Water pump 確認亮燈後,Water pump 燈會立刻關閉,expected_attached_to_first,unmapped,,,from step splitting parser v1,unmapped,assert_visible,confirm_button,pending,pending,pending,pending
CCU-230510-1,CCU-230510-1-S2,CCU-230510,1,2,在3511B拔掉Power 2 Bug#1343,,expected_attached_to_first,unmapped,,,from step splitting parser v1,unmapped,tap,todo_alias,pending,pending,pending,pending
CCU-230509-1,CCU-230509-1-S1,CCU-230509,1,1,查看 LCD 面板 主頁面溫度 Bug#1394,溫度固定無亂跳動,index_aligned,unmapped,KW-ALIAS-CHECK,manual,from step splitting parser v1; prefill_v1:ui_or_device_check,manual_only,tap,todo_alias,pending,pending,pending,pending
CCU-230506-1,CCU-230506-1-S1,CCU-230506,1,1,對 IOT 面版 使用語音命令 Hey power pro,沒有ＬＡＧ,expected_attached_to_first,unmapped,KW-ALIAS-DEVICE-STATE,manual,from step splitting parser v1; prefill_v2:device_state,manual_only,tap,todo_alias,pending,pending,pending,pending
CCU-230506-1,CCU-230506-1-S2,CCU-230506,1,2,緊接著 使用語音命令 Companion,,expected_attached_to_first,unmapped,KW-ALIAS-DEVICE-STATE,manual,from step splitting parser v1; prefill_v2:device_state,manual_only,tap,todo_alias,pending,pending,pending,pending
CCU-230506-1,CCU-230506-1-S3,CCU-230506,1,3,滑動手機ＡＰＰ主畫面 Bug#1399,,expected_attached_to_first,unmapped,,,from step splitting parser v1,unmapped,swipe,todo_alias,pending,pending,pending,pending
CCU-230505-1,CCU-230505-1-S1,CCU-230505,1,1,在 Settings 頁面,不會聽到剩下的語音的回話,expected_attached_to_first,unmapped,,,from step splitting parser v1,unmapped,tap,settings_button,pending,pending,pending,pending
CCU-230505-1,CCU-230505-1-S2,CCU-230505,1,2,在 RV 分類，點選Power Pro Companion,,expected_attached_to_first,unmapped,,,from step splitting parser v1,unmapped,tap,todo_alias,pending,pending,pending,pending
CCU-230505-1,CCU-230505-1-S3,CCU-230505,1,3,在右下麥克風點選後說ＨＩ,,expected_attached_to_first,unmapped,,,from step splitting parser v1,unmapped,tap,todo_alias,pending,pending,pending,pending
CCU-230505-1,CCU-230505-1-S4,CCU-230505,1,4,在他回應的時候按下右邊喇叭的按鈕 Bug#1400,,expected_attached_to_first,unmapped,,,from step splitting parser v1,unmapped,tap,todo_alias,pending,pending,pending,pending
CCU-230504-1,CCU-230504-1-S1,CCU-230504,1,1,在 Settings 頁面,回覆正常,expected_attached_to_first,unmapped,,,from step splitting parser v1,unmapped,tap,settings_button,pending,pending,pending,pending
CCU-230504-1,CCU-230504-1-S2,CCU-230504,1,2,在 RV 分類，點選Power Pro Companion,,expected_attached_to_first,unmapped,,,from step splitting parser v1,unmapped,tap,todo_alias,pending,pending,pending,pending
CCU-230504-1,CCU-230504-1-S3,CCU-230504,1,3,點擊左下麥克風開關多次 Bug#1402,,expected_attached_to_first,unmapped,KW-ALIAS-CLICK,manual,from step splitting parser v1; prefill_v1:ui_action_click,manual_only,tap,todo_alias,pending,pending,pending,pending
CCU-230498-1,CCU-230498-1-S1,CCU-230498,1,1,在面板執行語音命令 Hey power pro,有回應 Dinette打開燈,expected_attached_to_first,unmapped,KW-ALIAS-DEVICE-STATE,manual,from step splitting parser v1; prefill_v2:device_state,manual_only,tap,todo_alias,pending,pending,pending,pending
CCU-230498-1,CCU-230498-1-S2,CCU-230498,1,2,執行語音命令 Turn on Dinette light Bug#1451,,expected_attached_to_first,unmapped,KW-ALIAS-DEVICE-STATE,manual,from step splitting parser v1; prefill_v2:device_state,manual_only,tap,todo_alias,pending,pending,pending,pending
CCU-230503-1,CCU-230503-1-S1,CCU-230503,1,1,LCD點選 Options,MODE 選項沒有 HEAT,expected_attached_to_first,unmapped,KW-ALIAS-DEVICE-STATE,manual,from step splitting parser v1; prefill_v2:device_state,manual_only,tap,todo_alias,pending,pending,pending,pending
CCU-230503-1,CCU-230503-1-S2,CCU-230503,1,2,點選 Heating,,expected_attached_to_first,unmapped,,,from step splitting parser v1,unmapped,tap,todo_alias,pending,pending,pending,pending
CCU-230503-1,CCU-230503-1-S3,CCU-230503,1,3,選擇 Furnace only,,expected_attached_to_first,unmapped,KW-ALIAS-SET,manual,from step splitting parser v1; prefill_v1:set_or_select,manual_only,tap,todo_alias,pending,pending,pending,pending
CCU-230503-1,CCU-230503-1-S4,CCU-230503,1,4,返回主頁面,,expected_attached_to_first,unmapped,KW-ALIAS-NAVIGATION,manual,from step splitting parser v1; prefill_v2:navigation_flow,manual_only,navigate,back_button,pending,pending,pending,pending
CCU-230503-1,CCU-230503-1-S5,CCU-230503,1,5,點選 Zone2 （進入） Bug#1443,,expected_attached_to_first,unmapped,,,from step splitting parser v1,unmapped,tap,todo_alias,pending,pending,pending,pending
CCU-230489-1,CCU-230489-1-S1,CCU-230489,1,1,使用LCD 點選Options,關閉的不該被回應 Check,expected_attached_to_first,unmapped,KW-ALIAS-DEVICE-STATE,manual,from step splitting parser v1; prefill_v2:device_state,manual_only,tap,todo_alias,pending,pending,pending,pending
CCU-230489-1,CCU-230489-1-S2,CCU-230489,1,2,點選Config,,expected_attached_to_first,unmapped,,,from step splitting parser v1,unmapped,tap,todo_alias,pending,pending,pending,pending
CCU-230489-1,CCU-230489-1-S3,CCU-230489,1,3,關閉其中之一,,expected_attached_to_first,unmapped,KW-ALIAS-CLOSE,manual,from step splitting parser v1; prefill_v1:close_or_disable,manual_only,tap,todo_alias,pending,pending,pending,pending
CCU-230489-1,CCU-230489-1-S4,CCU-230489,1,4,執行語音命令 Check Tank Levels Bug#1456,,expected_attached_to_first,unmapped,KW-ALIAS-DEVICE-STATE,manual,from step splitting parser v1; prefill_v2:device_state,manual_only,tap,todo_alias,pending,pending,pending,pending
CCU-230488-1,CCU-230488-1-S1,CCU-230488,1,1,在 My RV 頁面,語音皆有回應,expected_attached_to_first,unmapped,,,from step splitting parser v1,unmapped,tap,todo_alias,pending,pending,pending,pending
CCU-230488-1,CCU-230488-1-S2,CCU-230488,1,2,點選中間下面的麥克風,,expected_attached_to_first,unmapped,,,from step splitting parser v1,unmapped,tap,todo_alias,pending,pending,pending,pending
CCU-230488-1,CCU-230488-1-S3,CCU-230488,1,3,執行語音 Turn on Climate Control,,expected_attached_to_first,unmapped,KW-ALIAS-DEVICE-STATE,manual,from step splitting parser v1; prefill_v2:device_state,manual_only,tap,todo_alias,pending,pending,pending,pending
CCU-230488-1,CCU-230488-1-S4,CCU-230488,1,4,執行語音 Turn off Climate Control,,expected_attached_to_first,unmapped,KW-ALIAS-DEVICE-STATE,manual,from step splitting parser v1; prefill_v2:device_state,manual_only,tap,todo_alias,pending,pending,pending,pending
CCU-230488-1,CCU-230488-1-S5,CCU-230488,1,5,執行語音 Cool RV,,expected_attached_to_first,unmapped,KW-ALIAS-DEVICE-STATE,manual,from step splitting parser v1; prefill_v2:device_state,manual_only,tap,todo_alias,pending,pending,pending,pending
CCU-230488-1,CCU-230488-1-S6,CCU-230488,1,6,執行語音 Heat RV,,expected_attached_to_first,unmapped,KW-ALIAS-DEVICE-STATE,manual,from step splitting parser v1; prefill_v2:device_state,manual_only,tap,todo_alias,pending,pending,pending,pending
CCU-230488-1,CCU-230488-1-S7,CCU-230488,1,7,執行語音 Shutdown RV Bug#1466,,expected_attached_to_first,unmapped,KW-ALIAS-DEVICE-STATE,manual,from step splitting parser v1; prefill_v2:device_state,manual_only,tap,todo_alias,pending,pending,pending,pending
CCU-230487-1,CCU-230487-1-S1,CCU-230487,1,1,在 My RV 頁面,無回應,expected_attached_to_first,unmapped,,,from step splitting parser v1,unmapped,tap,todo_alias,pending,pending,pending,pending
CCU-230487-1,CCU-230487-1-S2,CCU-230487,1,2,在Controls分類 點選右邊三個點點,,expected_attached_to_first,unmapped,,,from step splitting parser v1,unmapped,tap,todo_alias,pending,pending,pending,pending
CCU-230487-1,CCU-230487-1-S3,CCU-230487,1,3,將 Living Room 編輯為 Light1 Kitchen 編輯為 Light2 Bedroom 編輯為 Light3 Bathroom 編輯為 Light4,,expected_attached_to_first,unmapped,KW-ALIAS-DEVICE-STATE,manual,from step splitting parser v1; prefill_v2:device_state,manual_only,tap,todo_alias,pending,pending,pending,pending
CCU-230487-1,CCU-230487-1-S4,CCU-230487,1,4,使用語音 Turn on Living Room Bug#1515,,expected_attached_to_first,unmapped,KW-ALIAS-DEVICE-STATE,manual,from step splitting parser v1; prefill_v2:device_state,manual_only,tap,todo_alias,pending,pending,pending,pending
CCU-230487-2,CCU-230487-2-S1,CCU-230487,2,1,在 My RV 頁面,無回應,expected_attached_to_first,unmapped,,,from step splitting parser v1,unmapped,tap,todo_alias,pending,pending,pending,pending
CCU-230487-2,CCU-230487-2-S2,CCU-230487,2,2,在Controls分類 點選右邊三個點點,,expected_attached_to_first,unmapped,,,from step splitting parser v1,unmapped,tap,todo_alias,pending,pending,pending,pending
CCU-230487-2,CCU-230487-2-S3,CCU-230487,2,3,將 Living Room 編輯為 Light1 Kitchen 編輯為 Light2 Bedroom 編輯為 Light3 Bathroom 編輯為 Light4,,expected_attached_to_first,unmapped,KW-ALIAS-DEVICE-STATE,manual,from step splitting parser v1; prefill_v2:device_state,manual_only,tap,todo_alias,pending,pending,pending,pending
CCU-230487-2,CCU-230487-2-S4,CCU-230487,2,4,使用語音 Turn on Kitchen Bug#1515,,expected_attached_to_first,unmapped,KW-ALIAS-DEVICE-STATE,manual,from step splitting parser v1; prefill_v2:device_state,manual_only,tap,todo_alias,pending,pending,pending,pending
CCU-230487-4,CCU-230487-4-S1,CCU-230487,4,1,在 My RV 頁面,無回應,expected_attached_to_first,unmapped,,,from step splitting parser v1,unmapped,tap,todo_alias,pending,pending,pending,pending
CCU-230487-4,CCU-230487-4-S2,CCU-230487,4,2,在Controls分類 點選右邊三個點點,,expected_attached_to_first,unmapped,,,from step splitting parser v1,unmapped,tap,todo_alias,pending,pending,pending,pending
CCU-230487-4,CCU-230487-4-S3,CCU-230487,4,3,將 Living Room 編輯為 Light1 Kitchen 編輯為 Light2 Bedroom 編輯為 Light3 Bathroom 編輯為 Light4,,expected_attached_to_first,unmapped,KW-ALIAS-DEVICE-STATE,manual,from step splitting parser v1; prefill_v2:device_state,manual_only,tap,todo_alias,pending,pending,pending,pending
CCU-230487-4,CCU-230487-4-S4,CCU-230487,4,4,使用語音 Turn on Bedroom Bug#1515,,expected_attached_to_first,unmapped,KW-ALIAS-DEVICE-STATE,manual,from step splitting parser v1; prefill_v2:device_state,manual_only,tap,todo_alias,pending,pending,pending,pending
CCU-230487-5,CCU-230487-5-S1,CCU-230487,5,1,在 My RV 頁面,無回應,expected_attached_to_first,unmapped,,,from step splitting parser v1,unmapped,tap,todo_alias,pending,pending,pending,pending
CCU-230487-5,CCU-230487-5-S2,CCU-230487,5,2,在Controls分類 點選右邊三個點點,,expected_attached_to_first,unmapped,,,from step splitting parser v1,unmapped,tap,todo_alias,pending,pending,pending,pending
CCU-230487-5,CCU-230487-5-S3,CCU-230487,5,3,將 Living Room 編輯為 Light1 Kitchen 編輯為 Light2 Bedroom 編輯為 Light3 Bathroom 編輯為 Light4,,expected_attached_to_first,unmapped,KW-ALIAS-DEVICE-STATE,manual,from step splitting parser v1; prefill_v2:device_state,manual_only,tap,todo_alias,pending,pending,pending,pending
CCU-230487-5,CCU-230487-5-S4,CCU-230487,5,4,使用語音 Turn on Bathroom Bug#1515,,expected_attached_to_first,unmapped,KW-ALIAS-DEVICE-STATE,manual,from step splitting parser v1; prefill_v2:device_state,manual_only,tap,todo_alias,pending,pending,pending,pending
CCU-230487-6,CCU-230487-6-S1,CCU-230487,6,1,在 My RV 頁面,Living Room 燈亮,expected_attached_to_first,unmapped,,,from step splitting parser v1,unmapped,tap,todo_alias,pending,pending,pending,pending
CCU-230487-6,CCU-230487-6-S2,CCU-230487,6,2,在Controls分類 點選右邊三個點點,,expected_attached_to_first,unmapped,,,from step splitting parser v1,unmapped,tap,todo_alias,pending,pending,pending,pending
CCU-230487-6,CCU-230487-6-S3,CCU-230487,6,3,將 Light1 編輯為 Living Room Light2 編輯為 Kitchen Light3 編輯為 Bedroom Light4 編輯為 Bathroom,,expected_attached_to_first,unmapped,KW-ALIAS-DEVICE-STATE,manual,from step splitting parser v1; prefill_v2:device_state,manual_only,tap,todo_alias,pending,pending,pending,pending
CCU-230487-6,CCU-230487-6-S4,CCU-230487,6,4,使用語音 Turn on Living Room Bug#1515,,expected_attached_to_first,unmapped,KW-ALIAS-DEVICE-STATE,manual,from step splitting parser v1; prefill_v2:device_state,manual_only,tap,todo_alias,pending,pending,pending,pending
CCU-230487-7,CCU-230487-7-S1,CCU-230487,7,1,在 My RV 頁面,Kitchen 燈亮,expected_attached_to_first,unmapped,,,from step splitting parser v1,unmapped,tap,todo_alias,pending,pending,pending,pending
CCU-230487-7,CCU-230487-7-S2,CCU-230487,7,2,在Controls分類 點選右邊三個點點,,expected_attached_to_first,unmapped,,,from step splitting parser v1,unmapped,tap,todo_alias,pending,pending,pending,pending
CCU-230487-7,CCU-230487-7-S3,CCU-230487,7,3,將 Light1 編輯為 Living Room Light2 編輯為 Kitchen Light3 編輯為 Bedroom Light4 編輯為 Bathroom,,expected_attached_to_first,unmapped,KW-ALIAS-DEVICE-STATE,manual,from step splitting parser v1; prefill_v2:device_state,manual_only,tap,todo_alias,pending,pending,pending,pending
CCU-230487-7,CCU-230487-7-S4,CCU-230487,7,4,使用語音 Turn on Kitchen Bug#1515,,expected_attached_to_first,unmapped,KW-ALIAS-DEVICE-STATE,manual,from step splitting parser v1; prefill_v2:device_state,manual_only,tap,todo_alias,pending,pending,pending,pending
CCU-230487-8,CCU-230487-8-S1,CCU-230487,8,1,在 My RV 頁面,Bedroom 燈亮,expected_attached_to_first,unmapped,,,from step splitting parser v1,unmapped,tap,todo_alias,pending,pending,pending,pending
CCU-230487-8,CCU-230487-8-S2,CCU-230487,8,2,在Controls分類 點選右邊三個點點,,expected_attached_to_first,unmapped,,,from step splitting parser v1,unmapped,tap,todo_alias,pending,pending,pending,pending
CCU-230487-8,CCU-230487-8-S3,CCU-230487,8,3,將 Light1 編輯為 Living Room Light2 編輯為 Kitchen Light3 編輯為 Bedroom Light4 編輯為 Bathroom,,expected_attached_to_first,unmapped,KW-ALIAS-DEVICE-STATE,manual,from step splitting parser v1; prefill_v2:device_state,manual_only,tap,todo_alias,pending,pending,pending,pending
CCU-230487-8,CCU-230487-8-S4,CCU-230487,8,4,使用語音 Turn on Bedroom Bug#1515,,expected_attached_to_first,unmapped,KW-ALIAS-DEVICE-STATE,manual,from step splitting parser v1; prefill_v2:device_state,manual_only,tap,todo_alias,pending,pending,pending,pending
CCU-230487-9,CCU-230487-9-S1,CCU-230487,9,1,在 My RV 頁面,Bathroom 燈亮,expected_attached_to_first,unmapped,,,from step splitting parser v1,unmapped,tap,todo_alias,pending,pending,pending,pending
CCU-230487-9,CCU-230487-9-S2,CCU-230487,9,2,在Controls分類 點選右邊三個點點,,expected_attached_to_first,unmapped,,,from step splitting parser v1,unmapped,tap,todo_alias,pending,pending,pending,pending
CCU-230487-9,CCU-230487-9-S3,CCU-230487,9,3,將 Light1 編輯為 Living Room Light2 編輯為 Kitchen Light3 編輯為 Bedroom Light4 編輯為 Bathroom,,expected_attached_to_first,unmapped,KW-ALIAS-DEVICE-STATE,manual,from step splitting parser v1; prefill_v2:device_state,manual_only,tap,todo_alias,pending,pending,pending,pending
CCU-230487-9,CCU-230487-9-S4,CCU-230487,9,4,使用語音 Turn on Bathroom Bug#1515,,expected_attached_to_first,unmapped,KW-ALIAS-DEVICE-STATE,manual,from step splitting parser v1; prefill_v2:device_state,manual_only,tap,todo_alias,pending,pending,pending,pending
CCU-230484-1,CCU-230484-1-S1,CCU-230484,1,1,在 My RV 頁面,正常打開燈光100％(不是Reading mode模式）,expected_attached_to_first,unmapped,,,from step splitting parser v1,unmapped,tap,todo_alias,pending,pending,pending,pending
CCU-230484-1,CCU-230484-1-S2,CCU-230484,1,2,在 Modes 點選 Reading Mode,,expected_attached_to_first,unmapped,,,from step splitting parser v1,unmapped,tap,todo_alias,pending,pending,pending,pending
CCU-230484-1,CCU-230484-1-S3,CCU-230484,1,3,使用語音 Hey power pro ，all lights 100% Bug #1383,,expected_attached_to_first,unmapped,KW-ALIAS-DEVICE-STATE,manual,from step splitting parser v1; prefill_v2:device_state,manual_only,tap,todo_alias,pending,pending,pending,pending
CCU-230478-1,CCU-230478-1-S1,CCU-230478,1,1,使用 remote mode 登入,儲存所編輯的大小,expected_attached_to_first,unmapped,KW-ALIAS-LOGIN-FLOW,manual,from step splitting parser v1; prefill_v2:login_flow,manual_only,tap,login_button,pending,pending,pending,pending
CCU-230478-1,CCU-230478-1-S2,CCU-230478,1,2,在My RV頁面,,expected_attached_to_first,unmapped,,,from step splitting parser v1,unmapped,tap,todo_alias,pending,pending,pending,pending
CCU-230478-1,CCU-230478-1-S3,CCU-230478,1,3,點擊右上方 Sensors,,expected_attached_to_first,unmapped,KW-ALIAS-CLICK,manual,from step splitting parser v1; prefill_v1:ui_action_click,manual_only,tap,todo_alias,pending,pending,pending,pending
CCU-230478-1,CCU-230478-1-S4,CCU-230478,1,4,在 Propane Sensors 分類,,expected_attached_to_first,unmapped,,,from step splitting parser v1,unmapped,tap,todo_alias,pending,pending,pending,pending
CCU-230478-1,CCU-230478-1-S5,CCU-230478,1,5,點擊已加入的 Propane Sensor 右邊 「>」符號,,expected_attached_to_first,unmapped,KW-ALIAS-CLICK,manual,from step splitting parser v1; prefill_v1:ui_action_click,manual_only,tap,todo_alias,pending,pending,pending,pending
CCU-230478-1,CCU-230478-1-S6,CCU-230478,1,6,點擊在Settings 分類右邊 筆進入編輯,,expected_attached_to_first,unmapped,KW-ALIAS-CLICK,manual,from step splitting parser v1; prefill_v1:ui_action_click,manual_only,tap,settings_button,pending,pending,pending,pending
CCU-230478-1,CCU-230478-1-S7,CCU-230478,1,7,調整Tank Size （調整所需大小） Bug#1106,,expected_attached_to_first,unmapped,,,from step splitting parser v1,unmapped,tap,todo_alias,pending,pending,pending,pending
CCU-230477-1,CCU-230477-1-S1,CCU-230477,1,1,在Settings頁面,Output8 設定是 AwningRetract 1,expected_attached_to_first,unmapped,,,from step splitting parser v1,unmapped,tap,settings_button,pending,pending,pending,pending
CCU-230477-1,CCU-230477-1-S2,CCU-230477,1,2,Account Setting 分類,,expected_attached_to_first,unmapped,,,from step splitting parser v1,unmapped,tap,todo_alias,pending,pending,pending,pending
CCU-230477-1,CCU-230477-1-S3,CCU-230477,1,3,點擊Edit Module Configuration,,expected_attached_to_first,unmapped,KW-ALIAS-CLICK,manual,from step splitting parser v1; prefill_v1:ui_action_click,manual_only,tap,todo_alias,pending,pending,pending,pending
CCU-230477-1,CCU-230477-1-S4,CCU-230477,1,4,點擊New ConFigur ation,,expected_attached_to_first,unmapped,KW-ALIAS-CLICK,manual,from step splitting parser v1; prefill_v1:ui_action_click,manual_only,tap,todo_alias,pending,pending,pending,pending
CCU-230477-1,CCU-230477-1-S5,CCU-230477,1,5,點擊3511A，點擊3511B，點擊Continue,,expected_attached_to_first,unmapped,KW-ALIAS-CLICK,manual,from step splitting parser v1; prefill_v1:ui_action_click,manual_only,tap,todo_alias,pending,pending,pending,pending
CCU-230477-1,CCU-230477-1-S6,CCU-230477,1,6,在Modules分類，點擊Output Slots,,expected_attached_to_first,unmapped,,,from step splitting parser v1,unmapped,tap,todo_alias,pending,pending,pending,pending
CCU-230477-1,CCU-230477-1-S7,CCU-230477,1,7,檢查Output8 Bug#1111,,expected_attached_to_first,unmapped,KW-ALIAS-CHECK,manual,from step splitting parser v1; prefill_v1:ui_or_device_check,manual_only,assert_visible,todo_alias,pending,pending,pending,pending
CCU-200-1,CCU-200-1-S1,CCU-200,1,1,在My RV頁面,依照指示一次調整好 Light1~Light8 燈號的亮度,expected_attached_to_first,unmapped,,,from step splitting parser v1,unmapped,tap,todo_alias,pending,pending,pending,pending
CCU-200-1,CCU-200-1-S2,CCU-200,1,2,Modes分類,,expected_attached_to_first,unmapped,,,from step splitting parser v1,unmapped,tap,todo_alias,pending,pending,pending,pending
CCU-200-1,CCU-200-1-S3,CCU-200,1,3,點擊Reading Mode (閱讀模式）,,expected_attached_to_first,unmapped,KW-ALIAS-CLICK,manual,from step splitting parser v1; prefill_v1:ui_action_click,manual_only,tap,todo_alias,pending,pending,pending,pending
CCU-179-1,CCU-179-1-S1,CCU-179,1,1,連續點擊Light1~Light8開關,Iot 面板顯示燈號如自己點擊順序開或關,index_aligned,unmapped,KW-ALIAS-DEVICE-STATE,manual,from step splitting parser v1; prefill_v2:device_state,manual_only,tap,todo_alias,pending,pending,pending,pending
CCU-230616-1,CCU-230616-1-S1,CCU-230616,1,1,點擊左上角的名稱,名稱字串均正常顯示,expected_attached_to_first,unmapped,KW-ALIAS-CLICK,manual,from step splitting parser v1; prefill_v1:ui_action_click,manual_only,tap,todo_alias,pending,pending,pending,pending
CCU-230616-1,CCU-230616-1-S2,CCU-230616,1,2,"修改名稱為""lovelovelove""",,expected_attached_to_first,unmapped,,,from step splitting parser v1,unmapped,tap,todo_alias,pending,pending,pending,pending
CCU-230616-1,CCU-230616-1-S3,CCU-230616,1,3,點擊右上方 Save 儲存,,expected_attached_to_first,unmapped,KW-ALIAS-CLICK,manual,from step splitting parser v1; prefill_v1:ui_action_click,manual_only,tap,save_button,pending,pending,pending,pending
CCU-230616-1,CCU-230616-1-S4,CCU-230616,1,4,點擊右上方 Disconnect 斷線,,expected_attached_to_first,unmapped,KW-ALIAS-CLICK,manual,from step splitting parser v1; prefill_v1:ui_action_click,manual_only,tap,todo_alias,pending,pending,pending,pending
CCU-230616-1,CCU-230616-1-S5,CCU-230616,1,5,點擊remote mode #1013,,expected_attached_to_first,unmapped,KW-ALIAS-CLICK,manual,from step splitting parser v1; prefill_v1:ui_action_click,manual_only,tap,todo_alias,pending,pending,pending,pending
CCU-230617-1,CCU-230617-1-S1,CCU-230617,1,1,Settings 頁面,不該出有出現,expected_attached_to_first,unmapped,,,from step splitting parser v1,unmapped,tap,settings_button,pending,pending,pending,pending
CCU-230617-1,CCU-230617-1-S2,CCU-230617,1,2,APP 分類,,expected_attached_to_first,unmapped,,,from step splitting parser v1,unmapped,tap,todo_alias,pending,pending,pending,pending
CCU-230617-1,CCU-230617-1-S3,CCU-230617,1,3,找尋 Safety Lock Bug#1017,,expected_attached_to_first,unmapped,,,from step splitting parser v1,unmapped,tap,todo_alias,pending,pending,pending,pending
CCU-230618-1,CCU-230618-1-S1,CCU-230618,1,1,在 My RV 頁面,顯示 : Master Control MAX,expected_attached_to_first,unmapped,,,from step splitting parser v1,unmapped,tap,todo_alias,pending,pending,pending,pending
CCU-230618-1,CCU-230618-1-S2,CCU-230618,1,2,Controls 分類,,expected_attached_to_first,unmapped,,,from step splitting parser v1,unmapped,tap,todo_alias,pending,pending,pending,pending
CCU-230618-1,CCU-230618-1-S3,CCU-230618,1,3,Master Control 亮度調整為MAX值 Bug#1047,,expected_attached_to_first,unmapped,,,from step splitting parser v1,unmapped,tap,todo_alias,pending,pending,pending,pending
CCU-230619-1,CCU-230619-1-S1,CCU-230619,1,1,Settings 頁面,回覆答案正確,expected_attached_to_first,unmapped,,,from step splitting parser v1,unmapped,tap,settings_button,pending,pending,pending,pending
CCU-230619-1,CCU-230619-1-S2,CCU-230619,1,2,RV 分類,,expected_attached_to_first,unmapped,,,from step splitting parser v1,unmapped,tap,todo_alias,pending,pending,pending,pending
CCU-230619-1,CCU-230619-1-S3,CCU-230619,1,3,點擊 Power Pro Companion,,expected_attached_to_first,unmapped,KW-ALIAS-CLICK,manual,from step splitting parser v1; prefill_v1:ui_action_click,manual_only,tap,todo_alias,pending,pending,pending,pending
CCU-230619-1,CCU-230619-1-S4,CCU-230619,1,4,輸入 Why can't voice commands control the awning?,,expected_attached_to_first,unmapped,KW-ALIAS-INPUT,manual,from step splitting parser v1; prefill_v1:input_text,manual_only,input,todo_alias,pending,pending,pending,pending
CCU-230619-1,CCU-230619-1-S5,CCU-230619,1,5,送出 Bug#1048,,expected_attached_to_first,unmapped,,,from step splitting parser v1,unmapped,tap,submit_button,pending,pending,pending,pending
CCU-230620-1,CCU-230620-1-S1,CCU-230620,1,1,在 My RV 頁面,成功加入8個,expected_attached_to_first,unmapped,,,from step splitting parser v1,unmapped,tap,success_message,pending,pending,pending,pending
CCU-230620-1,CCU-230620-1-S2,CCU-230620,1,2,點擊右上方 Sensors,,expected_attached_to_first,unmapped,KW-ALIAS-CLICK,manual,from step splitting parser v1; prefill_v1:ui_action_click,manual_only,tap,todo_alias,pending,pending,pending,pending
CCU-230620-1,CCU-230620-1-S3,CCU-230620,1,3,點擊 TPMS Sensors 一次加入8個 Bug#1084,,expected_attached_to_first,unmapped,KW-ALIAS-CLICK,manual,from step splitting parser v1; prefill_v1:ui_action_click,manual_only,tap,todo_alias,pending,pending,pending,pending
CCU-230621-1,CCU-230621-1-S1,CCU-230621,1,1,在 Settings 頁面,沒有訊號格,expected_attached_to_first,unmapped,,,from step splitting parser v1,unmapped,tap,settings_button,pending,pending,pending,pending
CCU-230621-1,CCU-230621-1-S2,CCU-230621,1,2,在 RV 分類,,expected_attached_to_first,unmapped,,,from step splitting parser v1,unmapped,tap,todo_alias,pending,pending,pending,pending
CCU-230621-1,CCU-230621-1-S3,CCU-230621,1,3,點擊 Wi-Fi Control,,expected_attached_to_first,unmapped,KW-ALIAS-CLICK,manual,from step splitting parser v1; prefill_v1:ui_action_click,manual_only,tap,wifi_status_label,pending,pending,pending,pending
CCU-230621-1,CCU-230621-1-S4,CCU-230621,1,4,點擊 Clear/Disconnect,,expected_attached_to_first,unmapped,KW-ALIAS-CLICK,manual,from step splitting parser v1; prefill_v1:ui_action_click,manual_only,tap,todo_alias,pending,pending,pending,pending
CCU-230621-1,CCU-230621-1-S5,CCU-230621,1,5,查看右上角 Wi-Fi 圖示 Bug#1274,,expected_attached_to_first,unmapped,KW-ALIAS-CHECK,manual,from step splitting parser v1; prefill_v1:ui_or_device_check,manual_only,tap,wifi_status_label,pending,pending,pending,pending
CCU-230622-1,CCU-230622-1-S1,CCU-230622,1,1,"語音命令 ""Hey power pro""",回應電池電量,expected_attached_to_first,unmapped,KW-ALIAS-DEVICE-STATE,manual,from step splitting parser v1; prefill_v2:device_state,manual_only,tap,todo_alias,pending,pending,pending,pending
CCU-230622-1,CCU-230622-1-S2,CCU-230622,1,2,"語音命令 ""check battery level"" Bug#1276",,expected_attached_to_first,unmapped,KW-ALIAS-DEVICE-STATE,manual,from step splitting parser v1; prefill_v2:device_state,manual_only,tap,todo_alias,pending,pending,pending,pending
CCU-230624-1,CCU-230624-1-S1,CCU-230624,1,1,設定好Wi-Fi,回覆燈光定時器,expected_attached_to_first,unmapped,KW-ALIAS-SET,manual,from step splitting parser v1; prefill_v1:set_or_select,manual_only,tap,wifi_status_label,pending,pending,pending,pending
CCU-230624-1,CCU-230624-1-S2,CCU-230624,1,2,"使用語音 ""Hey power pro""",,expected_attached_to_first,unmapped,KW-ALIAS-DEVICE-STATE,manual,from step splitting parser v1; prefill_v2:device_state,manual_only,tap,todo_alias,pending,pending,pending,pending
CCU-230624-1,CCU-230624-1-S3,CCU-230624,1,3,"使用語音 ""set light timer 1 hour"" Bug#1382",,expected_attached_to_first,unmapped,KW-ALIAS-DEVICE-STATE,manual,from step splitting parser v1; prefill_v2:device_state,manual_only,tap,todo_alias,pending,pending,pending,pending
CCU-230625-1,CCU-230625-1-S1,CCU-230625,1,1,在 Settings 頁面,顯示可連接的 WiFi,expected_attached_to_first,unmapped,,,from step splitting parser v1,unmapped,tap,wifi_status_label,pending,pending,pending,pending
CCU-230625-1,CCU-230625-1-S2,CCU-230625,1,2,RV 分類,,expected_attached_to_first,unmapped,,,from step splitting parser v1,unmapped,tap,todo_alias,pending,pending,pending,pending
CCU-230625-1,CCU-230625-1-S3,CCU-230625,1,3,點擊 Wi-Fi Control,,expected_attached_to_first,unmapped,KW-ALIAS-CLICK,manual,from step splitting parser v1; prefill_v1:ui_action_click,manual_only,tap,wifi_status_label,pending,pending,pending,pending
CCU-230625-1,CCU-230625-1-S4,CCU-230625,1,4,點擊右上角 Wi-Fi 圖示 Bug#1500,,expected_attached_to_first,unmapped,KW-ALIAS-CLICK,manual,from step splitting parser v1; prefill_v1:ui_action_click,manual_only,tap,wifi_status_label,pending,pending,pending,pending
CCU-230673-1,CCU-230673-1-S1,CCU-230673,1,1,點擊Settings,QRcode 正常可用,expected_attached_to_first,unmapped,KW-ALIAS-CLICK,manual,from step splitting parser v1; prefill_v1:ui_action_click,manual_only,tap,otp_field,pending,pending,pending,pending
CCU-230673-1,CCU-230673-1-S2,CCU-230673,1,2,點擊Scan Bug#1569,,expected_attached_to_first,unmapped,KW-ALIAS-CLICK,manual,from step splitting parser v1; prefill_v1:ui_action_click,manual_only,tap,scan_button,pending,pending,pending,pending
CCU-230674-1,CCU-230674-1-S1,CCU-230674,1,1,點擊Settings,出現我打的字，出現語音說的字,expected_attached_to_first,unmapped,KW-ALIAS-CLICK,manual,from step splitting parser v1; prefill_v1:ui_action_click,manual_only,tap,settings_button,pending,pending,pending,pending
CCU-230674-1,CCU-230674-1-S2,CCU-230674,1,2,點擊Power Pro Companion,,expected_attached_to_first,unmapped,KW-ALIAS-CLICK,manual,from step splitting parser v1; prefill_v1:ui_action_click,manual_only,tap,todo_alias,pending,pending,pending,pending
CCU-230674-1,CCU-230674-1-S3,CCU-230674,1,3,點擊靜音,,expected_attached_to_first,unmapped,KW-ALIAS-CLICK,manual,from step splitting parser v1; prefill_v1:ui_action_click,manual_only,tap,todo_alias,pending,pending,pending,pending
CCU-230674-1,CCU-230674-1-S4,CCU-230674,1,4,點擊麥克風,,expected_attached_to_first,unmapped,KW-ALIAS-CLICK,manual,from step splitting parser v1; prefill_v1:ui_action_click,manual_only,tap,todo_alias,pending,pending,pending,pending
CCU-230674-1,CCU-230674-1-S5,CCU-230674,1,5,說HI,,expected_attached_to_first,unmapped,,,from step splitting parser v1,unmapped,tap,todo_alias,pending,pending,pending,pending
CCU-230674-1,CCU-230674-1-S6,CCU-230674,1,6,輸入文字（打字）說ＨＩ,,expected_attached_to_first,unmapped,KW-ALIAS-INPUT,manual,from step splitting parser v1; prefill_v1:input_text,manual_only,input,todo_alias,pending,pending,pending,pending
CCU-230674-1,CCU-230674-1-S7,CCU-230674,1,7,點擊麥克風,,expected_attached_to_first,unmapped,KW-ALIAS-CLICK,manual,from step splitting parser v1; prefill_v1:ui_action_click,manual_only,tap,todo_alias,pending,pending,pending,pending
CCU-230674-1,CCU-230674-1-S8,CCU-230674,1,8,說HI Bug#1580,,expected_attached_to_first,unmapped,,,from step splitting parser v1,unmapped,tap,todo_alias,pending,pending,pending,pending
CCU-230675-1,CCU-230675-1-S1,CCU-230675,1,1,在 My RV 頁面,正確配上電子門鎖回到頁面,expected_attached_to_first,unmapped,,,from step splitting parser v1,unmapped,tap,todo_alias,pending,pending,pending,pending
CCU-230675-1,CCU-230675-1-S2,CCU-230675,1,2,Controls 分類,,expected_attached_to_first,unmapped,,,from step splitting parser v1,unmapped,tap,todo_alias,pending,pending,pending,pending
CCU-230675-1,CCU-230675-1-S3,CCU-230675,1,3,點擊 Door Lock 右邊的齒輪,,expected_attached_to_first,unmapped,KW-ALIAS-CLICK,manual,from step splitting parser v1; prefill_v1:ui_action_click,manual_only,tap,todo_alias,pending,pending,pending,pending
CCU-230675-1,CCU-230675-1-S4,CCU-230675,1,4,點擊正中間的➕,,expected_attached_to_first,unmapped,KW-ALIAS-CLICK,manual,from step splitting parser v1; prefill_v1:ui_action_click,manual_only,tap,todo_alias,pending,pending,pending,pending
CCU-230675-1,CCU-230675-1-S5,CCU-230675,1,5,掃描ＱＲ code （正確配上） Bug#1601,,expected_attached_to_first,unmapped,,,from step splitting parser v1,unmapped,tap,otp_field,pending,pending,pending,pending
CCU-230677-1,CCU-230677-1-S1,CCU-230677,1,1,"手機操作：手機 APP（已連上藍牙,設定好WiFi,藍牙門鎖）",正常可以使用語音功能,expected_attached_to_first,unmapped,KW-ALIAS-BLUETOOTH,manual,from step splitting parser v1; prefill_v1:bluetooth_action,manual_only,tap,wifi_status_label,pending,pending,pending,pending
CCU-230677-1,CCU-230677-1-S2,CCU-230677,1,2,在My RV 頁面中間下面 點擊麥克風圖示（快速點擊三次） Bug#1625,,expected_attached_to_first,unmapped,,,from step splitting parser v1,unmapped,tap,todo_alias,pending,pending,pending,pending
CCU-230678-1,CCU-230678-1-S1,CCU-230678,1,1,"手機操作：ios 手機（已連上藍牙,設定好WiFi,藍牙門鎖）",可以正常開關門,expected_attached_to_first,unmapped,KW-ALIAS-BLUETOOTH,manual,from step splitting parser v1; prefill_v1:bluetooth_action,manual_only,tap,wifi_status_label,pending,pending,pending,pending
CCU-230678-1,CCU-230678-1-S2,CCU-230678,1,2,使用 Remote 連線,,expected_attached_to_first,unmapped,,,from step splitting parser v1,unmapped,tap,todo_alias,pending,pending,pending,pending
CCU-230678-1,CCU-230678-1-S3,CCU-230678,1,3,控制藍牙門鎖 Bug#1626,,expected_attached_to_first,unmapped,KW-ALIAS-BLUETOOTH,manual,from step splitting parser v1; prefill_v1:bluetooth_action,manual_only,tap,bluetooth_status_label,pending,pending,pending,pending
CCU-230679-1,CCU-230679-1-S1,CCU-230679,1,1,手機操作： 手機 APP 上設置WiFi,可看到可連線的 WiFi,expected_attached_to_first,unmapped,KW-ALIAS-WIFI,manual,from step splitting parser v1; prefill_v1:wifi_action,manual_only,tap,wifi_status_label,pending,pending,pending,pending
CCU-230679-1,CCU-230679-1-S2,CCU-230679,1,2,點擊右上方 WiFi 圖示設定 Bug#1627,,expected_attached_to_first,unmapped,KW-ALIAS-CLICK,manual,from step splitting parser v1; prefill_v1:ui_action_click,manual_only,tap,wifi_status_label,pending,pending,pending,pending
CCU-230680-1,CCU-230680-1-S1,CCU-230680,1,1,手機操作： 手機 APP 上設置WiFi,正常可以連線,expected_attached_to_first,unmapped,KW-ALIAS-WIFI,manual,from step splitting parser v1; prefill_v1:wifi_action,manual_only,tap,wifi_status_label,pending,pending,pending,pending
CCU-230680-1,CCU-230680-1-S2,CCU-230680,1,2,點擊右上方 WIFI 圖示設定 Bug#1673,,expected_attached_to_first,unmapped,KW-ALIAS-CLICK,manual,from step splitting parser v1; prefill_v1:ui_action_click,manual_only,tap,wifi_status_label,pending,pending,pending,pending
CCU-230681-1,CCU-230681-1-S1,CCU-230681,1,1,LCD操作： 進入Options,可能有其他錯誤提示,expected_attached_to_first,unmapped,KW-ALIAS-DEVICE-STATE,manual,from step splitting parser v1; prefill_v2:device_state,manual_only,tap,error_message,pending,pending,pending,pending
CCU-230681-1,CCU-230681-1-S2,CCU-230681,1,2,點擊Heating,,expected_attached_to_first,unmapped,KW-ALIAS-CLICK,manual,from step splitting parser v1; prefill_v1:ui_action_click,manual_only,tap,todo_alias,pending,pending,pending,pending
CCU-230681-1,CCU-230681-1-S3,CCU-230681,1,3,設定為Furnace Only,,expected_attached_to_first,unmapped,KW-ALIAS-SET,manual,from step splitting parser v1; prefill_v1:set_or_select,manual_only,tap,settings_button,pending,pending,pending,pending
CCU-230681-1,CCU-230681-1-S4,CCU-230681,1,4,使用語音hey power pro ， It's cold in second zone Bug#1677,,expected_attached_to_first,unmapped,KW-ALIAS-DEVICE-STATE,manual,from step splitting parser v1; prefill_v2:device_state,manual_only,tap,todo_alias,pending,pending,pending,pending
CCU-230683-1,CCU-230683-1-S1,CCU-230683,1,1,等待面板開機完成,藍牙連接必須持續廣播,expected_attached_to_first,unmapped,KW-ALIAS-WAIT,manual,from step splitting parser v1; prefill_v1:wait_or_timing,manual_only,wait,bluetooth_status_label,pending,pending,pending,pending
CCU-230683-1,CCU-230683-1-S2,CCU-230683,1,2,點選面板藍牙按鈕,,expected_attached_to_first,unmapped,KW-ALIAS-BLUETOOTH,manual,from step splitting parser v1; prefill_v1:bluetooth_action,manual_only,tap,bluetooth_status_label,pending,pending,pending,pending
CCU-230683-1,CCU-230683-1-S3,CCU-230683,1,3,開啟手機ＡＰＰ檢查是否有ＩＤ一直廣播 Bug#1505,,expected_attached_to_first,unmapped,KW-ALIAS-OPEN,manual,from step splitting parser v1; prefill_v1:open_or_enable,manual_only,assert_visible,todo_alias,pending,pending,pending,pending
CCU-230684-1,CCU-230684-1-S1,CCU-230684,1,1,手機與面板先進行連接確認連線介面正常,自動重新連接到上次連接的面板,expected_attached_to_first,unmapped,,,from step splitting parser v1,unmapped,assert_visible,confirm_button,pending,pending,pending,pending
CCU-230684-1,CCU-230684-1-S2,CCU-230684,1,2,滑掉整個ＡＰＰ,,expected_attached_to_first,unmapped,,,from step splitting parser v1,unmapped,tap,todo_alias,pending,pending,pending,pending
CCU-230684-1,CCU-230684-1-S3,CCU-230684,1,3,點選power pro ＡＰＰ（等待連接「安卓會比較久」） Bug#1506,,expected_attached_to_first,unmapped,,,from step splitting parser v1,unmapped,wait,todo_alias,pending,pending,pending,pending
CCU-230685-1,CCU-230685-1-S1,CCU-230685,1,1,開啟電源（等待開機完成）,藍牙連接必須持續廣播,expected_attached_to_first,unmapped,KW-ALIAS-OPEN,manual,from step splitting parser v1; prefill_v1:open_or_enable,manual_only,wait,bluetooth_status_label,pending,pending,pending,pending
CCU-230685-1,CCU-230685-1-S2,CCU-230685,1,2,按下面板藍牙按鈕 Bug#1699,,expected_attached_to_first,unmapped,KW-ALIAS-CLICK,manual,from step splitting parser v1; prefill_v1:ui_action_click,manual_only,tap,bluetooth_status_label,pending,pending,pending,pending
CCU-230686-1,CCU-230686-1-S1,CCU-230686,1,1,手機A連接面板成功,手機Ａ無需「雙擊」確認,expected_attached_to_first,unmapped,,,from step splitting parser v1,unmapped,assert_visible,confirm_button,pending,pending,pending,pending
CCU-230686-1,CCU-230686-1-S2,CCU-230686,1,2,進入看到介面,,expected_attached_to_first,unmapped,,,from step splitting parser v1,unmapped,tap,todo_alias,pending,pending,pending,pending
CCU-230686-1,CCU-230686-1-S3,CCU-230686,1,3,Ａ手機ＡＰＰ滑掉,,expected_attached_to_first,unmapped,,,from step splitting parser v1,unmapped,tap,todo_alias,pending,pending,pending,pending
CCU-230686-1,CCU-230686-1-S4,CCU-230686,1,4,手機B連接面板成功,,expected_attached_to_first,unmapped,,,from step splitting parser v1,unmapped,tap,success_message,pending,pending,pending,pending
CCU-230686-1,CCU-230686-1-S5,CCU-230686,1,5,進入看到介面,,expected_attached_to_first,unmapped,,,from step splitting parser v1,unmapped,tap,todo_alias,pending,pending,pending,pending
CCU-230686-1,CCU-230686-1-S6,CCU-230686,1,6,點選Ｂ手機 Forget RV Panel,,expected_attached_to_first,unmapped,,,from step splitting parser v1,unmapped,tap,todo_alias,pending,pending,pending,pending
CCU-230686-1,CCU-230686-1-S7,CCU-230686,1,7,手機Ａ點選Local 中間的 Go Bug#1691,,expected_attached_to_first,unmapped,,,from step splitting parser v1,unmapped,tap,todo_alias,pending,pending,pending,pending
CCU-230687-1,CCU-230687-1-S1,CCU-230687,1,1,電源開啟（等待開機完成）,不需等待超過2秒,expected_attached_to_first,unmapped,,,from step splitting parser v1,unmapped,wait,success_message,pending,pending,pending,pending
CCU-230687-1,CCU-230687-1-S2,CCU-230687,1,2,藍牙配對（成功需要點擊兩下面板藍牙按鈕） Bug#1660,,expected_attached_to_first,unmapped,KW-ALIAS-BLUETOOTH,manual,from step splitting parser v1; prefill_v1:bluetooth_action,manual_only,tap,bluetooth_status_label,pending,pending,pending,pending
CCU-230688-1,CCU-230688-1-S1,CCU-230688,1,1,手機操作（藍牙已連接）,藍牙正常，設置正常運作,expected_attached_to_first,unmapped,KW-ALIAS-BLUETOOTH,manual,from step splitting parser v1; prefill_v1:bluetooth_action,manual_only,tap,bluetooth_status_label,pending,pending,pending,pending
CCU-230688-1,CCU-230688-1-S2,CCU-230688,1,2,Settings 頁面,,expected_attached_to_first,unmapped,,,from step splitting parser v1,unmapped,tap,settings_button,pending,pending,pending,pending
CCU-230688-1,CCU-230688-1-S3,CCU-230688,1,3,RV 分類,,expected_attached_to_first,unmapped,,,from step splitting parser v1,unmapped,tap,todo_alias,pending,pending,pending,pending
CCU-230688-1,CCU-230688-1-S4,CCU-230688,1,4,調整語音音量 （調整大小連續10秒~30秒） Bug#1528,,expected_attached_to_first,unmapped,KW-ALIAS-DEVICE-STATE,manual,from step splitting parser v1; prefill_v2:device_state,manual_only,tap,todo_alias,pending,pending,pending,pending
CCU-230690-1,CCU-230690-1-S1,CCU-230690,1,1,面板開機（等待完成）,面板發出 當前有一部智慧型手機正在請求與控制面板進行藍牙配對,expected_attached_to_first,unmapped,,,from step splitting parser v1,unmapped,wait,bluetooth_status_label,pending,pending,pending,pending
CCU-230690-1,CCU-230690-1-S2,CCU-230690,1,2,面板操作點擊藍牙按鈕,,expected_attached_to_first,unmapped,KW-ALIAS-BLUETOOTH,manual,from step splitting parser v1; prefill_v1:bluetooth_action,manual_only,tap,bluetooth_status_label,pending,pending,pending,pending
CCU-230690-1,CCU-230690-1-S3,CCU-230690,1,3,手機操作點擊ＡＰＰ看見廣播的ＩＤ Bug#1504,,expected_attached_to_first,unmapped,,,from step splitting parser v1,unmapped,tap,todo_alias,pending,pending,pending,pending
CCU-230691-1,CCU-230691-1-S1,CCU-230691,1,1,面板操作（開機完成）,面板藍牙按鈕指示燈閃爍得更快,expected_attached_to_first,unmapped,,,from step splitting parser v1,unmapped,tap,bluetooth_status_label,pending,pending,pending,pending
CCU-230691-1,CCU-230691-1-S2,CCU-230691,1,2,面板點擊藍牙按鈕,,expected_attached_to_first,unmapped,KW-ALIAS-BLUETOOTH,manual,from step splitting parser v1; prefill_v1:bluetooth_action,manual_only,tap,bluetooth_status_label,pending,pending,pending,pending
CCU-230691-1,CCU-230691-1-S3,CCU-230691,1,3,手機操作ＡＰＰ看到ＩＤ出現,,expected_attached_to_first,unmapped,,,from step splitting parser v1,unmapped,tap,todo_alias,pending,pending,pending,pending
CCU-230691-1,CCU-230691-1-S4,CCU-230691,1,4,手機操作ＡＰＰ點擊ＩＤ Bug#1503,,expected_attached_to_first,unmapped,,,from step splitting parser v1,unmapped,tap,todo_alias,pending,pending,pending,pending
CCU-230693-1,CCU-230693-1-S1,CCU-230693,1,1,點擊面板藍牙按鈕,語音迴聲,index_aligned,unmapped,KW-ALIAS-CLICK,manual,from step splitting parser v1; prefill_v1:ui_action_click,manual_only,tap,bluetooth_status_label,pending,pending,pending,pending
CCU-230693-2,CCU-230693-2-S1,CCU-230693,2,1,不連接智慧型手機,語音迴聲,expected_attached_to_first,unmapped,,,from step splitting parser v1,unmapped,tap,todo_alias,pending,pending,pending,pending
CCU-230693-2,CCU-230693-2-S2,CCU-230693,2,2,間隔,,expected_attached_to_first,unmapped,,,from step splitting parser v1,unmapped,tap,todo_alias,pending,pending,pending,pending
CCU-230693-2,CCU-230693-2-S3,CCU-230693,2,3,5 秒,,expected_attached_to_first,unmapped,,,from step splitting parser v1,unmapped,tap,todo_alias,pending,pending,pending,pending
CCU-230693-2,CCU-230693-2-S4,CCU-230693,2,4,點擊面板藍牙按鈕兩下,,expected_attached_to_first,unmapped,KW-ALIAS-CLICK,manual,from step splitting parser v1; prefill_v1:ui_action_click,manual_only,tap,bluetooth_status_label,pending,pending,pending,pending
CCU-230694-1,CCU-230694-1-S1,CCU-230694,1,1,手機操作藍牙配對成功,使用者必須雙擊重新確認下次連線,expected_attached_to_first,unmapped,KW-ALIAS-BLUETOOTH,manual,from step splitting parser v1; prefill_v1:bluetooth_action,manual_only,assert_visible,confirm_button,pending,pending,pending,pending
CCU-230694-1,CCU-230694-1-S2,CCU-230694,1,2,(手機Ｂ操作) Settings 頁面,,expected_attached_to_first,unmapped,,,from step splitting parser v1,unmapped,tap,settings_button,pending,pending,pending,pending
CCU-230694-1,CCU-230694-1-S3,CCU-230694,1,3,(手機Ｂ操作) 點選最下面 Forget RV Panel,,expected_attached_to_first,unmapped,,,from step splitting parser v1,unmapped,tap,todo_alias,pending,pending,pending,pending
CCU-230694-1,CCU-230694-1-S4,CCU-230694,1,4,再次連接面板 Bug#1502,,expected_attached_to_first,unmapped,,,from step splitting parser v1,unmapped,tap,todo_alias,pending,pending,pending,pending
CCU-230695-1,CCU-230695-1-S1,CCU-230695,1,1,手機操作（已配對過面板,自動連線上面板,expected_attached_to_first,unmapped,,,from step splitting parser v1,unmapped,tap,todo_alias,pending,pending,pending,pending
CCU-230695-1,CCU-230695-1-S2,CCU-230695,1,2,連過藍牙）,,expected_attached_to_first,unmapped,KW-ALIAS-BLUETOOTH,manual,from step splitting parser v1; prefill_v1:bluetooth_action,manual_only,tap,bluetooth_status_label,pending,pending,pending,pending
CCU-230695-1,CCU-230695-1-S3,CCU-230695,1,3,斷線後（滑掉ＡＰＰ）,,expected_attached_to_first,unmapped,,,from step splitting parser v1,unmapped,tap,todo_alias,pending,pending,pending,pending
CCU-230695-1,CCU-230695-1-S4,CCU-230695,1,4,開啟ＡＰＰ 點擊藍牙連線 Bug#1506,,expected_attached_to_first,unmapped,KW-ALIAS-OPEN,manual,from step splitting parser v1; prefill_v1:open_or_enable,manual_only,tap,bluetooth_status_label,pending,pending,pending,pending
CCU-230696-1,CCU-230696-1-S1,CCU-230696,1,1,面板開機（等待開機）,連線配對成功顯示ＡＰＰ頁面,expected_attached_to_first,unmapped,,,from step splitting parser v1,unmapped,wait,success_message,pending,pending,pending,pending
CCU-230696-1,CCU-230696-1-S2,CCU-230696,1,2,點選面板藍牙按鈕（廣播ＩＤ）,,expected_attached_to_first,unmapped,KW-ALIAS-BLUETOOTH,manual,from step splitting parser v1; prefill_v1:bluetooth_action,manual_only,tap,bluetooth_status_label,pending,pending,pending,pending
CCU-230696-1,CCU-230696-1-S3,CCU-230696,1,3,手機操作點選廣播的ＩＤ,,expected_attached_to_first,unmapped,,,from step splitting parser v1,unmapped,tap,todo_alias,pending,pending,pending,pending
CCU-230696-1,CCU-230696-1-S4,CCU-230696,1,4,面板播放語音,,expected_attached_to_first,unmapped,KW-ALIAS-DEVICE-STATE,manual,from step splitting parser v1; prefill_v2:device_state,manual_only,tap,todo_alias,pending,pending,pending,pending
CCU-230696-1,CCU-230696-1-S5,CCU-230696,1,5,點選面板藍牙按鈕兩次 Bug#1447,,expected_attached_to_first,unmapped,KW-ALIAS-BLUETOOTH,manual,from step splitting parser v1; prefill_v1:bluetooth_action,manual_only,tap,bluetooth_status_label,pending,pending,pending,pending
CCU-230697-1,CCU-230697-1-S1,CCU-230697,1,1,手機操作（以連上藍牙）,不會出現Lights 1~8 50%,expected_attached_to_first,unmapped,KW-ALIAS-BLUETOOTH,manual,from step splitting parser v1; prefill_v1:bluetooth_action,manual_only,tap,bluetooth_status_label,pending,pending,pending,pending
CCU-230697-1,CCU-230697-1-S2,CCU-230697,1,2,在 Settings 頁面,,expected_attached_to_first,unmapped,,,from step splitting parser v1,unmapped,tap,settings_button,pending,pending,pending,pending
CCU-230697-1,CCU-230697-1-S3,CCU-230697,1,3,點選 Help Center,,expected_attached_to_first,unmapped,,,from step splitting parser v1,unmapped,input,todo_alias,pending,pending,pending,pending
CCU-230697-1,CCU-230697-1-S4,CCU-230697,1,4,點擊 Lights Bug#1693,,expected_attached_to_first,unmapped,KW-ALIAS-CLICK,manual,from step splitting parser v1; prefill_v1:ui_action_click,manual_only,tap,todo_alias,pending,pending,pending,pending
CCU-230698-1,CCU-230698-1-S1,CCU-230698,1,1,使用語音hey power pro,Gray Tank 3清楚,expected_attached_to_first,unmapped,KW-ALIAS-DEVICE-STATE,manual,from step splitting parser v1; prefill_v2:device_state,manual_only,tap,todo_alias,pending,pending,pending,pending
CCU-230698-1,CCU-230698-1-S2,CCU-230698,1,2,使用語音Check Tank Levels Bug#1690,,expected_attached_to_first,unmapped,KW-ALIAS-DEVICE-STATE,manual,from step splitting parser v1; prefill_v2:device_state,manual_only,tap,todo_alias,pending,pending,pending,pending
CCU-230699-1,CCU-230699-1-S1,CCU-230699,1,1,LCD操作： 進入Options,可能有其他錯誤提示,expected_attached_to_first,unmapped,KW-ALIAS-DEVICE-STATE,manual,from step splitting parser v1; prefill_v2:device_state,manual_only,tap,error_message,pending,pending,pending,pending
CCU-230699-1,CCU-230699-1-S2,CCU-230699,1,2,點擊Heating,,expected_attached_to_first,unmapped,KW-ALIAS-CLICK,manual,from step splitting parser v1; prefill_v1:ui_action_click,manual_only,tap,todo_alias,pending,pending,pending,pending
CCU-230699-1,CCU-230699-1-S3,CCU-230699,1,3,設定為Furnace Only,,expected_attached_to_first,unmapped,KW-ALIAS-SET,manual,from step splitting parser v1; prefill_v1:set_or_select,manual_only,tap,settings_button,pending,pending,pending,pending
CCU-230699-1,CCU-230699-1-S4,CCU-230699,1,4,使用語音hey power pro ， It's cold in second zone Bug#1677,,expected_attached_to_first,unmapped,KW-ALIAS-DEVICE-STATE,manual,from step splitting parser v1; prefill_v2:device_state,manual_only,tap,todo_alias,pending,pending,pending,pending
CCU-230700-1,CCU-230700-1-S1,CCU-230700,1,1,點擊面板按鈕 Bug#1695,面板ＬＥＤ燈不會閃爍,index_aligned,unmapped,KW-ALIAS-CLICK,manual,from step splitting parser v1; prefill_v1:ui_action_click,manual_only,tap,todo_alias,pending,pending,pending,pending
CCU-230857-1,CCU-230857-1-S1,CCU-230857,1,1,重新連接到先前連接過的面板時 Bug#1659,跟一代產品時間差不多,index_aligned,unmapped,,,from step splitting parser v1,unmapped,tap,todo_alias,pending,pending,pending,pending
CCU-230857-2,CCU-230857-2-S1,CCU-230857,2,1,,,no_expected,unmapped,,,from step splitting parser v1,unmapped,tap,todo_alias,pending,pending,pending,pending
CCU-230898-1,CCU-230898-1-S1,CCU-230898,1,1,正常開機完成,按鈕燈號不會閃爍,expected_attached_to_first,unmapped,,,from step splitting parser v1,unmapped,tap,success_message,pending,pending,pending,pending
CCU-230898-1,CCU-230898-1-S2,CCU-230898,1,2,按下面板按鈕 Bug#1695,,expected_attached_to_first,unmapped,KW-ALIAS-CLICK,manual,from step splitting parser v1; prefill_v1:ui_action_click,manual_only,tap,todo_alias,pending,pending,pending,pending
CCU-230899-1,CCU-230899-1-S1,CCU-230899,1,1,ＡＰＰ（藍牙已連接）,local 名稱與 Remote 同步,expected_attached_to_first,unmapped,KW-ALIAS-BLUETOOTH,manual,from step splitting parser v1; prefill_v1:bluetooth_action,manual_only,tap,bluetooth_status_label,pending,pending,pending,pending
CCU-230899-1,CCU-230899-1-S2,CCU-230899,1,2,左上角更改名稱為 2026CW07C,,expected_attached_to_first,unmapped,,,from step splitting parser v1,unmapped,tap,todo_alias,pending,pending,pending,pending
CCU-230899-1,CCU-230899-1-S3,CCU-230899,1,3,點擊 Disconnect 斷線,,expected_attached_to_first,unmapped,KW-ALIAS-CLICK,manual,from step splitting parser v1; prefill_v1:ui_action_click,manual_only,tap,todo_alias,pending,pending,pending,pending
CCU-230899-1,CCU-230899-1-S4,CCU-230899,1,4,點擊 Remote,,expected_attached_to_first,unmapped,KW-ALIAS-CLICK,manual,from step splitting parser v1; prefill_v1:ui_action_click,manual_only,tap,todo_alias,pending,pending,pending,pending
CCU-230899-1,CCU-230899-1-S5,CCU-230899,1,5,點擊 2026CW07C ID,,expected_attached_to_first,unmapped,KW-ALIAS-CLICK,manual,from step splitting parser v1; prefill_v1:ui_action_click,manual_only,tap,todo_alias,pending,pending,pending,pending
CCU-230899-1,CCU-230899-1-S6,CCU-230899,1,6,進入控制頁面 Bug#1718,,expected_attached_to_first,unmapped,KW-ALIAS-NAVIGATION,manual,from step splitting parser v1; prefill_v2:navigation_flow,manual_only,tap,todo_alias,pending,pending,pending,pending
CCU-230900-1,CCU-230900-1-S1,CCU-230900,1,1,ＡＰＰ（藍牙已連接）,沒有辦法設定或者提示,expected_attached_to_first,unmapped,KW-ALIAS-BLUETOOTH,manual,from step splitting parser v1; prefill_v1:bluetooth_action,manual_only,tap,bluetooth_status_label,pending,pending,pending,pending
CCU-230900-1,CCU-230900-1-S2,CCU-230900,1,2,設定 WiFi 都不輸入,,expected_attached_to_first,unmapped,KW-ALIAS-SET,manual,from step splitting parser v1; prefill_v1:set_or_select,manual_only,input,wifi_status_label,pending,pending,pending,pending
CCU-230900-1,CCU-230900-1-S3,CCU-230900,1,3,直接點選 SET/Connect Bug#1719,,expected_attached_to_first,unmapped,,,from step splitting parser v1,unmapped,tap,todo_alias,pending,pending,pending,pending
CCU-230901-1,CCU-230901-1-S1,CCU-230901,1,1,手機操作（已連上藍牙）,會顯示需要重開機,expected_attached_to_first,unmapped,KW-ALIAS-BLUETOOTH,manual,from step splitting parser v1; prefill_v1:bluetooth_action,manual_only,tap,bluetooth_status_label,pending,pending,pending,pending
CCU-230901-1,CCU-230901-1-S2,CCU-230901,1,2,在 Settings 頁面,,expected_attached_to_first,unmapped,,,from step splitting parser v1,unmapped,tap,settings_button,pending,pending,pending,pending
CCU-230901-1,CCU-230901-1-S3,CCU-230901,1,3,點擊RV Panel Version,,expected_attached_to_first,unmapped,KW-ALIAS-CLICK,manual,from step splitting parser v1; prefill_v1:ui_action_click,manual_only,tap,todo_alias,pending,pending,pending,pending
CCU-230901-1,CCU-230901-1-S4,CCU-230901,1,4,點擊 升級 Bug#1722,,expected_attached_to_first,unmapped,KW-ALIAS-CLICK,manual,from step splitting parser v1; prefill_v1:ui_action_click,manual_only,tap,todo_alias,pending,pending,pending,pending
CCU-230902-1,CCU-230902-1-S1,CCU-230902,1,1,在 My RV 頁面,在 Modes 中的 Reading Mode 沒有打勾,expected_attached_to_first,unmapped,,,from step splitting parser v1,unmapped,tap,todo_alias,pending,pending,pending,pending
CCU-230902-1,CCU-230902-1-S2,CCU-230902,1,2,在 Modes 點選 Reading Mode,,expected_attached_to_first,unmapped,,,from step splitting parser v1,unmapped,tap,todo_alias,pending,pending,pending,pending
CCU-230902-1,CCU-230902-1-S3,CCU-230902,1,3,使用語音 Hey power pro ，all lights 100% Bug#1725,,expected_attached_to_first,unmapped,KW-ALIAS-DEVICE-STATE,manual,from step splitting parser v1; prefill_v2:device_state,manual_only,tap,todo_alias,pending,pending,pending,pending
CCU-230904-1,CCU-230904-1-S1,CCU-230904,1,1,Gen2.5 App開啟,Gen2.5 與 Gen1 相同,expected_attached_to_first,unmapped,,,from step splitting parser v1,unmapped,tap,todo_alias,pending,pending,pending,pending
CCU-230904-1,CCU-230904-1-S2,CCU-230904,1,2,點擊面板藍牙按鈕,,expected_attached_to_first,unmapped,KW-ALIAS-CLICK,manual,from step splitting parser v1; prefill_v1:ui_action_click,manual_only,tap,bluetooth_status_label,pending,pending,pending,pending
CCU-230904-1,CCU-230904-1-S3,CCU-230904,1,3,點擊APP中的ID,,expected_attached_to_first,unmapped,KW-ALIAS-CLICK,manual,from step splitting parser v1; prefill_v1:ui_action_click,manual_only,tap,todo_alias,pending,pending,pending,pending
CCU-230904-1,CCU-230904-1-S4,CCU-230904,1,4,點擊APP中的斷線,,expected_attached_to_first,unmapped,KW-ALIAS-CLICK,manual,from step splitting parser v1; prefill_v1:ui_action_click,manual_only,tap,todo_alias,pending,pending,pending,pending
CCU-230904-1,CCU-230904-1-S5,CCU-230904,1,5,點選local mod （會自動連回Gen2.5）,,expected_attached_to_first,unmapped,,,from step splitting parser v1,unmapped,tap,todo_alias,pending,pending,pending,pending
CCU-230904-1,CCU-230904-1-S6,CCU-230904,1,6,Gen1 App 開啟,,expected_attached_to_first,unmapped,,,from step splitting parser v1,unmapped,tap,todo_alias,pending,pending,pending,pending
CCU-230904-1,CCU-230904-1-S7,CCU-230904,1,7,點擊面板藍牙按鈕,,expected_attached_to_first,unmapped,KW-ALIAS-CLICK,manual,from step splitting parser v1; prefill_v1:ui_action_click,manual_only,tap,bluetooth_status_label,pending,pending,pending,pending
CCU-230904-1,CCU-230904-1-S8,CCU-230904,1,8,點擊APP中的ID,,expected_attached_to_first,unmapped,KW-ALIAS-CLICK,manual,from step splitting parser v1; prefill_v1:ui_action_click,manual_only,tap,todo_alias,pending,pending,pending,pending
CCU-230904-1,CCU-230904-1-S9,CCU-230904,1,9,點擊APP中的斷線 （沒有自動連回Gen1） Bug#1737,,expected_attached_to_first,unmapped,KW-ALIAS-CLICK,manual,from step splitting parser v1; prefill_v1:ui_action_click,manual_only,tap,todo_alias,pending,pending,pending,pending
CCU-230903-1,CCU-230903-1-S1,CCU-230903,1,1,操作步驟 （Step）： 1.iOS 連接藍牙至控制頁面 Bug#1738,與 Android 控制頁面相同,index_aligned,unmapped,KW-ALIAS-BLUETOOTH,manual,from step splitting parser v1; prefill_v1:bluetooth_action,manual_only,tap,bluetooth_status_label,pending,pending,pending,pending
CCU-230903-2,CCU-230903-2-S1,CCU-230903,2,1,,,no_expected,unmapped,,,from step splitting parser v1,unmapped,tap,todo_alias,pending,pending,pending,pending
CCU-230905-1,CCU-230905-1-S1,CCU-230905,1,1,操作步驟 （Step）：,Zone1溫度增加5,expected_attached_to_first,unmapped,,,from step splitting parser v1,unmapped,tap,todo_alias,pending,pending,pending,pending
CCU-230905-1,CCU-230905-1-S2,CCU-230905,1,2,LCD 操作,,expected_attached_to_first,unmapped,KW-ALIAS-DEVICE-STATE,manual,from step splitting parser v1; prefill_v2:device_state,manual_only,tap,todo_alias,pending,pending,pending,pending
CCU-230905-1,CCU-230905-1-S3,CCU-230905,1,3,溫度設定長按上五秒 Bug#1516,,expected_attached_to_first,unmapped,,,from step splitting parser v1,unmapped,tap,settings_button,pending,pending,pending,pending
CCU-230906-1,CCU-230906-1-S1,CCU-230906,1,1,LCD面板操作,主頁Zone1 ＭＯＤＥ：ＯＦＦ，ＦＡＮ：ＬＯＷ,expected_attached_to_first,unmapped,KW-ALIAS-DEVICE-STATE,manual,from step splitting parser v1; prefill_v2:device_state,manual_only,tap,todo_alias,pending,pending,pending,pending
CCU-230906-1,CCU-230906-1-S2,CCU-230906,1,2,主頁Zone1 ＭＯＤＥ：ＯＦＦ，ＦＡＮ：ＬＯＷ,,expected_attached_to_first,unmapped,,,from step splitting parser v1,unmapped,tap,todo_alias,pending,pending,pending,pending
CCU-230906-1,CCU-230906-1-S3,CCU-230906,1,3,關閉總電源,,expected_attached_to_first,unmapped,KW-ALIAS-CLOSE,manual,from step splitting parser v1; prefill_v1:close_or_disable,manual_only,tap,todo_alias,pending,pending,pending,pending
CCU-230906-1,CCU-230906-1-S4,CCU-230906,1,4,打開總電源 Bug#1517,,expected_attached_to_first,unmapped,KW-ALIAS-OPEN,manual,from step splitting parser v1; prefill_v1:open_or_enable,manual_only,tap,todo_alias,pending,pending,pending,pending
CCU-230907-1,CCU-230907-1-S1,CCU-230907,1,1,LCD面板操作,設定完成,partial_expected_alignment,unmapped,KW-ALIAS-DEVICE-STATE,manual,from step splitting parser v1; prefill_v2:device_state,manual_only,tap,success_message,pending,pending,pending,pending
CCU-230907-1,CCU-230907-1-S2,CCU-230907,1,2,主頁Zone1 ＭＯＤＥ：ＣＯＯＬ，ＦＡＮ：ＬＯＷ,回到主畫面,partial_expected_alignment,unmapped,,,from step splitting parser v1,unmapped,tap,todo_alias,pending,pending,pending,pending
CCU-230907-1,CCU-230907-1-S3,CCU-230907,1,3,按鍵ＳＥＴ快速點擊兩次 Bug#1518,,partial_expected_alignment,unmapped,,,from step splitting parser v1,unmapped,tap,todo_alias,pending,pending,pending,pending
CCU-230908-1,CCU-230908-1-S1,CCU-230908,1,1,手機操作（已連上藍牙）,調整至想要的％數,expected_attached_to_first,unmapped,KW-ALIAS-BLUETOOTH,manual,from step splitting parser v1; prefill_v1:bluetooth_action,manual_only,tap,bluetooth_status_label,pending,pending,pending,pending
CCU-230908-1,CCU-230908-1-S2,CCU-230908,1,2,點擊My RV頁面,,expected_attached_to_first,unmapped,KW-ALIAS-CLICK,manual,from step splitting parser v1; prefill_v1:ui_action_click,manual_only,tap,todo_alias,pending,pending,pending,pending
CCU-230908-1,CCU-230908-1-S3,CCU-230908,1,3,Modes分類（點的右邊三個小點點進入）,,expected_attached_to_first,unmapped,,,from step splitting parser v1,unmapped,tap,todo_alias,pending,pending,pending,pending
CCU-230908-1,CCU-230908-1-S4,CCU-230908,1,4,點擊Reading Mode,,expected_attached_to_first,unmapped,KW-ALIAS-CLICK,manual,from step splitting parser v1; prefill_v1:ui_action_click,manual_only,tap,todo_alias,pending,pending,pending,pending
CCU-230908-1,CCU-230908-1-S5,CCU-230908,1,5,調整Light 1 中下面的 Brightness 的 ？％數,,expected_attached_to_first,unmapped,KW-ALIAS-DEVICE-STATE,manual,from step splitting parser v1; prefill_v2:device_state,manual_only,tap,todo_alias,pending,pending,pending,pending
CCU-230908-1,CCU-230908-1-S6,CCU-230908,1,6,"滑桿操作滑動至想要的位置"" Bug#1519",,expected_attached_to_first,unmapped,,,from step splitting parser v1,unmapped,swipe,todo_alias,pending,pending,pending,pending
CCU-230909-1,CCU-230909-1-S1,CCU-230909,1,1,手機操作（ＷＩＦＩ）,停留在最後一個動作為主,expected_attached_to_first,unmapped,,,from step splitting parser v1,unmapped,tap,todo_alias,pending,pending,pending,pending
CCU-230909-1,CCU-230909-1-S2,CCU-230909,1,2,點擊My RV頁面,,expected_attached_to_first,unmapped,KW-ALIAS-CLICK,manual,from step splitting parser v1; prefill_v1:ui_action_click,manual_only,tap,todo_alias,pending,pending,pending,pending
CCU-230909-1,CCU-230909-1-S3,CCU-230909,1,3,Controls分類,,expected_attached_to_first,unmapped,,,from step splitting parser v1,unmapped,tap,todo_alias,pending,pending,pending,pending
CCU-230909-1,CCU-230909-1-S4,CCU-230909,1,4,Door Lock門鎖（前提：藍牙模式配對門鎖成功）,,expected_attached_to_first,unmapped,KW-ALIAS-BLUETOOTH,manual,from step splitting parser v1; prefill_v1:bluetooth_action,manual_only,tap,bluetooth_status_label,pending,pending,pending,pending
CCU-230909-1,CCU-230909-1-S5,CCU-230909,1,5,"點擊Door Lock開 關 來回20次"" Bug#1555",,expected_attached_to_first,unmapped,KW-ALIAS-CLICK,manual,from step splitting parser v1; prefill_v1:ui_action_click,manual_only,tap,todo_alias,pending,pending,pending,pending
CCU-230910-1,CCU-230910-1-S1,CCU-230910,1,1,手機操作（以連上藍牙，以設定ＷＩＦＩ）,更新成功，顯示更新成功,expected_attached_to_first,unmapped,KW-ALIAS-BLUETOOTH,manual,from step splitting parser v1; prefill_v1:bluetooth_action,manual_only,tap,bluetooth_status_label,pending,pending,pending,pending
CCU-230910-1,CCU-230910-1-S2,CCU-230910,1,2,點擊Settings,,expected_attached_to_first,unmapped,KW-ALIAS-CLICK,manual,from step splitting parser v1; prefill_v1:ui_action_click,manual_only,tap,settings_button,pending,pending,pending,pending
CCU-230910-1,CCU-230910-1-S3,CCU-230910,1,3,在RV分類點擊RV Panel Version,,expected_attached_to_first,unmapped,,,from step splitting parser v1,unmapped,tap,todo_alias,pending,pending,pending,pending
CCU-230910-1,CCU-230910-1-S4,CCU-230910,1,4,點擊更新（按照內容步驟走） Bug#1556,,expected_attached_to_first,unmapped,KW-ALIAS-CLICK,manual,from step splitting parser v1; prefill_v1:ui_action_click,manual_only,tap,todo_alias,pending,pending,pending,pending
CCU-230911-1,CCU-230911-1-S1,CCU-230911,1,1,"手機操作（已連上藍牙,以連上WIFi）",更新完成，,partial_expected_alignment,unmapped,KW-ALIAS-BLUETOOTH,manual,from step splitting parser v1; prefill_v1:bluetooth_action,manual_only,tap,wifi_status_label,pending,pending,pending,pending
CCU-230911-1,CCU-230911-1-S2,CCU-230911,1,2,點擊Settings頁面,功能正常,partial_expected_alignment,unmapped,KW-ALIAS-CLICK,manual,from step splitting parser v1; prefill_v1:ui_action_click,manual_only,tap,settings_button,pending,pending,pending,pending
CCU-230911-1,CCU-230911-1-S3,CCU-230911,1,3,點擊RV Panel Version,,partial_expected_alignment,unmapped,KW-ALIAS-CLICK,manual,from step splitting parser v1; prefill_v1:ui_action_click,manual_only,tap,todo_alias,pending,pending,pending,pending
CCU-230911-1,CCU-230911-1-S4,CCU-230911,1,4,點擊ＯＴＡ更新 Bug#1566,,partial_expected_alignment,unmapped,KW-ALIAS-CLICK,manual,from step splitting parser v1; prefill_v1:ui_action_click,manual_only,tap,todo_alias,pending,pending,pending,pending
CCU-230912-1,CCU-230912-1-S1,CCU-230912,1,1,手機操作（已連上藍牙）,升級完成 過程中有指引 ＬＣＤ顯示版本正確,expected_attached_to_first,unmapped,KW-ALIAS-BLUETOOTH,manual,from step splitting parser v1; prefill_v1:bluetooth_action,manual_only,tap,bluetooth_status_label,pending,pending,pending,pending
CCU-230912-1,CCU-230912-1-S2,CCU-230912,1,2,點擊Settings,,expected_attached_to_first,unmapped,KW-ALIAS-CLICK,manual,from step splitting parser v1; prefill_v1:ui_action_click,manual_only,tap,settings_button,pending,pending,pending,pending
CCU-230912-1,CCU-230912-1-S3,CCU-230912,1,3,點擊Wi-Fi Control,,expected_attached_to_first,unmapped,KW-ALIAS-CLICK,manual,from step splitting parser v1; prefill_v1:ui_action_click,manual_only,tap,wifi_status_label,pending,pending,pending,pending
CCU-230912-1,CCU-230912-1-S4,CCU-230912,1,4,設定好Wi-Fi (輸入SSID，Password),,expected_attached_to_first,unmapped,KW-ALIAS-SET,manual,from step splitting parser v1; prefill_v1:set_or_select,manual_only,input,password_field,pending,pending,pending,pending
CCU-230912-1,CCU-230912-1-S5,CCU-230912,1,5,連線完成,,expected_attached_to_first,unmapped,,,from step splitting parser v1,unmapped,tap,success_message,pending,pending,pending,pending
CCU-230912-1,CCU-230912-1-S6,CCU-230912,1,6,返回上一頁,,expected_attached_to_first,unmapped,KW-ALIAS-NAVIGATION,manual,from step splitting parser v1; prefill_v2:navigation_flow,manual_only,navigate,back_button,pending,pending,pending,pending
CCU-230912-1,CCU-230912-1-S7,CCU-230912,1,7,點擊RV Panel Version,,expected_attached_to_first,unmapped,KW-ALIAS-CLICK,manual,from step splitting parser v1; prefill_v1:ui_action_click,manual_only,tap,todo_alias,pending,pending,pending,pending
CCU-230912-1,CCU-230912-1-S8,CCU-230912,1,8,點擊升級,,expected_attached_to_first,unmapped,KW-ALIAS-CLICK,manual,from step splitting parser v1; prefill_v1:ui_action_click,manual_only,tap,todo_alias,pending,pending,pending,pending
CCU-230912-1,CCU-230912-1-S9,CCU-230912,1,9,點擊Next Bug#1575,,expected_attached_to_first,unmapped,KW-ALIAS-CLICK,manual,from step splitting parser v1; prefill_v1:ui_action_click,manual_only,tap,next_button,pending,pending,pending,pending
CCU-230913-1,CCU-230913-1-S1,CCU-230913,1,1,手機操作（已連上藍牙）,下載檔案完成後 準備寫入(此時顯示五分鐘後重開機即可）,expected_attached_to_first,unmapped,KW-ALIAS-BLUETOOTH,manual,from step splitting parser v1; prefill_v1:bluetooth_action,manual_only,tap,bluetooth_status_label,pending,pending,pending,pending
CCU-230913-1,CCU-230913-1-S2,CCU-230913,1,2,點擊Settings,,expected_attached_to_first,unmapped,KW-ALIAS-CLICK,manual,from step splitting parser v1; prefill_v1:ui_action_click,manual_only,tap,settings_button,pending,pending,pending,pending
CCU-230913-1,CCU-230913-1-S3,CCU-230913,1,3,點擊Wi-Fi Control,,expected_attached_to_first,unmapped,KW-ALIAS-CLICK,manual,from step splitting parser v1; prefill_v1:ui_action_click,manual_only,tap,wifi_status_label,pending,pending,pending,pending
CCU-230913-1,CCU-230913-1-S4,CCU-230913,1,4,設定好Wi-Fi (輸入SSID，Password),,expected_attached_to_first,unmapped,KW-ALIAS-SET,manual,from step splitting parser v1; prefill_v1:set_or_select,manual_only,input,password_field,pending,pending,pending,pending
CCU-230913-1,CCU-230913-1-S5,CCU-230913,1,5,連線完成,,expected_attached_to_first,unmapped,,,from step splitting parser v1,unmapped,tap,success_message,pending,pending,pending,pending
CCU-230913-1,CCU-230913-1-S6,CCU-230913,1,6,返回上一頁,,expected_attached_to_first,unmapped,KW-ALIAS-NAVIGATION,manual,from step splitting parser v1; prefill_v2:navigation_flow,manual_only,navigate,back_button,pending,pending,pending,pending
CCU-230913-1,CCU-230913-1-S7,CCU-230913,1,7,點擊RV Panel Version,,expected_attached_to_first,unmapped,KW-ALIAS-CLICK,manual,from step splitting parser v1; prefill_v1:ui_action_click,manual_only,tap,todo_alias,pending,pending,pending,pending
CCU-230913-1,CCU-230913-1-S8,CCU-230913,1,8,點擊升級,,expected_attached_to_first,unmapped,KW-ALIAS-CLICK,manual,from step splitting parser v1; prefill_v1:ui_action_click,manual_only,tap,todo_alias,pending,pending,pending,pending
CCU-230913-1,CCU-230913-1-S9,CCU-230913,1,9,點擊Next Bug#1576,,expected_attached_to_first,unmapped,KW-ALIAS-CLICK,manual,from step splitting parser v1; prefill_v1:ui_action_click,manual_only,tap,next_button,pending,pending,pending,pending
CCU-230914-1,CCU-230914-1-S1,CCU-230914,1,1,手機操作（已連上藍牙）,畫面下面會有ＮＥＸＴ可以點選升級（沒有捲軸提示）,expected_attached_to_first,unmapped,KW-ALIAS-BLUETOOTH,manual,from step splitting parser v1; prefill_v1:bluetooth_action,manual_only,tap,bluetooth_status_label,pending,pending,pending,pending
CCU-230914-1,CCU-230914-1-S2,CCU-230914,1,2,點擊Settings,,expected_attached_to_first,unmapped,KW-ALIAS-CLICK,manual,from step splitting parser v1; prefill_v1:ui_action_click,manual_only,tap,settings_button,pending,pending,pending,pending
CCU-230914-1,CCU-230914-1-S3,CCU-230914,1,3,點擊Wi-Fi Control,,expected_attached_to_first,unmapped,KW-ALIAS-CLICK,manual,from step splitting parser v1; prefill_v1:ui_action_click,manual_only,tap,wifi_status_label,pending,pending,pending,pending
CCU-230914-1,CCU-230914-1-S4,CCU-230914,1,4,設定好Wi-Fi (輸入SSID，Password),,expected_attached_to_first,unmapped,KW-ALIAS-SET,manual,from step splitting parser v1; prefill_v1:set_or_select,manual_only,input,password_field,pending,pending,pending,pending
CCU-230914-1,CCU-230914-1-S5,CCU-230914,1,5,連線完成,,expected_attached_to_first,unmapped,,,from step splitting parser v1,unmapped,tap,success_message,pending,pending,pending,pending
CCU-230914-1,CCU-230914-1-S6,CCU-230914,1,6,返回上一頁,,expected_attached_to_first,unmapped,KW-ALIAS-NAVIGATION,manual,from step splitting parser v1; prefill_v2:navigation_flow,manual_only,navigate,back_button,pending,pending,pending,pending
CCU-230914-1,CCU-230914-1-S7,CCU-230914,1,7,點擊RV Panel Version,,expected_attached_to_first,unmapped,KW-ALIAS-CLICK,manual,from step splitting parser v1; prefill_v1:ui_action_click,manual_only,tap,todo_alias,pending,pending,pending,pending
CCU-230914-1,CCU-230914-1-S8,CCU-230914,1,8,點擊升級,,expected_attached_to_first,unmapped,KW-ALIAS-CLICK,manual,from step splitting parser v1; prefill_v1:ui_action_click,manual_only,tap,todo_alias,pending,pending,pending,pending
CCU-230914-1,CCU-230914-1-S9,CCU-230914,1,9,點擊Next Bug#1577,,expected_attached_to_first,unmapped,KW-ALIAS-CLICK,manual,from step splitting parser v1; prefill_v1:ui_action_click,manual_only,tap,next_button,pending,pending,pending,pending
CCU-230915-1,CCU-230915-1-S1,CCU-230915,1,1,手機操作 Android 手機（已連上藍牙）,APP斷開藍牙 面板藍牙燈號顯示白色,expected_attached_to_first,unmapped,KW-ALIAS-BLUETOOTH,manual,from step splitting parser v1; prefill_v1:bluetooth_action,manual_only,tap,bluetooth_status_label,pending,pending,pending,pending
CCU-230915-1,CCU-230915-1-S2,CCU-230915,1,2,向上滑，完全關閉 APP Bug#1585,,expected_attached_to_first,unmapped,,,from step splitting parser v1,unmapped,tap,todo_alias,pending,pending,pending,pending
CCU-231071-1,CCU-231071-1-S1,CCU-231071,1,1,在 Settings 頁面,回應正常,expected_attached_to_first,unmapped,,,from step splitting parser v1,unmapped,tap,settings_button,pending,pending,pending,pending
CCU-231071-1,CCU-231071-1-S2,CCU-231071,1,2,在 RV 分類,,expected_attached_to_first,unmapped,,,from step splitting parser v1,unmapped,tap,todo_alias,pending,pending,pending,pending
CCU-231071-1,CCU-231071-1-S3,CCU-231071,1,3,點選 Speaker Volume,,expected_attached_to_first,unmapped,,,from step splitting parser v1,unmapped,tap,todo_alias,pending,pending,pending,pending
CCU-231071-1,CCU-231071-1-S4,CCU-231071,1,4,點選下方的 Test Volume (連續點擊五秒左右) Bug#1741,,expected_attached_to_first,unmapped,KW-ALIAS-CODE-LIKE-STEP,manual,from step splitting parser v1; prefill_v2:code_like_step,manual_only,tap,otp_field,pending,pending,pending,pending
CCU-231073-1,CCU-231073-1-S1,CCU-231073,1,1,"手機操作：ios 手機（已連上藍牙,設定好WiFi,藍牙門鎖）",顯示 Failed to load configuration 但要有重新掃描的功能或重新整理,expected_attached_to_first,unmapped,KW-ALIAS-BLUETOOTH,manual,from step splitting parser v1; prefill_v1:bluetooth_action,manual_only,tap,scan_button,pending,pending,pending,pending
CCU-231073-1,CCU-231073-1-S2,CCU-231073,1,2,使用 Remote 連線,,expected_attached_to_first,unmapped,,,from step splitting parser v1,unmapped,tap,todo_alias,pending,pending,pending,pending
CCU-231073-1,CCU-231073-1-S3,CCU-231073,1,3,點擊 Door Lock 右上角的齒輪 Bug#1762,,expected_attached_to_first,unmapped,KW-ALIAS-CLICK,manual,from step splitting parser v1; prefill_v1:ui_action_click,manual_only,tap,todo_alias,pending,pending,pending,pending
CCU-231074-1,CCU-231074-1-S1,CCU-231074,1,1,手機 ios （尚未配對過）,進入ＡＰＰ控是頁面,expected_attached_to_first,unmapped,,,from step splitting parser v1,unmapped,tap,todo_alias,pending,pending,pending,pending
CCU-231074-1,CCU-231074-1-S2,CCU-231074,1,2,點擊面板藍牙按鈕10次（每次間格,,expected_attached_to_first,unmapped,KW-ALIAS-CLICK,manual,from step splitting parser v1; prefill_v1:ui_action_click,manual_only,tap,bluetooth_status_label,pending,pending,pending,pending
CCU-231074-1,CCU-231074-1-S3,CCU-231074,1,3,5 秒）,,expected_attached_to_first,unmapped,,,from step splitting parser v1,unmapped,tap,todo_alias,pending,pending,pending,pending
CCU-231074-1,CCU-231074-1-S4,CCU-231074,1,4,APP 開啟,,expected_attached_to_first,unmapped,,,from step splitting parser v1,unmapped,tap,todo_alias,pending,pending,pending,pending
CCU-231074-1,CCU-231074-1-S5,CCU-231074,1,5,點擊廣播中的ＩＤ,,expected_attached_to_first,unmapped,KW-ALIAS-CLICK,manual,from step splitting parser v1; prefill_v1:ui_action_click,manual_only,tap,todo_alias,pending,pending,pending,pending
CCU-231074-1,CCU-231074-1-S6,CCU-231074,1,6,APP 出現30秒倒數,,expected_attached_to_first,unmapped,,,from step splitting parser v1,unmapped,tap,todo_alias,pending,pending,pending,pending
CCU-231074-1,CCU-231074-1-S7,CCU-231074,1,7,點擊面板藍牙按鈕兩下 一直按兩下直到進入控制頁面為止 Bug#1763,,expected_attached_to_first,unmapped,KW-ALIAS-CLICK,manual,from step splitting parser v1; prefill_v1:ui_action_click,manual_only,tap,bluetooth_status_label,pending,pending,pending,pending
CCU-231075-1,CCU-231075-1-S1,CCU-231075,1,1,手機操作（ＷＩＦＩ）,按鈕持續可使用,expected_attached_to_first,unmapped,,,from step splitting parser v1,unmapped,tap,todo_alias,pending,pending,pending,pending
CCU-231075-1,CCU-231075-1-S2,CCU-231075,1,2,點擊My RV頁面,,expected_attached_to_first,unmapped,KW-ALIAS-CLICK,manual,from step splitting parser v1; prefill_v1:ui_action_click,manual_only,tap,todo_alias,pending,pending,pending,pending
CCU-231075-1,CCU-231075-1-S3,CCU-231075,1,3,Controls分類,,expected_attached_to_first,unmapped,,,from step splitting parser v1,unmapped,tap,todo_alias,pending,pending,pending,pending
CCU-231075-1,CCU-231075-1-S4,CCU-231075,1,4,Door Lock門鎖（前提：藍牙模式配對門鎖成功）,,expected_attached_to_first,unmapped,KW-ALIAS-BLUETOOTH,manual,from step splitting parser v1; prefill_v1:bluetooth_action,manual_only,tap,bluetooth_status_label,pending,pending,pending,pending
CCU-231075-1,CCU-231075-1-S5,CCU-231075,1,5,點擊Door Lock開 關 來回20次 Bug#1764,,expected_attached_to_first,unmapped,KW-ALIAS-CLICK,manual,from step splitting parser v1; prefill_v1:ui_action_click,manual_only,tap,todo_alias,pending,pending,pending,pending
CCU-231076-1,CCU-231076-1-S1,CCU-231076,1,1,手機操作（藍牙已連接）,正常幾秒內ＬＣＤ Ａ快捷鍵顯示同步更改完畢,expected_attached_to_first,unmapped,KW-ALIAS-BLUETOOTH,manual,from step splitting parser v1; prefill_v1:bluetooth_action,manual_only,tap,bluetooth_status_label,pending,pending,pending,pending
CCU-231076-1,CCU-231076-1-S2,CCU-231076,1,2,APP 設定 Light1 名稱改為 Living Room Bug#1768,,expected_attached_to_first,unmapped,KW-ALIAS-DEVICE-STATE,manual,from step splitting parser v1; prefill_v2:device_state,manual_only,tap,settings_button,pending,pending,pending,pending
CCU-231077-1,CCU-231077-1-S1,CCU-231077,1,1,手機操作（藍牙已連接）,回答完整,expected_attached_to_first,unmapped,KW-ALIAS-BLUETOOTH,manual,from step splitting parser v1; prefill_v1:bluetooth_action,manual_only,tap,bluetooth_status_label,pending,pending,pending,pending
CCU-231077-1,CCU-231077-1-S2,CCU-231077,1,2,在 Settings 頁面,,expected_attached_to_first,unmapped,,,from step splitting parser v1,unmapped,tap,settings_button,pending,pending,pending,pending
CCU-231077-1,CCU-231077-1-S3,CCU-231077,1,3,點選 Power Pro Companion,,expected_attached_to_first,unmapped,,,from step splitting parser v1,unmapped,tap,todo_alias,pending,pending,pending,pending
CCU-231077-1,CCU-231077-1-S4,CCU-231077,1,4,點選 左下角麥克風語音輸入 What devices can I control with the Power Pro panel Bug#1769,,expected_attached_to_first,unmapped,KW-ALIAS-DEVICE-STATE,manual,from step splitting parser v1; prefill_v2:device_state,manual_only,input,todo_alias,pending,pending,pending,pending
CCU-231078-1,CCU-231078-1-S1,CCU-231078,1,1,手機操作 ( loacl 已連接，門鎖已配對 ) Android [同一面板],Android 與 iOS 門鎖在合理時間內同步[同一面板],expected_attached_to_first,unmapped,,,from step splitting parser v1,unmapped,tap,todo_alias,pending,pending,pending,pending
CCU-231078-1,CCU-231078-1-S2,CCU-231078,1,2,手機操作 ( Remote 已連接，門鎖已配對 ) iOS [同一面板],,expected_attached_to_first,unmapped,,,from step splitting parser v1,unmapped,tap,todo_alias,pending,pending,pending,pending
CCU-231078-1,CCU-231078-1-S3,CCU-231078,1,3,手機操作 ( Android ) 點擊門鎖按鈕 [同一面板] Bug#1770,,expected_attached_to_first,unmapped,,,from step splitting parser v1,unmapped,tap,todo_alias,pending,pending,pending,pending
CCU-231079-1,CCU-231079-1-S1,CCU-231079,1,1,手機 ( 已連接藍牙，已連結 WiFi ),Hey power pro ， Companion 啟動如 Hey power pro ， Turn on Light 1 順利,expected_attached_to_first,unmapped,KW-ALIAS-BLUETOOTH,manual,from step splitting parser v1; prefill_v1:bluetooth_action,manual_only,tap,wifi_status_label,pending,pending,pending,pending
CCU-231079-1,CCU-231079-1-S2,CCU-231079,1,2,"對面使用語音 Hey power pro , Companion Bug#1771",,expected_attached_to_first,unmapped,KW-ALIAS-DEVICE-STATE,manual,from step splitting parser v1; prefill_v2:device_state,manual_only,tap,todo_alias,pending,pending,pending,pending
CCU-231080-1,CCU-231080-1-S1,CCU-231080,1,1,在 My RV 頁面,Modes 中的 Reading Mode 有打勾,expected_attached_to_first,unmapped,,,from step splitting parser v1,unmapped,tap,todo_alias,pending,pending,pending,pending
CCU-231080-1,CCU-231080-1-S2,CCU-231080,1,2,在 Modes 點選 Reading Mode Bug#1776,,expected_attached_to_first,unmapped,,,from step splitting parser v1,unmapped,tap,todo_alias,pending,pending,pending,pending
CCU-231097-1,CCU-231097-1-S1,CCU-231097,1,1,手機 ( 藍牙已連接，已配對門鎖 ),藍牙鎖狀態必須在 APP、控制面板和實體門鎖同步,expected_attached_to_first,unmapped,KW-ALIAS-BLUETOOTH,manual,from step splitting parser v1; prefill_v1:bluetooth_action,manual_only,tap,bluetooth_status_label,pending,pending,pending,pending
CCU-231097-1,CCU-231097-1-S2,CCU-231097,1,2,APP 控制門鎖開關,,expected_attached_to_first,unmapped,,,from step splitting parser v1,unmapped,tap,todo_alias,pending,pending,pending,pending
CCU-231097-1,CCU-231097-1-S3,CCU-231097,1,3,面板控制門鎖開關 Bug#1455,,expected_attached_to_first,unmapped,,,from step splitting parser v1,unmapped,tap,todo_alias,pending,pending,pending,pending
CCU-231153-1,CCU-231153-1-S1,CCU-231153,1,1,在 My RV 頁面,bedroom 燈亮,expected_attached_to_first,unmapped,,,from step splitting parser v1,unmapped,tap,todo_alias,pending,pending,pending,pending
CCU-231153-1,CCU-231153-1-S2,CCU-231153,1,2,在 Controls 分類點擊右邊三個點點,,expected_attached_to_first,unmapped,,,from step splitting parser v1,unmapped,tap,todo_alias,pending,pending,pending,pending
CCU-231153-1,CCU-231153-1-S3,CCU-231153,1,3,點選 Light 1 改名為 Bedroom,,expected_attached_to_first,unmapped,KW-ALIAS-DEVICE-STATE,manual,from step splitting parser v1; prefill_v2:device_state,manual_only,tap,todo_alias,pending,pending,pending,pending
CCU-231153-1,CCU-231153-1-S4,CCU-231153,1,4,使用語音 bedroom light on Bug#1815,,expected_attached_to_first,unmapped,KW-ALIAS-DEVICE-STATE,manual,from step splitting parser v1; prefill_v2:device_state,manual_only,tap,todo_alias,pending,pending,pending,pending
CCU-231654-1,CCU-231654-1-S1,CCU-231654,1,1,面板開機完成,WiFi 可以連線,expected_attached_to_first,unmapped,,,from step splitting parser v1,unmapped,tap,wifi_status_label,pending,pending,pending,pending
CCU-231654-1,CCU-231654-1-S2,CCU-231654,1,2,手機 ( 藍牙已連線 ),,expected_attached_to_first,unmapped,KW-ALIAS-BLUETOOTH,manual,from step splitting parser v1; prefill_v1:bluetooth_action,manual_only,tap,bluetooth_status_label,pending,pending,pending,pending
CCU-231654-1,CCU-231654-1-S3,CCU-231654,1,3,在 Settings 頁面,,expected_attached_to_first,unmapped,,,from step splitting parser v1,unmapped,tap,settings_button,pending,pending,pending,pending
CCU-231654-1,CCU-231654-1-S4,CCU-231654,1,4,RV 分類點擊 Wi-Fi Control,,expected_attached_to_first,unmapped,KW-ALIAS-WIFI,manual,from step splitting parser v1; prefill_v1:wifi_action,manual_only,tap,wifi_status_label,pending,pending,pending,pending
CCU-231654-1,CCU-231654-1-S5,CCU-231654,1,5,設定 WiFi ( 密碼故意輸入錯誤 ) Bug#1839,,expected_attached_to_first,unmapped,KW-ALIAS-SET,manual,from step splitting parser v1; prefill_v1:set_or_select,manual_only,input,password_field,pending,pending,pending,pending
CCU-231656-1,CCU-231656-1-S1,CCU-231656,1,1,面板開機完成,DSi 在合理時間啟動及顯示,expected_attached_to_first,unmapped,,,from step splitting parser v1,unmapped,tap,success_message,pending,pending,pending,pending
CCU-231656-1,CCU-231656-1-S2,CCU-231656,1,2,手機 ( 藍牙已連線，WiFi已配對 ),,expected_attached_to_first,unmapped,KW-ALIAS-BLUETOOTH,manual,from step splitting parser v1; prefill_v1:bluetooth_action,manual_only,tap,wifi_status_label,pending,pending,pending,pending
CCU-231656-1,CCU-231656-1-S3,CCU-231656,1,3,點擊面板 GAS ( 開啟 ),,expected_attached_to_first,unmapped,KW-ALIAS-CLICK,manual,from step splitting parser v1; prefill_v1:ui_action_click,manual_only,tap,todo_alias,pending,pending,pending,pending
CCU-231656-1,CCU-231656-1-S4,CCU-231656,1,4,短路 DSi ( 實體線路操作 ) Bug#1838,,expected_attached_to_first,unmapped,KW-ALIAS-DEVICE-WIRING,manual,from step splitting parser v1; prefill_v2:device_wiring,manual_only,tap,todo_alias,pending,pending,pending,pending
